run_id,round,sample_index,wall_time_utc,monotonic_ns,scope,rss_kib,peak_rss_kib,source,notes
b3-soak-20260921T124212Z-03f43125,0,0,2026-09-21T12:42:16.462721+00:00,11079300749200,planner_process,322736.0,323908.0,psutil,
b3-soak-20260921T124212Z-03f43125,0,1,2026-09-21T12:42:17.470347+00:00,11080307668700,planner_process,319408.0,324108.0,psutil,
b3-soak-20260921T124212Z-03f43125,0,2,2026-09-21T12:42:18.476650+00:00,11081314533200,planner_process,322932.0,324112.0,psutil,
b3-soak-20260921T124212Z-03f43125,0,3,2026-09-21T12:42:19.493342+00:00,11082331471100,planner_process,323056.0,324236.0,psutil,
b3-soak-20260921T124212Z-03f43125,0,4,2026-09-21T12:42:20.501094+00:00,11083338703700,planner_process,323068.0,324248.0,psutil,
b3-soak-20260921T124212Z-03f43125,0,5,2026-09-21T12:42:21.506336+00:00,11084343673600,planner_process,323080.0,324260.0,psutil,
b3-soak-20260921T124212Z-03f43125,0,6,2026-09-21T12:42:22.521227+00:00,11085359032800,planner_process,323096.0,324276.0,psutil,
b3-soak-20260921T124212Z-03f43125,0,7,2026-09-21T12:42:23.529882+00:00,11086367332700,planner_process,323108.0,324288.0,psutil,
b3-soak-20260921T124212Z-03f43125,0,8,2026-09-21T12:42:24.543469+00:00,11087380823000,planner_process,323120.0,324300.0,psutil,
b3-soak-20260921T124212Z-03f43125,0,9,2026-09-21T12:42:25.553589+00:00,11088390922700,planner_process,323128.0,324308.0,psutil,
b3-soak-20260921T124212Z-03f43125,0,10,2026-09-21T12:42:26.562471+00:00,11089399783500,planner_process,323136.0,324316.0,psutil,
b3-soak-20260921T124212Z-03f43125,0,11,2026-09-21T12:42:27.571353+00:00,11090408726000,planner_process,323140.0,324320.0,psutil,
b3-soak-20260921T124212Z-03f43125,0,12,2026-09-21T12:42:28.580476+00:00,11091417820200,planner_process,323156.0,324336.0,psutil,
b3-soak-20260921T124212Z-03f43125,0,13,2026-09-21T12:42:29.592429+00:00,11092430438400,planner_process,323168.0,324348.0,psutil,
b3-soak-20260921T124212Z-03f43125,0,14,2026-09-21T12:42:30.601084+00:00,11093438445400,planner_process,323176.0,324356.0,psutil,
b3-soak-20260921T124212Z-03f43125,0,15,2026-09-21T12:42:31.615877+00:00,11094453394400,planner_process,319672.0,324372.0,psutil,
b3-soak-20260921T124212Z-03f43125,0,16,2026-09-21T12:42:32.633025+00:00,11095470492300,planner_process,323200.0,324380.0,psutil,
b3-soak-20260921T124212Z-03f43125,0,17,2026-09-21T12:42:33.642394+00:00,11096480208200,planner_process,323208.0,324388.0,psutil,
b3-soak-20260921T124212Z-03f43125,0,18,2026-09-21T12:42:34.649334+00:00,11097487404400,planner_process,323212.0,324392.0,psutil,
b3-soak-20260921T124212Z-03f43125,0,19,2026-09-21T12:42:35.658462+00:00,11098496545400,planner_process,323228.0,324408.0,psutil,
b3-soak-20260921T124212Z-03f43125,0,20,2026-09-21T12:42:36.664485+00:00,11099501942800,planner_process,323240.0,324420.0,psutil,
b3-soak-20260921T124212Z-03f43125,0,21,2026-09-21T12:42:37.669101+00:00,11100506430900,planner_process,323244.0,324424.0,psutil,
b3-soak-20260921T124212Z-03f43125,0,22,2026-09-21T12:42:38.684446+00:00,11101521858400,planner_process,323256.0,324436.0,psutil,
b3-soak-20260921T124212Z-03f43125,0,23,2026-09-21T12:42:39.685099+00:00,11102522412300,planner_process,323264.0,324444.0,psutil,
b3-soak-20260921T124212Z-03f43125,0,24,2026-09-21T12:42:40.691447+00:00,11103528972300,planner_process,319768.0,324468.0,psutil,
b3-soak-20260921T124212Z-03f43125,0,25,2026-09-21T12:42:41.691603+00:00,11104529273700,planner_process,323292.0,324472.0,psutil,
b3-soak-20260921T124212Z-03f43125,0,26,2026-09-21T12:42:42.698996+00:00,11105536381800,planner_process,323300.0,324480.0,psutil,
b3-soak-20260921T124212Z-03f43125,0,27,2026-09-21T12:42:43.704497+00:00,11106542351800,planner_process,323312.0,324492.0,psutil,
b3-soak-20260921T124212Z-03f43125,0,28,2026-09-21T12:42:44.711618+00:00,11107549900800,planner_process,323320.0,324500.0,psutil,
b3-soak-20260921T124212Z-03f43125,0,29,2026-09-21T12:42:45.723418+00:00,11108561167400,planner_process,323332.0,324512.0,psutil,
b3-soak-20260921T124212Z-03f43125,0,30,2026-09-21T12:42:46.723872+00:00,11109561504900,planner_process,319836.0,324536.0,psutil,
b3-soak-20260921T124212Z-03f43125,0,31,2026-09-21T12:42:47.726266+00:00,11110563605100,planner_process,323364.0,324544.0,psutil,
b3-soak-20260921T124212Z-03f43125,0,32,2026-09-21T12:42:48.733416+00:00,11111571251100,planner_process,323364.0,324544.0,psutil,
b3-soak-20260921T124212Z-03f43125,0,33,2026-09-21T12:42:49.734562+00:00,11112572010300,planner_process,323372.0,324552.0,psutil,
b3-soak-20260921T124212Z-03f43125,0,34,2026-09-21T12:42:50.740350+00:00,11113578161500,planner_process,319856.0,324556.0,psutil,
b3-soak-20260921T124212Z-03f43125,0,35,2026-09-21T12:42:51.751318+00:00,11114588715800,planner_process,323380.0,324560.0,psutil,
b3-soak-20260921T124212Z-03f43125,0,36,2026-09-21T12:42:52.758590+00:00,11115596532700,planner_process,319864.0,324564.0,psutil,
b3-soak-20260921T124212Z-03f43125,0,37,2026-09-21T12:42:53.763693+00:00,11116601037900,planner_process,319868.0,324568.0,psutil,
b3-soak-20260921T124212Z-03f43125,0,38,2026-09-21T12:42:54.765339+00:00,11117602745100,planner_process,323396.0,324576.0,psutil,
b3-soak-20260921T124212Z-03f43125,0,39,2026-09-21T12:42:55.766856+00:00,11118604167300,planner_process,323400.0,324580.0,psutil,
b3-soak-20260921T124212Z-03f43125,0,40,2026-09-21T12:42:56.767284+00:00,11119604605500,planner_process,323404.0,324584.0,psutil,
b3-soak-20260921T124212Z-03f43125,0,41,2026-09-21T12:42:57.781282+00:00,11120618610800,planner_process,323404.0,324584.0,psutil,
b3-soak-20260921T124212Z-03f43125,0,42,2026-09-21T12:42:58.784895+00:00,11121622330300,planner_process,323412.0,324592.0,psutil,
b3-soak-20260921T124212Z-03f43125,0,43,2026-09-21T12:42:59.799569+00:00,11122637550500,planner_process,323416.0,324596.0,psutil,
b3-soak-20260921T124212Z-03f43125,0,44,2026-09-21T12:43:00.804393+00:00,11123641789900,planner_process,323424.0,324604.0,psutil,
b3-soak-20260921T124212Z-03f43125,0,45,2026-09-21T12:43:01.810335+00:00,11124647867100,planner_process,323424.0,324604.0,psutil,
b3-soak-20260921T124212Z-03f43125,0,46,2026-09-21T12:43:02.816690+00:00,11125654036400,planner_process,323428.0,324608.0,psutil,
b3-soak-20260921T124212Z-03f43125,0,47,2026-09-21T12:43:03.827177+00:00,11126664708900,planner_process,323432.0,324612.0,psutil,
b3-soak-20260921T124212Z-03f43125,0,48,2026-09-21T12:43:04.840213+00:00,11127677765700,planner_process,323432.0,324612.0,psutil,
b3-soak-20260921T124212Z-03f43125,0,49,2026-09-21T12:43:05.842459+00:00,11128680054100,planner_process,323440.0,324620.0,psutil,
b3-soak-20260921T124212Z-03f43125,0,50,2026-09-21T12:43:06.843541+00:00,11129680908400,planner_process,323444.0,324624.0,psutil,
b3-soak-20260921T124212Z-03f43125,0,51,2026-09-21T12:43:07.859708+00:00,11130697572400,planner_process,323448.0,324628.0,psutil,
b3-soak-20260921T124212Z-03f43125,0,52,2026-09-21T12:43:08.862319+00:00,11131700058800,planner_process,323448.0,324628.0,psutil,
b3-soak-20260921T124212Z-03f43125,0,53,2026-09-21T12:43:09.877174+00:00,11132715131000,planner_process,319932.0,324632.0,psutil,
b3-soak-20260921T124212Z-03f43125,0,54,2026-09-21T12:43:10.888464+00:00,11133725775600,planner_process,323456.0,324636.0,psutil,
b3-soak-20260921T124212Z-03f43125,0,55,2026-09-21T12:43:11.890328+00:00,11134727657700,planner_process,323460.0,324640.0,psutil,
b3-soak-20260921T124212Z-03f43125,0,56,2026-09-21T12:43:12.902188+00:00,11135739544200,planner_process,323408.0,324640.0,psutil,
b3-soak-20260921T124212Z-03f43125,0,57,2026-09-21T12:43:13.914369+00:00,11136751731300,planner_process,323408.0,324640.0,psutil,
b3-soak-20260921T124212Z-03f43125,0,58,2026-09-21T12:43:14.918243+00:00,11137755573700,planner_process,319896.0,324640.0,psutil,
b3-soak-20260921T124212Z-03f43125,0,59,2026-09-21T12:43:15.931469+00:00,11138768861200,planner_process,323420.0,324640.0,psutil,
b3-soak-20260921T124212Z-03f43125,0,60,2026-09-21T12:43:16.932653+00:00,11139770434300,planner_process,323424.0,324640.0,psutil,
b3-soak-20260921T124212Z-03f43125,0,61,2026-09-21T12:43:17.947861+00:00,11140785213500,planner_process,323436.0,324640.0,psutil,
b3-soak-20260921T124212Z-03f43125,0,62,2026-09-21T12:43:18.955048+00:00,11141793308200,planner_process,323436.0,324640.0,psutil,
b3-soak-20260921T124212Z-03f43125,0,63,2026-09-21T12:43:19.971700+00:00,11142809350900,planner_process,319920.0,324640.0,psutil,
b3-soak-20260921T124212Z-03f43125,0,64,2026-09-21T12:43:20.973057+00:00,11143810908400,planner_process,323444.0,324640.0,psutil,
b3-soak-20260921T124212Z-03f43125,0,65,2026-09-21T12:43:21.973567+00:00,11144811052900,planner_process,319928.0,324640.0,psutil,
b3-soak-20260921T124212Z-03f43125,0,66,2026-09-21T12:43:22.974663+00:00,11145812027600,planner_process,323448.0,324640.0,psutil,
b3-soak-20260921T124212Z-03f43125,0,67,2026-09-21T12:43:23.989519+00:00,11146827700800,planner_process,323452.0,324640.0,psutil,
b3-soak-20260921T124212Z-03f43125,0,68,2026-09-21T12:43:24.997718+00:00,11147835050400,planner_process,323452.0,324640.0,psutil,
b3-soak-20260921T124212Z-03f43125,0,69,2026-09-21T12:43:26.012821+00:00,11148850182500,planner_process,323464.0,324644.0,psutil,
b3-soak-20260921T124212Z-03f43125,0,70,2026-09-21T12:43:27.016351+00:00,11149854556700,planner_process,323468.0,324648.0,psutil,
b3-soak-20260921T124212Z-03f43125,0,71,2026-09-21T12:43:28.019322+00:00,11150856669100,planner_process,323468.0,324648.0,psutil,
b3-soak-20260921T124212Z-03f43125,0,72,2026-09-21T12:43:29.022103+00:00,11151859429300,planner_process,323532.0,324712.0,psutil,
b3-soak-20260921T124212Z-03f43125,0,73,2026-09-21T12:43:30.036568+00:00,11152873893100,planner_process,323532.0,324712.0,psutil,
b3-soak-20260921T124212Z-03f43125,0,74,2026-09-21T12:43:31.046223+00:00,11153883738600,planner_process,323536.0,324716.0,psutil,
b3-soak-20260921T124212Z-03f43125,0,75,2026-09-21T12:43:32.047650+00:00,11154884989200,planner_process,323536.0,324716.0,psutil,
b3-soak-20260921T124212Z-03f43125,0,76,2026-09-21T12:43:33.049730+00:00,11155887189500,planner_process,323536.0,324716.0,psutil,
b3-soak-20260921T124212Z-03f43125,0,77,2026-09-21T12:43:34.056110+00:00,11156893529500,planner_process,323536.0,324716.0,psutil,
b3-soak-20260921T124212Z-03f43125,0,78,2026-09-21T12:43:35.072576+00:00,11157910445400,planner_process,323544.0,324724.0,psutil,
b3-soak-20260921T124212Z-03f43125,0,79,2026-09-21T12:43:36.075563+00:00,11158912874400,planner_process,323544.0,324724.0,psutil,
b3-soak-20260921T124212Z-03f43125,0,80,2026-09-21T12:43:37.082231+00:00,11159919548800,planner_process,323544.0,324724.0,psutil,
b3-soak-20260921T124212Z-03f43125,0,81,2026-09-21T12:43:38.083545+00:00,11160920874500,planner_process,323544.0,324724.0,psutil,
b3-soak-20260921T124212Z-03f43125,0,82,2026-09-21T12:43:39.088603+00:00,11161925937100,planner_process,323544.0,324724.0,psutil,
b3-soak-20260921T124212Z-03f43125,0,83,2026-09-21T12:43:40.095363+00:00,11162932925000,planner_process,323544.0,324724.0,psutil,
b3-soak-20260921T124212Z-03f43125,0,84,2026-09-21T12:43:41.109652+00:00,11163947044800,planner_process,323544.0,324724.0,psutil,
b3-soak-20260921T124212Z-03f43125,0,85,2026-09-21T12:43:42.120674+00:00,11164958279900,planner_process,323544.0,324724.0,psutil,
b3-soak-20260921T124212Z-03f43125,0,86,2026-09-21T12:43:43.134765+00:00,11165972140000,planner_process,323552.0,324732.0,psutil,
b3-soak-20260921T124212Z-03f43125,0,87,2026-09-21T12:43:44.149601+00:00,11166986934000,planner_process,323616.0,324796.0,psutil,
b3-soak-20260921T124212Z-03f43125,0,88,2026-09-21T12:43:45.151180+00:00,11167988692100,planner_process,323620.0,324800.0,psutil,
b3-soak-20260921T124212Z-03f43125,0,89,2026-09-21T12:43:46.157714+00:00,11168995311900,planner_process,323620.0,324800.0,psutil,
b3-soak-20260921T124212Z-03f43125,0,90,2026-09-21T12:43:47.161030+00:00,11169999038400,planner_process,323624.0,324804.0,psutil,
b3-soak-20260921T124212Z-03f43125,0,91,2026-09-21T12:43:48.164708+00:00,11171002032100,planner_process,323628.0,324808.0,psutil,
b3-soak-20260921T124212Z-03f43125,0,92,2026-09-21T12:43:49.172243+00:00,11172009646000,planner_process,323628.0,324808.0,psutil,
b3-soak-20260921T124212Z-03f43125,0,93,2026-09-21T12:43:50.176801+00:00,11173014170900,planner_process,323632.0,324812.0,psutil,
b3-soak-20260921T124212Z-03f43125,0,94,2026-09-21T12:43:51.178000+00:00,11174015326300,planner_process,323636.0,324816.0,psutil,
b3-soak-20260921T124212Z-03f43125,0,95,2026-09-21T12:43:52.181583+00:00,11175018899800,planner_process,323644.0,324824.0,psutil,
b3-soak-20260921T124212Z-03f43125,0,96,2026-09-21T12:43:53.187716+00:00,11176025077500,planner_process,323644.0,324824.0,psutil,
b3-soak-20260921T124212Z-03f43125,0,97,2026-09-21T12:43:54.201823+00:00,11177039206900,planner_process,323648.0,324828.0,psutil,
b3-soak-20260921T124212Z-03f43125,0,98,2026-09-21T12:43:55.206439+00:00,11178043753000,planner_process,323648.0,324828.0,psutil,
b3-soak-20260921T124212Z-03f43125,0,99,2026-09-21T12:43:56.213920+00:00,11179051636000,planner_process,323652.0,324832.0,psutil,
b3-soak-20260921T124212Z-03f43125,0,100,2026-09-21T12:43:57.224213+00:00,11180061948100,planner_process,323656.0,324836.0,psutil,
b3-soak-20260921T124212Z-03f43125,0,101,2026-09-21T12:43:58.224604+00:00,11181062278300,planner_process,323660.0,324840.0,psutil,
b3-soak-20260921T124212Z-03f43125,0,102,2026-09-21T12:43:59.228187+00:00,11182065503500,planner_process,323668.0,324848.0,psutil,
b3-soak-20260921T124212Z-03f43125,0,103,2026-09-21T12:44:00.234705+00:00,11183072188400,planner_process,323668.0,324848.0,psutil,
b3-soak-20260921T124212Z-03f43125,0,104,2026-09-21T12:44:01.238372+00:00,11184075813400,planner_process,323672.0,324852.0,psutil,
b3-soak-20260921T124212Z-03f43125,0,105,2026-09-21T12:44:02.240147+00:00,11185077506700,planner_process,323672.0,324852.0,psutil,
b3-soak-20260921T124212Z-03f43125,0,106,2026-09-21T12:44:03.243974+00:00,11186081288600,planner_process,323676.0,324856.0,psutil,
b3-soak-20260921T124212Z-03f43125,0,107,2026-09-21T12:44:04.246317+00:00,11187083633100,planner_process,323676.0,324856.0,psutil,
b3-soak-20260921T124212Z-03f43125,0,108,2026-09-21T12:44:05.248660+00:00,11188085992800,planner_process,323680.0,324860.0,psutil,
b3-soak-20260921T124212Z-03f43125,0,109,2026-09-21T12:44:06.250389+00:00,11189088429800,planner_process,320164.0,324864.0,psutil,
b3-soak-20260921T124212Z-03f43125,0,110,2026-09-21T12:44:07.256533+00:00,11190093853100,planner_process,323684.0,324864.0,psutil,
b3-soak-20260921T124212Z-03f43125,0,111,2026-09-21T12:44:08.268734+00:00,11191106059600,planner_process,323688.0,324868.0,psutil,
b3-soak-20260921T124212Z-03f43125,0,112,2026-09-21T12:44:09.281324+00:00,11192118781300,planner_process,323688.0,324868.0,psutil,
b3-soak-20260921T124212Z-03f43125,0,113,2026-09-21T12:44:10.287386+00:00,11193124744400,planner_process,323692.0,324872.0,psutil,
b3-soak-20260921T124212Z-03f43125,0,114,2026-09-21T12:44:11.296166+00:00,11194133517500,planner_process,323696.0,324876.0,psutil,
b3-soak-20260921T124212Z-03f43125,0,115,2026-09-21T12:44:12.311260+00:00,11195148744100,planner_process,323700.0,324880.0,psutil,
b3-soak-20260921T124212Z-03f43125,0,116,2026-09-21T12:44:13.318053+00:00,11196155401800,planner_process,323700.0,324880.0,psutil,
b3-soak-20260921T124212Z-03f43125,0,117,2026-09-21T12:44:14.329796+00:00,11197167422400,planner_process,323708.0,324888.0,psutil,
b3-soak-20260921T124212Z-03f43125,0,118,2026-09-21T12:44:15.336750+00:00,11198174128700,planner_process,323700.0,324888.0,psutil,
b3-soak-20260921T124212Z-03f43125,0,119,2026-09-21T12:44:16.354210+00:00,11199191838500,planner_process,323704.0,324888.0,psutil,
b3-soak-20260921T124212Z-03f43125,0,120,2026-09-21T12:44:17.357530+00:00,11200195709100,planner_process,323712.0,324892.0,psutil,
b3-soak-20260921T124212Z-03f43125,0,121,2026-09-21T12:44:18.374839+00:00,11201212749600,planner_process,323712.0,324892.0,psutil,
b3-soak-20260921T124212Z-03f43125,0,122,2026-09-21T12:44:19.380092+00:00,11202217444900,planner_process,323716.0,324896.0,psutil,
b3-soak-20260921T124212Z-03f43125,0,123,2026-09-21T12:44:20.388494+00:00,11203225821600,planner_process,323716.0,324896.0,psutil,
b3-soak-20260921T124212Z-03f43125,0,124,2026-09-21T12:44:21.401112+00:00,11204239367300,planner_process,323724.0,324904.0,psutil,
b3-soak-20260921T124212Z-03f43125,0,125,2026-09-21T12:44:22.414662+00:00,11205252039900,planner_process,323728.0,324908.0,psutil,
b3-soak-20260921T124212Z-03f43125,0,126,2026-09-21T12:44:23.430798+00:00,11206268921300,planner_process,323728.0,324908.0,psutil,
b3-soak-20260921T124212Z-03f43125,0,127,2026-09-21T12:44:24.441588+00:00,11207279110600,planner_process,323732.0,324912.0,psutil,
b3-soak-20260921T124212Z-03f43125,0,128,2026-09-21T12:44:25.444709+00:00,11208282061900,planner_process,323732.0,324912.0,psutil,
b3-soak-20260921T124212Z-03f43125,0,129,2026-09-21T12:44:26.454524+00:00,11209291925100,planner_process,323748.0,324928.0,psutil,
b3-soak-20260921T124212Z-03f43125,0,130,2026-09-21T12:44:27.455944+00:00,11210293285300,planner_process,323752.0,324932.0,psutil,
b3-soak-20260921T124212Z-03f43125,0,131,2026-09-21T12:44:28.462668+00:00,11211300032600,planner_process,323756.0,324936.0,psutil,
b3-soak-20260921T124212Z-03f43125,0,132,2026-09-21T12:44:29.470131+00:00,11212308223800,planner_process,323760.0,324940.0,psutil,
b3-soak-20260921T124212Z-03f43125,0,133,2026-09-21T12:44:30.479263+00:00,11213316909400,planner_process,323760.0,324940.0,psutil,
b3-soak-20260921T124212Z-03f43125,0,134,2026-09-21T12:44:31.489036+00:00,11214326431600,planner_process,323768.0,324948.0,psutil,
b3-soak-20260921T124212Z-03f43125,0,135,2026-09-21T12:44:32.494458+00:00,11215331793300,planner_process,323768.0,324948.0,psutil,
b3-soak-20260921T124212Z-03f43125,0,136,2026-09-21T12:44:33.505884+00:00,11216343285900,planner_process,323772.0,324952.0,psutil,
b3-soak-20260921T124212Z-03f43125,0,137,2026-09-21T12:44:34.517286+00:00,11217354800600,planner_process,323772.0,324952.0,psutil,
b3-soak-20260921T124212Z-03f43125,0,138,2026-09-21T12:44:35.527768+00:00,11218365134200,planner_process,323776.0,324956.0,psutil,
b3-soak-20260921T124212Z-03f43125,0,139,2026-09-21T12:44:36.536877+00:00,11219374314200,planner_process,323784.0,324964.0,psutil,
b3-soak-20260921T124212Z-03f43125,0,140,2026-09-21T12:44:37.540525+00:00,11220377867500,planner_process,323804.0,324984.0,psutil,
b3-soak-20260921T124212Z-03f43125,0,141,2026-09-21T12:44:38.546009+00:00,11221383814600,planner_process,323808.0,324988.0,psutil,
b3-soak-20260921T124212Z-03f43125,0,142,2026-09-21T12:44:39.553577+00:00,11222391263800,planner_process,323812.0,324992.0,psutil,
b3-soak-20260921T124212Z-03f43125,0,143,2026-09-21T12:44:40.557641+00:00,11223394991400,planner_process,323812.0,324992.0,psutil,
b3-soak-20260921T124212Z-03f43125,0,144,2026-09-21T12:44:41.562800+00:00,11224400116100,planner_process,323820.0,325000.0,psutil,
b3-soak-20260921T124212Z-03f43125,0,145,2026-09-21T12:44:42.565095+00:00,11225402541500,planner_process,323824.0,325004.0,psutil,
b3-soak-20260921T124212Z-03f43125,0,146,2026-09-21T12:44:43.571591+00:00,11226408989400,planner_process,323824.0,325004.0,psutil,
b3-soak-20260921T124212Z-03f43125,0,147,2026-09-21T12:44:44.578533+00:00,11227416457100,planner_process,323828.0,325008.0,psutil,
b3-soak-20260921T124212Z-03f43125,0,148,2026-09-21T12:44:45.592978+00:00,11228430330400,planner_process,323828.0,325008.0,psutil,
b3-soak-20260921T124212Z-03f43125,0,149,2026-09-21T12:44:46.597533+00:00,11229435264100,planner_process,323836.0,325016.0,psutil,
b3-soak-20260921T124212Z-03f43125,0,150,2026-09-21T12:44:47.600727+00:00,11230438081400,planner_process,323836.0,325016.0,psutil,
b3-soak-20260921T124212Z-03f43125,0,151,2026-09-21T12:44:48.618708+00:00,11231456601600,planner_process,323840.0,325020.0,psutil,
b3-soak-20260921T124212Z-03f43125,0,152,2026-09-21T12:44:49.631074+00:00,11232468452500,planner_process,323844.0,325024.0,psutil,
b3-soak-20260921T124212Z-03f43125,0,153,2026-09-21T12:44:50.639150+00:00,11233476602000,planner_process,323844.0,325024.0,psutil,
b3-soak-20260921T124212Z-03f43125,0,154,2026-09-21T12:44:51.643009+00:00,11234480365300,planner_process,323852.0,325032.0,psutil,
b3-soak-20260921T124212Z-03f43125,0,155,2026-09-21T12:44:52.646069+00:00,11235483406000,planner_process,323852.0,325032.0,psutil,
b3-soak-20260921T124212Z-03f43125,0,156,2026-09-21T12:44:53.663424+00:00,11236501325700,planner_process,323856.0,325036.0,psutil,
b3-soak-20260921T124212Z-03f43125,0,157,2026-09-21T12:44:54.675207+00:00,11237512612400,planner_process,323856.0,325036.0,psutil,
b3-soak-20260921T124212Z-03f43125,0,158,2026-09-21T12:44:55.676522+00:00,11238514276200,planner_process,323872.0,325052.0,psutil,
b3-soak-20260921T124212Z-03f43125,0,159,2026-09-21T12:44:56.680247+00:00,11239518174000,planner_process,323888.0,325068.0,psutil,
b3-soak-20260921T124212Z-03f43125,0,160,2026-09-21T12:44:57.686388+00:00,11240523826100,planner_process,323888.0,325068.0,psutil,
b3-soak-20260921T124212Z-03f43125,0,161,2026-09-21T12:44:58.690245+00:00,11241527640900,planner_process,323892.0,325072.0,psutil,
b3-soak-20260921T124212Z-03f43125,0,162,2026-09-21T12:44:59.704588+00:00,11242541971500,planner_process,323892.0,325072.0,psutil,
b3-soak-20260921T124212Z-03f43125,0,163,2026-09-21T12:45:00.707006+00:00,11243544361800,planner_process,320376.0,325076.0,psutil,
b3-soak-20260921T124212Z-03f43125,0,164,2026-09-21T12:45:01.711296+00:00,11244548795900,planner_process,323900.0,325080.0,psutil,
b3-soak-20260921T124212Z-03f43125,0,165,2026-09-21T12:45:02.722154+00:00,11245560170000,planner_process,323904.0,325084.0,psutil,
b3-soak-20260921T124212Z-03f43125,0,166,2026-09-21T12:45:03.731297+00:00,11246568711400,planner_process,323904.0,325084.0,psutil,
b3-soak-20260921T124212Z-03f43125,0,167,2026-09-21T12:45:04.737991+00:00,11247575949000,planner_process,323912.0,325092.0,psutil,
b3-soak-20260921T124212Z-03f43125,0,168,2026-09-21T12:45:05.744433+00:00,11248581808300,planner_process,323916.0,325096.0,psutil,
b3-soak-20260921T124212Z-03f43125,0,169,2026-09-21T12:45:06.753037+00:00,11249591316800,planner_process,323920.0,325100.0,psutil,
b3-soak-20260921T124212Z-03f43125,0,170,2026-09-21T12:45:07.755239+00:00,11250592598600,planner_process,323928.0,325108.0,psutil,
b3-soak-20260921T124212Z-03f43125,0,171,2026-09-21T12:45:08.762095+00:00,11251599463600,planner_process,323928.0,325108.0,psutil,
b3-soak-20260921T124212Z-03f43125,0,172,2026-09-21T12:45:09.765430+00:00,11252603105700,planner_process,323928.0,325108.0,psutil,
b3-soak-20260921T124212Z-03f43125,0,173,2026-09-21T12:45:10.766483+00:00,11253603824700,planner_process,323928.0,325108.0,psutil,
b3-soak-20260921T124212Z-03f43125,0,174,2026-09-21T12:45:11.773300+00:00,11254611006200,planner_process,323932.0,325112.0,psutil,
b3-soak-20260921T124212Z-03f43125,0,175,2026-09-21T12:45:12.773654+00:00,11255611689800,planner_process,323936.0,325116.0,psutil,
b3-soak-20260921T124212Z-03f43125,0,176,2026-09-21T12:45:13.788337+00:00,11256625676300,planner_process,320416.0,325116.0,psutil,
b3-soak-20260921T124212Z-03f43125,0,177,2026-09-21T12:45:14.795933+00:00,11257633226100,planner_process,323956.0,325136.0,psutil,
b3-soak-20260921T124212Z-03f43125,0,178,2026-09-21T12:45:15.805771+00:00,11258643667200,planner_process,323968.0,325148.0,psutil,
b3-soak-20260921T124212Z-03f43125,0,179,2026-09-21T12:45:16.810415+00:00,11259647986200,planner_process,323968.0,325148.0,psutil,
b3-soak-20260921T124212Z-03f43125,0,180,2026-09-21T12:45:17.816798+00:00,11260654143400,planner_process,323968.0,325148.0,psutil,
b3-soak-20260921T124212Z-03f43125,0,181,2026-09-21T12:45:18.826704+00:00,11261664610100,planner_process,323968.0,325148.0,psutil,
b3-soak-20260921T124212Z-03f43125,0,182,2026-09-21T12:45:19.830617+00:00,11262668069900,planner_process,323968.0,325148.0,psutil,
b3-soak-20260921T124212Z-03f43125,0,183,2026-09-21T12:45:20.832171+00:00,11263669515700,planner_process,323968.0,325148.0,psutil,
b3-soak-20260921T124212Z-03f43125,0,184,2026-09-21T12:45:21.834924+00:00,11264672252600,planner_process,323968.0,325148.0,psutil,
b3-soak-20260921T124212Z-03f43125,0,185,2026-09-21T12:45:22.839212+00:00,11265677496200,planner_process,323968.0,325148.0,psutil,
b3-soak-20260921T124212Z-03f43125,0,186,2026-09-21T12:45:23.855027+00:00,11266692625300,planner_process,323968.0,325148.0,psutil,
b3-soak-20260921T124212Z-03f43125,0,187,2026-09-21T12:45:24.859074+00:00,11267696490400,planner_process,323972.0,325152.0,psutil,
b3-soak-20260921T124212Z-03f43125,0,188,2026-09-21T12:45:25.863329+00:00,11268701017200,planner_process,323972.0,325152.0,psutil,
b3-soak-20260921T124212Z-03f43125,0,189,2026-09-21T12:45:26.875409+00:00,11269713252300,planner_process,323972.0,325152.0,psutil,
b3-soak-20260921T124212Z-03f43125,0,190,2026-09-21T12:45:27.877752+00:00,11270715070600,planner_process,323972.0,325152.0,psutil,
b3-soak-20260921T124212Z-03f43125,0,191,2026-09-21T12:45:28.892746+00:00,11271730062200,planner_process,323972.0,325152.0,psutil,
b3-soak-20260921T124212Z-03f43125,0,192,2026-09-21T12:45:29.898556+00:00,11272736579400,planner_process,320452.0,325152.0,psutil,
b3-soak-20260921T124212Z-03f43125,0,193,2026-09-21T12:45:30.909677+00:00,11273747202000,planner_process,323972.0,325152.0,psutil,
b3-soak-20260921T124212Z-03f43125,0,194,2026-09-21T12:45:31.915128+00:00,11274752708800,planner_process,323972.0,325152.0,psutil,
b3-soak-20260921T124212Z-03f43125,0,195,2026-09-21T12:45:32.921571+00:00,11275758921100,planner_process,323972.0,325152.0,psutil,
b3-soak-20260921T124212Z-03f43125,0,196,2026-09-21T12:45:33.929221+00:00,11276766849800,planner_process,323972.0,325152.0,psutil,
b3-soak-20260921T124212Z-03f43125,0,197,2026-09-21T12:45:34.938214+00:00,11277775786900,planner_process,323972.0,325152.0,psutil,
b3-soak-20260921T124212Z-03f43125,0,198,2026-09-21T12:45:35.951941+00:00,11278790087900,planner_process,323976.0,325156.0,psutil,
b3-soak-20260921T124212Z-03f43125,0,199,2026-09-21T12:45:36.955098+00:00,11279792416600,planner_process,323976.0,325156.0,psutil,
b3-soak-20260921T124212Z-03f43125,0,200,2026-09-21T12:45:37.959033+00:00,11280796631200,planner_process,324004.0,325184.0,psutil,
b3-soak-20260921T124212Z-03f43125,0,201,2026-09-21T12:45:38.961001+00:00,11281798357300,planner_process,324004.0,325184.0,psutil,
b3-soak-20260921T124212Z-03f43125,0,202,2026-09-21T12:45:39.965912+00:00,11282803241400,planner_process,324004.0,325184.0,psutil,
b3-soak-20260921T124212Z-03f43125,0,203,2026-09-21T12:45:40.974463+00:00,11283812485200,planner_process,324004.0,325184.0,psutil,
b3-soak-20260921T124212Z-03f43125,0,204,2026-09-21T12:45:41.983801+00:00,11284821100000,planner_process,324004.0,325184.0,psutil,
b3-soak-20260921T124212Z-03f43125,0,205,2026-09-21T12:45:43.001847+00:00,11285839816100,planner_process,324004.0,325184.0,psutil,
b3-soak-20260921T124212Z-03f43125,0,206,2026-09-21T12:45:44.016727+00:00,11286854155000,planner_process,324004.0,325184.0,psutil,
b3-soak-20260921T124212Z-03f43125,0,207,2026-09-21T12:45:45.024544+00:00,11287862200700,planner_process,324004.0,325184.0,psutil,
b3-soak-20260921T124212Z-03f43125,0,208,2026-09-21T12:45:46.039867+00:00,11288877199100,planner_process,324004.0,325184.0,psutil,
b3-soak-20260921T124212Z-03f43125,0,209,2026-09-21T12:45:47.046258+00:00,11289884317500,planner_process,324004.0,325184.0,psutil,
b3-soak-20260921T124212Z-03f43125,0,210,2026-09-21T12:45:48.047283+00:00,11290884682200,planner_process,324004.0,325184.0,psutil,
b3-soak-20260921T124212Z-03f43125,0,211,2026-09-21T12:45:49.060191+00:00,11291897545600,planner_process,324004.0,325184.0,psutil,
b3-soak-20260921T124212Z-03f43125,0,212,2026-09-21T12:45:50.064672+00:00,11292902389000,planner_process,324004.0,325184.0,psutil,
b3-soak-20260921T124212Z-03f43125,0,213,2026-09-21T12:45:51.082473+00:00,11293919784700,planner_process,324004.0,325184.0,psutil,
b3-soak-20260921T124212Z-03f43125,0,214,2026-09-21T12:45:52.091239+00:00,11294928553300,planner_process,324004.0,325184.0,psutil,
b3-soak-20260921T124212Z-03f43125,0,215,2026-09-21T12:45:53.106501+00:00,11295943843800,planner_process,324004.0,325184.0,psutil,
b3-soak-20260921T124212Z-03f43125,0,216,2026-09-21T12:45:54.108508+00:00,11296945829300,planner_process,324004.0,325184.0,psutil,
b3-soak-20260921T124212Z-03f43125,0,217,2026-09-21T12:45:55.114719+00:00,11297952560100,planner_process,324008.0,325188.0,psutil,
b3-soak-20260921T124212Z-03f43125,0,218,2026-09-21T12:45:56.116956+00:00,11298954276000,planner_process,324008.0,325188.0,psutil,
b3-soak-20260921T124212Z-03f43125,0,219,2026-09-21T12:45:57.120801+00:00,11299958996800,planner_process,324008.0,325188.0,psutil,
b3-soak-20260921T124212Z-03f43125,0,220,2026-09-21T12:45:58.129235+00:00,11300966840700,planner_process,324008.0,325188.0,psutil,
b3-soak-20260921T124212Z-03f43125,0,221,2026-09-21T12:45:59.143410+00:00,11301981182400,planner_process,324008.0,325188.0,psutil,
b3-soak-20260921T124212Z-03f43125,0,222,2026-09-21T12:46:00.161709+00:00,11302999285200,planner_process,324008.0,325188.0,psutil,
b3-soak-20260921T124212Z-03f43125,0,223,2026-09-21T12:46:01.176559+00:00,11304014121100,planner_process,324008.0,325188.0,psutil,
b3-soak-20260921T124212Z-03f43125,0,224,2026-09-21T12:46:02.179536+00:00,11305017435700,planner_process,324008.0,325188.0,psutil,
b3-soak-20260921T124212Z-03f43125,0,225,2026-09-21T12:46:03.180831+00:00,11306018186200,planner_process,324028.0,325208.0,psutil,
b3-soak-20260921T124212Z-03f43125,0,226,2026-09-21T12:46:04.187731+00:00,11307025042000,planner_process,324028.0,325208.0,psutil,
b3-soak-20260921T124212Z-03f43125,0,227,2026-09-21T12:46:05.204397+00:00,11308041792500,planner_process,324028.0,325208.0,psutil,
b3-soak-20260921T124212Z-03f43125,0,228,2026-09-21T12:46:06.216746+00:00,11309054101000,planner_process,324028.0,325208.0,psutil,
b3-soak-20260921T124212Z-03f43125,0,229,2026-09-21T12:46:07.219862+00:00,11310057233300,planner_process,324028.0,325208.0,psutil,
b3-soak-20260921T124212Z-03f43125,0,230,2026-09-21T12:46:08.220432+00:00,11311058328200,planner_process,324028.0,325208.0,psutil,
b3-soak-20260921T124212Z-03f43125,0,231,2026-09-21T12:46:09.225143+00:00,11312062484200,planner_process,324028.0,325208.0,psutil,
b3-soak-20260921T124212Z-03f43125,0,232,2026-09-21T12:46:10.230966+00:00,11313068462700,planner_process,324028.0,325208.0,psutil,
b3-soak-20260921T124212Z-03f43125,0,233,2026-09-21T12:46:11.238126+00:00,11314076372800,planner_process,324028.0,325208.0,psutil,
b3-soak-20260921T124212Z-03f43125,0,234,2026-09-21T12:46:12.245014+00:00,11315083019200,planner_process,324028.0,325208.0,psutil,
b3-soak-20260921T124212Z-03f43125,0,235,2026-09-21T12:46:13.253096+00:00,11316091227600,planner_process,324028.0,325208.0,psutil,
b3-soak-20260921T124212Z-03f43125,0,236,2026-09-21T12:46:14.255933+00:00,11317093248900,planner_process,324028.0,325208.0,psutil,
b3-soak-20260921T124212Z-03f43125,0,237,2026-09-21T12:46:15.259313+00:00,11318097170100,planner_process,324028.0,325208.0,psutil,
b3-soak-20260921T124212Z-03f43125,0,238,2026-09-21T12:46:16.264413+00:00,11319102196800,planner_process,324028.0,325208.0,psutil,
b3-soak-20260921T124212Z-03f43125,0,239,2026-09-21T12:46:17.265817+00:00,11320103131400,planner_process,324028.0,325208.0,psutil,
b3-soak-20260921T124212Z-03f43125,0,240,2026-09-21T12:46:18.272251+00:00,11321109574900,planner_process,324028.0,325208.0,psutil,
b3-soak-20260921T124212Z-03f43125,0,241,2026-09-21T12:46:19.284009+00:00,11322121992900,planner_process,324028.0,325208.0,psutil,
b3-soak-20260921T124212Z-03f43125,0,242,2026-09-21T12:46:20.289705+00:00,11323127052300,planner_process,324028.0,325208.0,psutil,
b3-soak-20260921T124212Z-03f43125,0,243,2026-09-21T12:46:21.295446+00:00,11324132851600,planner_process,324028.0,325208.0,psutil,
b3-soak-20260921T124212Z-03f43125,0,244,2026-09-21T12:46:22.299081+00:00,11325136496400,planner_process,324028.0,325208.0,psutil,
b3-soak-20260921T124212Z-03f43125,0,245,2026-09-21T12:46:23.304143+00:00,11326141477900,planner_process,324028.0,325208.0,psutil,
b3-soak-20260921T124212Z-03f43125,0,246,2026-09-21T12:46:24.306986+00:00,11327144322400,planner_process,324028.0,325208.0,psutil,
b3-soak-20260921T124212Z-03f43125,0,247,2026-09-21T12:46:25.312018+00:00,11328149400200,planner_process,324028.0,325208.0,psutil,
b3-soak-20260921T124212Z-03f43125,0,248,2026-09-21T12:46:26.318358+00:00,11329155704200,planner_process,324028.0,325208.0,psutil,
b3-soak-20260921T124212Z-03f43125,0,249,2026-09-21T12:46:27.324922+00:00,11330162282500,planner_process,324028.0,325208.0,psutil,
b3-soak-20260921T124212Z-03f43125,0,250,2026-09-21T12:46:28.330812+00:00,11331168234700,planner_process,324028.0,325208.0,psutil,
b3-soak-20260921T124212Z-03f43125,0,251,2026-09-21T12:46:29.343163+00:00,11332181114900,planner_process,324028.0,325208.0,psutil,
b3-soak-20260921T124212Z-03f43125,0,252,2026-09-21T12:46:30.358194+00:00,11333195533500,planner_process,324040.0,325220.0,psutil,
b3-soak-20260921T124212Z-03f43125,0,253,2026-09-21T12:46:31.365531+00:00,11334202866900,planner_process,324040.0,325220.0,psutil,
b3-soak-20260921T124212Z-03f43125,0,254,2026-09-21T12:46:32.369161+00:00,11335206475900,planner_process,324040.0,325220.0,psutil,
b3-soak-20260921T124212Z-03f43125,0,255,2026-09-21T12:46:33.376356+00:00,11336213704900,planner_process,324040.0,325220.0,psutil,
b3-soak-20260921T124212Z-03f43125,0,256,2026-09-21T12:46:34.384186+00:00,11337221549800,planner_process,324040.0,325220.0,psutil,
b3-soak-20260921T124212Z-03f43125,0,257,2026-09-21T12:46:35.391063+00:00,11338228451400,planner_process,324040.0,325220.0,psutil,
b3-soak-20260921T124212Z-03f43125,0,258,2026-09-21T12:46:36.399370+00:00,11339237134200,planner_process,324040.0,325220.0,psutil,
b3-soak-20260921T124212Z-03f43125,0,259,2026-09-21T12:46:37.409473+00:00,11340246853700,planner_process,324040.0,325220.0,psutil,
b3-soak-20260921T124212Z-03f43125,0,260,2026-09-21T12:46:38.423620+00:00,11341261064300,planner_process,324040.0,325220.0,psutil,
b3-soak-20260921T124212Z-03f43125,0,261,2026-09-21T12:46:39.438301+00:00,11342275707100,planner_process,324040.0,325220.0,psutil,
b3-soak-20260921T124212Z-03f43125,0,262,2026-09-21T12:46:40.451838+00:00,11343289197400,planner_process,324040.0,325220.0,psutil,
b3-soak-20260921T124212Z-03f43125,0,263,2026-09-21T12:46:41.456600+00:00,11344294338400,planner_process,324040.0,325220.0,psutil,
b3-soak-20260921T124212Z-03f43125,0,264,2026-09-21T12:46:42.460505+00:00,11345298132700,planner_process,324040.0,325220.0,psutil,
b3-soak-20260921T124212Z-03f43125,0,265,2026-09-21T12:46:43.469050+00:00,11346306383900,planner_process,324040.0,325220.0,psutil,
b3-soak-20260921T124212Z-03f43125,0,266,2026-09-21T12:46:44.473923+00:00,11347311296100,planner_process,324040.0,325220.0,psutil,
b3-soak-20260921T124212Z-03f43125,0,267,2026-09-21T12:46:45.479387+00:00,11348316751700,planner_process,324040.0,325220.0,psutil,
b3-soak-20260921T124212Z-03f43125,0,268,2026-09-21T12:46:46.480741+00:00,11349318062000,planner_process,324040.0,325220.0,psutil,
b3-soak-20260921T124212Z-03f43125,0,269,2026-09-21T12:46:47.484569+00:00,11350322575000,planner_process,324040.0,325220.0,psutil,
b3-soak-20260921T124212Z-03f43125,0,270,2026-09-21T12:46:48.498032+00:00,11351335637800,planner_process,324040.0,325220.0,psutil,
b3-soak-20260921T124212Z-03f43125,0,271,2026-09-21T12:46:49.501937+00:00,11352339245300,planner_process,324040.0,325220.0,psutil,
b3-soak-20260921T124212Z-03f43125,0,272,2026-09-21T12:46:50.510256+00:00,11353347841400,planner_process,324040.0,325220.0,psutil,
b3-soak-20260921T124212Z-03f43125,0,273,2026-09-21T12:46:51.514923+00:00,11354352236900,planner_process,324040.0,325220.0,psutil,
b3-soak-20260921T124212Z-03f43125,0,274,2026-09-21T12:46:52.520325+00:00,11355357636100,planner_process,324040.0,325220.0,psutil,
b3-soak-20260921T124212Z-03f43125,0,275,2026-09-21T12:46:53.521002+00:00,11356358315200,planner_process,324040.0,325220.0,psutil,
b3-soak-20260921T124212Z-03f43125,0,276,2026-09-21T12:46:54.527303+00:00,11357364629900,planner_process,324040.0,325220.0,psutil,
b3-soak-20260921T124212Z-03f43125,0,277,2026-09-21T12:46:55.529489+00:00,11358367153600,planner_process,324040.0,325220.0,psutil,
b3-soak-20260921T124212Z-03f43125,0,278,2026-09-21T12:46:56.544005+00:00,11359381341100,planner_process,324040.0,325220.0,psutil,
b3-soak-20260921T124212Z-03f43125,0,279,2026-09-21T12:46:57.549806+00:00,11360387177900,planner_process,324040.0,325220.0,psutil,
b3-soak-20260921T124212Z-03f43125,0,280,2026-09-21T12:46:58.556333+00:00,11361393731200,planner_process,324040.0,325220.0,psutil,
b3-soak-20260921T124212Z-03f43125,0,281,2026-09-21T12:46:59.560229+00:00,11362397637400,planner_process,320520.0,325220.0,psutil,
b3-soak-20260921T124212Z-03f43125,0,282,2026-09-21T12:47:00.573297+00:00,11363410659900,planner_process,324040.0,325220.0,psutil,
b3-soak-20260921T124212Z-03f43125,0,283,2026-09-21T12:47:01.578449+00:00,11364416707800,planner_process,324044.0,325224.0,psutil,
b3-soak-20260921T124212Z-03f43125,0,284,2026-09-21T12:47:02.585160+00:00,11365423032100,planner_process,324044.0,325224.0,psutil,
b3-soak-20260921T124212Z-03f43125,0,285,2026-09-21T12:47:03.594138+00:00,11366432029500,planner_process,324044.0,325224.0,psutil,
b3-soak-20260921T124212Z-03f43125,0,286,2026-09-21T12:47:04.609133+00:00,11367446489600,planner_process,324044.0,325224.0,psutil,
b3-soak-20260921T124212Z-03f43125,0,287,2026-09-21T12:47:05.619320+00:00,11368457634100,planner_process,324044.0,325224.0,psutil,
b3-soak-20260921T124212Z-03f43125,0,288,2026-09-21T12:47:06.622007+00:00,11369459368800,planner_process,324044.0,325224.0,psutil,
b3-soak-20260921T124212Z-03f43125,0,289,2026-09-21T12:47:07.623367+00:00,11370460733100,planner_process,324044.0,325224.0,psutil,
b3-soak-20260921T124212Z-03f43125,0,290,2026-09-21T12:47:08.635398+00:00,11371473425200,planner_process,324044.0,325224.0,psutil,
b3-soak-20260921T124212Z-03f43125,0,291,2026-09-21T12:47:09.636908+00:00,11372474252700,planner_process,324044.0,325224.0,psutil,
b3-soak-20260921T124212Z-03f43125,0,292,2026-09-21T12:47:10.647302+00:00,11373484776300,planner_process,325920.0,327800.0,psutil,
b3-soak-20260921T124212Z-03f43125,0,293,2026-09-21T12:47:11.662264+00:00,11374499617000,planner_process,325920.0,327800.0,psutil,
b3-soak-20260921T124212Z-03f43125,0,294,2026-09-21T12:47:12.675509+00:00,11375512986600,planner_process,326060.0,327800.0,psutil,
b3-soak-20260921T124212Z-03f43125,0,295,2026-09-21T12:47:13.690859+00:00,11376528235100,planner_process,326060.0,327800.0,psutil,
b3-soak-20260921T124212Z-03f43125,0,296,2026-09-21T12:47:14.693309+00:00,11377530665300,planner_process,326060.0,327800.0,psutil,
b3-soak-20260921T124212Z-03f43125,0,297,2026-09-21T12:47:15.699150+00:00,11378536498600,planner_process,326060.0,327800.0,psutil,
b3-soak-20260921T124212Z-03f43125,0,298,2026-09-21T12:47:16.710286+00:00,11379547598300,planner_process,326096.0,327800.0,psutil,
b3-soak-20260921T124212Z-03f43125,0,299,2026-09-21T12:47:17.718388+00:00,11380556542600,planner_process,326096.0,327800.0,psutil,
b3-soak-20260921T124212Z-03f43125,0,300,2026-09-21T12:47:18.723396+00:00,11381560894000,planner_process,326096.0,327800.0,psutil,
b3-soak-20260921T124212Z-03f43125,0,301,2026-09-21T12:47:19.730213+00:00,11382567586900,planner_process,326096.0,327800.0,psutil,
b3-soak-20260921T124212Z-03f43125,0,302,2026-09-21T12:47:20.735005+00:00,11383572363900,planner_process,326096.0,327800.0,psutil,
b3-soak-20260921T124212Z-03f43125,0,303,2026-09-21T12:47:21.739279+00:00,11384577177600,planner_process,326096.0,327800.0,psutil,
b3-soak-20260921T124212Z-03f43125,0,304,2026-09-21T12:47:22.750659+00:00,11385587954900,planner_process,326096.0,327800.0,psutil,
b3-soak-20260921T124212Z-03f43125,0,305,2026-09-21T12:47:23.765714+00:00,11386603033500,planner_process,326096.0,327800.0,psutil,
b3-soak-20260921T124212Z-03f43125,0,306,2026-09-21T12:47:24.772719+00:00,11387610079300,planner_process,326096.0,327800.0,psutil,
b3-soak-20260921T124212Z-03f43125,0,307,2026-09-21T12:47:25.787375+00:00,11388624812000,planner_process,326096.0,327800.0,psutil,
b3-soak-20260921T124212Z-03f43125,0,308,2026-09-21T12:47:26.793969+00:00,11389631591200,planner_process,326096.0,327800.0,psutil,
b3-soak-20260921T124212Z-03f43125,0,309,2026-09-21T12:47:27.799205+00:00,11390636616000,planner_process,326096.0,327800.0,psutil,
b3-soak-20260921T124212Z-03f43125,0,310,2026-09-21T12:47:28.806554+00:00,11391644032300,planner_process,326096.0,327800.0,psutil,
b3-soak-20260921T124212Z-03f43125,0,311,2026-09-21T12:47:29.806723+00:00,11392644132500,planner_process,326096.0,327800.0,psutil,
b3-soak-20260921T124212Z-03f43125,0,312,2026-09-21T12:47:30.812714+00:00,11393650029300,planner_process,326096.0,327800.0,psutil,
b3-soak-20260921T124212Z-03f43125,0,313,2026-09-21T12:47:31.816323+00:00,11394653673900,planner_process,326096.0,327800.0,psutil,
b3-soak-20260921T124212Z-03f43125,0,314,2026-09-21T12:47:32.819504+00:00,11395656836700,planner_process,326096.0,327800.0,psutil,
b3-soak-20260921T124212Z-03f43125,0,315,2026-09-21T12:47:33.826650+00:00,11396663965400,planner_process,326096.0,327800.0,psutil,
b3-soak-20260921T124212Z-03f43125,0,316,2026-09-21T12:47:34.832376+00:00,11397669852300,planner_process,326096.0,327800.0,psutil,
b3-soak-20260921T124212Z-03f43125,0,317,2026-09-21T12:47:35.851500+00:00,11398689434700,planner_process,326096.0,327800.0,psutil,
b3-soak-20260921T124212Z-03f43125,0,318,2026-09-21T12:47:36.856085+00:00,11399693417500,planner_process,322576.0,327800.0,psutil,
b3-soak-20260921T124212Z-03f43125,0,319,2026-09-21T12:47:37.875240+00:00,11400713180500,planner_process,326096.0,327800.0,psutil,
b3-soak-20260921T124212Z-03f43125,0,320,2026-09-21T12:47:38.886563+00:00,11401724077100,planner_process,326096.0,327800.0,psutil,
b3-soak-20260921T124212Z-03f43125,0,321,2026-09-21T12:47:39.892587+00:00,11402729970100,planner_process,326096.0,327800.0,psutil,
b3-soak-20260921T124212Z-03f43125,0,322,2026-09-21T12:47:40.893153+00:00,11403730466300,planner_process,326096.0,327800.0,psutil,
b3-soak-20260921T124212Z-03f43125,0,323,2026-09-21T12:47:41.896619+00:00,11404734129300,planner_process,326096.0,327800.0,psutil,
b3-soak-20260921T124212Z-03f43125,0,324,2026-09-21T12:47:42.898793+00:00,11405736122500,planner_process,326096.0,327800.0,psutil,
b3-soak-20260921T124212Z-03f43125,0,325,2026-09-21T12:47:43.913607+00:00,11406751012100,planner_process,326096.0,327800.0,psutil,
b3-soak-20260921T124212Z-03f43125,0,326,2026-09-21T12:47:44.917678+00:00,11407755644600,planner_process,326096.0,327800.0,psutil,
b3-soak-20260921T124212Z-03f43125,0,327,2026-09-21T12:47:45.928244+00:00,11408766379100,planner_process,326096.0,327800.0,psutil,
b3-soak-20260921T124212Z-03f43125,0,328,2026-09-21T12:47:46.932236+00:00,11409769596900,planner_process,326096.0,327800.0,psutil,
b3-soak-20260921T124212Z-03f43125,0,329,2026-09-21T12:47:47.935160+00:00,11410772478900,planner_process,326096.0,327800.0,psutil,
b3-soak-20260921T124212Z-03f43125,0,330,2026-09-21T12:47:48.942488+00:00,11411780311700,planner_process,326096.0,327800.0,psutil,
b3-soak-20260921T124212Z-03f43125,0,331,2026-09-21T12:47:49.943990+00:00,11412781426000,planner_process,326096.0,327800.0,psutil,
b3-soak-20260921T124212Z-03f43125,0,332,2026-09-21T12:47:50.952596+00:00,11413790297200,planner_process,326096.0,327800.0,psutil,
b3-soak-20260921T124212Z-03f43125,0,333,2026-09-21T12:47:51.958504+00:00,11414795986300,planner_process,326096.0,327800.0,psutil,
b3-soak-20260921T124212Z-03f43125,0,334,2026-09-21T12:47:52.963798+00:00,11415801987100,planner_process,326096.0,327800.0,psutil,
b3-soak-20260921T124212Z-03f43125,0,335,2026-09-21T12:47:53.970661+00:00,11416808025400,planner_process,326096.0,327800.0,psutil,
b3-soak-20260921T124212Z-03f43125,0,336,2026-09-21T12:47:54.976199+00:00,11417813536800,planner_process,326096.0,327800.0,psutil,
b3-soak-20260921T124212Z-03f43125,0,337,2026-09-21T12:47:55.978401+00:00,11418815735100,planner_process,326096.0,327800.0,psutil,
b3-soak-20260921T124212Z-03f43125,0,338,2026-09-21T12:47:56.983967+00:00,11419821285300,planner_process,326096.0,327800.0,psutil,
b3-soak-20260921T124212Z-03f43125,0,339,2026-09-21T12:47:57.996995+00:00,11420834372400,planner_process,326096.0,327800.0,psutil,
b3-soak-20260921T124212Z-03f43125,0,340,2026-09-21T12:47:58.997764+00:00,11421835183400,planner_process,326096.0,327800.0,psutil,
b3-soak-20260921T124212Z-03f43125,0,341,2026-09-21T12:48:00.005579+00:00,11422842931500,planner_process,326096.0,327800.0,psutil,
b3-soak-20260921T124212Z-03f43125,0,342,2026-09-21T12:48:01.014808+00:00,11423852142000,planner_process,326096.0,327800.0,psutil,
b3-soak-20260921T124212Z-03f43125,0,343,2026-09-21T12:48:02.019782+00:00,11424857132100,planner_process,326096.0,327800.0,psutil,
b3-soak-20260921T124212Z-03f43125,0,344,2026-09-21T12:48:03.032113+00:00,11425869686100,planner_process,326096.0,327800.0,psutil,
b3-soak-20260921T124212Z-03f43125,0,345,2026-09-21T12:48:04.037065+00:00,11426874384100,planner_process,326096.0,327800.0,psutil,
b3-soak-20260921T124212Z-03f43125,0,346,2026-09-21T12:48:05.055617+00:00,11427893294500,planner_process,326096.0,327800.0,psutil,
b3-soak-20260921T124212Z-03f43125,0,347,2026-09-21T12:48:06.068738+00:00,11428906448200,planner_process,326096.0,327800.0,psutil,
b3-soak-20260921T124212Z-03f43125,0,348,2026-09-21T12:48:07.078001+00:00,11429915326600,planner_process,326096.0,327800.0,psutil,
b3-soak-20260921T124212Z-03f43125,0,349,2026-09-21T12:48:08.096157+00:00,11430933658300,planner_process,326096.0,327800.0,psutil,
b3-soak-20260921T124212Z-03f43125,0,350,2026-09-21T12:48:09.099746+00:00,11431937159600,planner_process,326096.0,327800.0,psutil,
b3-soak-20260921T124212Z-03f43125,0,351,2026-09-21T12:48:10.105619+00:00,11432943054000,planner_process,326096.0,327800.0,psutil,
b3-soak-20260921T124212Z-03f43125,0,352,2026-09-21T12:48:11.112778+00:00,11433950175200,planner_process,326096.0,327800.0,psutil,
b3-soak-20260921T124212Z-03f43125,0,353,2026-09-21T12:48:12.119481+00:00,11434957346000,planner_process,322824.0,327800.0,psutil,
b3-soak-20260921T124212Z-03f43125,0,354,2026-09-21T12:48:13.135605+00:00,11435973759300,planner_process,326344.0,327800.0,psutil,
b3-soak-20260921T124212Z-03f43125,0,355,2026-09-21T12:48:14.138481+00:00,11436975827800,planner_process,326344.0,327800.0,psutil,
b3-soak-20260921T124212Z-03f43125,0,356,2026-09-21T12:48:15.147353+00:00,11437985529500,planner_process,326344.0,327800.0,psutil,
b3-soak-20260921T124212Z-03f43125,0,357,2026-09-21T12:48:16.151318+00:00,11438988867100,planner_process,326344.0,327800.0,psutil,
b3-soak-20260921T124212Z-03f43125,0,358,2026-09-21T12:48:17.157451+00:00,11439994796000,planner_process,322824.0,327800.0,psutil,
b3-soak-20260921T124212Z-03f43125,0,359,2026-09-21T12:48:18.166167+00:00,11441003568300,planner_process,326344.0,327800.0,psutil,
b3-soak-20260921T124212Z-03f43125,0,360,2026-09-21T12:48:19.171481+00:00,11442009269300,planner_process,326344.0,327800.0,psutil,
b3-soak-20260921T124212Z-03f43125,0,361,2026-09-21T12:48:20.173318+00:00,11443010679000,planner_process,326344.0,327800.0,psutil,
b3-soak-20260921T124212Z-03f43125,0,362,2026-09-21T12:48:21.178654+00:00,11444016080300,planner_process,326344.0,327800.0,psutil,
b3-soak-20260921T124212Z-03f43125,0,363,2026-09-21T12:48:22.181384+00:00,11445019599500,planner_process,326344.0,327800.0,psutil,
b3-soak-20260921T124212Z-03f43125,0,364,2026-09-21T12:48:23.188709+00:00,11446026940600,planner_process,326344.0,327800.0,psutil,
b3-soak-20260921T124212Z-03f43125,0,365,2026-09-21T12:48:24.195364+00:00,11447032733000,planner_process,326344.0,327800.0,psutil,
b3-soak-20260921T124212Z-03f43125,0,366,2026-09-21T12:48:25.202858+00:00,11448040187300,planner_process,326344.0,327800.0,psutil,
b3-soak-20260921T124212Z-03f43125,0,367,2026-09-21T12:48:26.210222+00:00,11449047932000,planner_process,326344.0,327800.0,psutil,
b3-soak-20260921T124212Z-03f43125,0,368,2026-09-21T12:48:27.216828+00:00,11450054175800,planner_process,326344.0,327800.0,psutil,
b3-soak-20260921T124212Z-03f43125,0,369,2026-09-21T12:48:28.223191+00:00,11451061272800,planner_process,326344.0,327800.0,psutil,
b3-soak-20260921T124212Z-03f43125,0,370,2026-09-21T12:48:29.224637+00:00,11452061952200,planner_process,326344.0,327800.0,psutil,
b3-soak-20260921T124212Z-03f43125,0,371,2026-09-21T12:48:30.234186+00:00,11453072035700,planner_process,326344.0,327800.0,psutil,
b3-soak-20260921T124212Z-03f43125,0,372,2026-09-21T12:48:31.236743+00:00,11454074068200,planner_process,322824.0,327800.0,psutil,
b3-soak-20260921T124212Z-03f43125,0,373,2026-09-21T12:48:32.243374+00:00,11455080711200,planner_process,326344.0,327800.0,psutil,
b3-soak-20260921T124212Z-03f43125,0,374,2026-09-21T12:48:33.250267+00:00,11456087584300,planner_process,326344.0,327800.0,psutil,
b3-soak-20260921T124212Z-03f43125,0,375,2026-09-21T12:48:34.260947+00:00,11457098997300,planner_process,326344.0,327800.0,psutil,
b3-soak-20260921T124212Z-03f43125,0,376,2026-09-21T12:48:35.263781+00:00,11458101110600,planner_process,326344.0,327800.0,psutil,
b3-soak-20260921T124212Z-03f43125,0,377,2026-09-21T12:48:36.266857+00:00,11459104202600,planner_process,326344.0,327800.0,psutil,
b3-soak-20260921T124212Z-03f43125,0,378,2026-09-21T12:48:37.270551+00:00,11460107887900,planner_process,326344.0,327800.0,psutil,
b3-soak-20260921T124212Z-03f43125,0,379,2026-09-21T12:48:38.270596+00:00,11461108019300,planner_process,326344.0,327800.0,psutil,
b3-soak-20260921T124212Z-03f43125,0,380,2026-09-21T12:48:39.272011+00:00,11462109509400,planner_process,326344.0,327800.0,psutil,
b3-soak-20260921T124212Z-03f43125,0,381,2026-09-21T12:48:40.278127+00:00,11463115473300,planner_process,326344.0,327800.0,psutil,
b3-soak-20260921T124212Z-03f43125,0,382,2026-09-21T12:48:41.291682+00:00,11464129366700,planner_process,326344.0,327800.0,psutil,
b3-soak-20260921T124212Z-03f43125,0,383,2026-09-21T12:48:42.297732+00:00,11465135499700,planner_process,326344.0,327800.0,psutil,
b3-soak-20260921T124212Z-03f43125,0,384,2026-09-21T12:48:43.303655+00:00,11466140969900,planner_process,326344.0,327800.0,psutil,
b3-soak-20260921T124212Z-03f43125,0,385,2026-09-21T12:48:44.311306+00:00,11467148736400,planner_process,326344.0,327800.0,psutil,
b3-soak-20260921T124212Z-03f43125,0,386,2026-09-21T12:48:45.322667+00:00,11468160047400,planner_process,326344.0,327800.0,psutil,
b3-soak-20260921T124212Z-03f43125,0,387,2026-09-21T12:48:46.323112+00:00,11469160451200,planner_process,326344.0,327800.0,psutil,
b3-soak-20260921T124212Z-03f43125,0,388,2026-09-21T12:48:47.332231+00:00,11470169824300,planner_process,326344.0,327800.0,psutil,
b3-soak-20260921T124212Z-03f43125,0,389,2026-09-21T12:48:48.336989+00:00,11471174310000,planner_process,326344.0,327800.0,psutil,
b3-soak-20260921T124212Z-03f43125,0,390,2026-09-21T12:48:49.342208+00:00,11472179565000,planner_process,326344.0,327800.0,psutil,
b3-soak-20260921T124212Z-03f43125,0,391,2026-09-21T12:48:50.344600+00:00,11473181983300,planner_process,326344.0,327800.0,psutil,
b3-soak-20260921T124212Z-03f43125,0,392,2026-09-21T12:48:51.345028+00:00,11474182329500,planner_process,326344.0,327800.0,psutil,
b3-soak-20260921T124212Z-03f43125,0,393,2026-09-21T12:48:52.349162+00:00,11475186486600,planner_process,326344.0,327800.0,psutil,
b3-soak-20260921T124212Z-03f43125,0,394,2026-09-21T12:48:53.361322+00:00,11476198950400,planner_process,326344.0,327800.0,psutil,
b3-soak-20260921T124212Z-03f43125,0,395,2026-09-21T12:48:54.368944+00:00,11477206323800,planner_process,326284.0,327800.0,psutil,
b3-soak-20260921T124212Z-03f43125,0,396,2026-09-21T12:48:55.383839+00:00,11478221216100,planner_process,326284.0,327800.0,psutil,
b3-soak-20260921T124212Z-03f43125,0,397,2026-09-21T12:48:56.392572+00:00,11479229899000,planner_process,326284.0,327800.0,psutil,
b3-soak-20260921T124212Z-03f43125,0,398,2026-09-21T12:48:57.394102+00:00,11480231416000,planner_process,326284.0,327800.0,psutil,
b3-soak-20260921T124212Z-03f43125,0,399,2026-09-21T12:48:58.396482+00:00,11481233811900,planner_process,322768.0,327800.0,psutil,
b3-soak-20260921T124212Z-03f43125,0,400,2026-09-21T12:48:59.397041+00:00,11482234376100,planner_process,326284.0,327800.0,psutil,
b3-soak-20260921T124212Z-03f43125,0,401,2026-09-21T12:49:00.411063+00:00,11483249129800,planner_process,326284.0,327800.0,psutil,
b3-soak-20260921T124212Z-03f43125,0,402,2026-09-21T12:49:01.412799+00:00,11484250340100,planner_process,326284.0,327800.0,psutil,
b3-soak-20260921T124212Z-03f43125,0,403,2026-09-21T12:49:02.417575+00:00,11485255010700,planner_process,326284.0,327800.0,psutil,
b3-soak-20260921T124212Z-03f43125,0,404,2026-09-21T12:49:03.425132+00:00,11486262445800,planner_process,326284.0,327800.0,psutil,
b3-soak-20260921T124212Z-03f43125,0,405,2026-09-21T12:49:04.432365+00:00,11487269739700,planner_process,326284.0,327800.0,psutil,
b3-soak-20260921T124212Z-03f43125,0,406,2026-09-21T12:49:05.436845+00:00,11488274211300,planner_process,326284.0,327800.0,psutil,
b3-soak-20260921T124212Z-03f43125,0,407,2026-09-21T12:49:06.446870+00:00,11489284535200,planner_process,326284.0,327800.0,psutil,
b3-soak-20260921T124212Z-03f43125,0,408,2026-09-21T12:49:07.448313+00:00,11490285675100,planner_process,326284.0,327800.0,psutil,
b3-soak-20260921T124212Z-03f43125,0,409,2026-09-21T12:49:08.459573+00:00,11491297521600,planner_process,322764.0,327800.0,psutil,
b3-soak-20260921T124212Z-03f43125,0,410,2026-09-21T12:49:09.474916+00:00,11492312259900,planner_process,326284.0,327800.0,psutil,
b3-soak-20260921T124212Z-03f43125,0,411,2026-09-21T12:49:10.482840+00:00,11493320161100,planner_process,326284.0,327800.0,psutil,
b3-soak-20260921T124212Z-03f43125,0,412,2026-09-21T12:49:11.494494+00:00,11494332064900,planner_process,326284.0,327800.0,psutil,
b3-soak-20260921T124212Z-03f43125,0,413,2026-09-21T12:49:12.506496+00:00,11495343890000,planner_process,326284.0,327800.0,psutil,
b3-soak-20260921T124212Z-03f43125,0,414,2026-09-21T12:49:13.512368+00:00,11496349682600,planner_process,326284.0,327800.0,psutil,
b3-soak-20260921T124212Z-03f43125,0,415,2026-09-21T12:49:14.515479+00:00,11497352843000,planner_process,326284.0,327800.0,psutil,
b3-soak-20260921T124212Z-03f43125,0,416,2026-09-21T12:49:15.522033+00:00,11498359366700,planner_process,326284.0,327800.0,psutil,
b3-soak-20260921T124212Z-03f43125,0,417,2026-09-21T12:49:16.532161+00:00,11499369492300,planner_process,325432.0,327800.0,psutil,
b3-soak-20260921T124212Z-03f43125,0,418,2026-09-21T12:49:17.538474+00:00,11500376101400,planner_process,322764.0,327800.0,psutil,
b3-soak-20260921T124212Z-03f43125,0,419,2026-09-21T12:49:18.542182+00:00,11501379606900,planner_process,326284.0,327800.0,psutil,
b3-soak-20260921T124212Z-03f43125,0,420,2026-09-21T12:49:19.550468+00:00,11502387855900,planner_process,326284.0,327800.0,psutil,
b3-soak-20260921T124212Z-03f43125,0,421,2026-09-21T12:49:20.560116+00:00,11503398217900,planner_process,326284.0,327800.0,psutil,
b3-soak-20260921T124212Z-03f43125,0,422,2026-09-21T12:49:21.574557+00:00,11504412525800,planner_process,326284.0,327800.0,psutil,
b3-soak-20260921T124212Z-03f43125,0,423,2026-09-21T12:49:22.585110+00:00,11505423252300,planner_process,326284.0,327800.0,psutil,
b3-soak-20260921T124212Z-03f43125,0,424,2026-09-21T12:49:23.598364+00:00,11506436105100,planner_process,326284.0,327800.0,psutil,
b3-soak-20260921T124212Z-03f43125,0,425,2026-09-21T12:49:24.600609+00:00,11507438284300,planner_process,326284.0,327800.0,psutil,
b3-soak-20260921T124212Z-03f43125,0,426,2026-09-21T12:49:25.606515+00:00,11508443933700,planner_process,326284.0,327800.0,psutil,
b3-soak-20260921T124212Z-03f43125,0,427,2026-09-21T12:49:26.611267+00:00,11509448875900,planner_process,326284.0,327800.0,psutil,
b3-soak-20260921T124212Z-03f43125,0,428,2026-09-21T12:49:27.613795+00:00,11510451732300,planner_process,322764.0,327800.0,psutil,
b3-soak-20260921T124212Z-03f43125,0,429,2026-09-21T12:49:28.625522+00:00,11511462925400,planner_process,326284.0,327800.0,psutil,
b3-soak-20260921T124212Z-03f43125,0,430,2026-09-21T12:49:29.627411+00:00,11512464839800,planner_process,326284.0,327800.0,psutil,
b3-soak-20260921T124212Z-03f43125,0,431,2026-09-21T12:49:30.642118+00:00,11513479453800,planner_process,326284.0,327800.0,psutil,
b3-soak-20260921T124212Z-03f43125,0,432,2026-09-21T12:49:31.647537+00:00,11514485003400,planner_process,326284.0,327800.0,psutil,
b3-soak-20260921T124212Z-03f43125,0,433,2026-09-21T12:49:32.651330+00:00,11515488749300,planner_process,326284.0,327800.0,psutil,
b3-soak-20260921T124212Z-03f43125,0,434,2026-09-21T12:49:33.656828+00:00,11516494623700,planner_process,326284.0,327800.0,psutil,
b3-soak-20260921T124212Z-03f43125,0,435,2026-09-21T12:49:34.670208+00:00,11517508459600,planner_process,326284.0,327800.0,psutil,
b3-soak-20260921T124212Z-03f43125,0,436,2026-09-21T12:49:35.671911+00:00,11518509308100,planner_process,326284.0,327800.0,psutil,
b3-soak-20260921T124212Z-03f43125,0,437,2026-09-21T12:49:36.677863+00:00,11519515793200,planner_process,326284.0,327800.0,psutil,
b3-soak-20260921T124212Z-03f43125,0,438,2026-09-21T12:49:37.681735+00:00,11520519370500,planner_process,326284.0,327800.0,psutil,
b3-soak-20260921T124212Z-03f43125,0,439,2026-09-21T12:49:38.683641+00:00,11521520998400,planner_process,326284.0,327800.0,psutil,
b3-soak-20260921T124212Z-03f43125,0,440,2026-09-21T12:49:39.695380+00:00,11522532860000,planner_process,326284.0,327800.0,psutil,
b3-soak-20260921T124212Z-03f43125,0,441,2026-09-21T12:49:40.704915+00:00,11523542219900,planner_process,326284.0,327800.0,psutil,
b3-soak-20260921T124212Z-03f43125,0,442,2026-09-21T12:49:41.712459+00:00,11524549853700,planner_process,326284.0,327800.0,psutil,
b3-soak-20260921T124212Z-03f43125,0,443,2026-09-21T12:49:42.726542+00:00,11525563976900,planner_process,326284.0,327800.0,psutil,
b3-soak-20260921T124212Z-03f43125,0,444,2026-09-21T12:49:43.734753+00:00,11526572099600,planner_process,326284.0,327800.0,psutil,
b3-soak-20260921T124212Z-03f43125,0,445,2026-09-21T12:49:44.736915+00:00,11527574274100,planner_process,326284.0,327800.0,psutil,
b3-soak-20260921T124212Z-03f43125,0,446,2026-09-21T12:49:45.742775+00:00,11528580101700,planner_process,326284.0,327800.0,psutil,
b3-soak-20260921T124212Z-03f43125,0,447,2026-09-21T12:49:46.756625+00:00,11529593967900,planner_process,326284.0,327800.0,psutil,
b3-soak-20260921T124212Z-03f43125,0,448,2026-09-21T12:49:47.757972+00:00,11530595290600,planner_process,326284.0,327800.0,psutil,
b3-soak-20260921T124212Z-03f43125,0,449,2026-09-21T12:49:48.759134+00:00,11531596519900,planner_process,326288.0,327800.0,psutil,
b3-soak-20260921T124212Z-03f43125,0,450,2026-09-21T12:49:49.765125+00:00,11532602570900,planner_process,326288.0,327800.0,psutil,
b3-soak-20260921T124212Z-03f43125,0,451,2026-09-21T12:49:50.774098+00:00,11533611444000,planner_process,326288.0,327800.0,psutil,
b3-soak-20260921T124212Z-03f43125,0,452,2026-09-21T12:49:51.777076+00:00,11534614395100,planner_process,322768.0,327800.0,psutil,
b3-soak-20260921T124212Z-03f43125,0,453,2026-09-21T12:49:52.792244+00:00,11535629656600,planner_process,326288.0,327800.0,psutil,
b3-soak-20260921T124212Z-03f43125,0,454,2026-09-21T12:49:53.804970+00:00,11536642291300,planner_process,326288.0,327800.0,psutil,
b3-soak-20260921T124212Z-03f43125,0,455,2026-09-21T12:49:54.809289+00:00,11537646660200,planner_process,326288.0,327800.0,psutil,
b3-soak-20260921T124212Z-03f43125,0,456,2026-09-21T12:49:55.815377+00:00,11538652904000,planner_process,326288.0,327800.0,psutil,
b3-soak-20260921T124212Z-03f43125,0,457,2026-09-21T12:49:56.816241+00:00,11539654308300,planner_process,326288.0,327800.0,psutil,
b3-soak-20260921T124212Z-03f43125,0,458,2026-09-21T12:49:57.822152+00:00,11540659508000,planner_process,326288.0,327800.0,psutil,
b3-soak-20260921T124212Z-03f43125,0,459,2026-09-21T12:49:58.829134+00:00,11541666509900,planner_process,326288.0,327800.0,psutil,
b3-soak-20260921T124212Z-03f43125,0,460,2026-09-21T12:49:59.835293+00:00,11542672633800,planner_process,326288.0,327800.0,psutil,
b3-soak-20260921T124212Z-03f43125,0,461,2026-09-21T12:50:00.837730+00:00,11543675086800,planner_process,326288.0,327800.0,psutil,
b3-soak-20260921T124212Z-03f43125,0,462,2026-09-21T12:50:01.842228+00:00,11544679571200,planner_process,326288.0,327800.0,psutil,
b3-soak-20260921T124212Z-03f43125,0,463,2026-09-21T12:50:02.859166+00:00,11545696595800,planner_process,326288.0,327800.0,psutil,
b3-soak-20260921T124212Z-03f43125,0,464,2026-09-21T12:50:03.869435+00:00,11546706819900,planner_process,326288.0,327800.0,psutil,
b3-soak-20260921T124212Z-03f43125,0,465,2026-09-21T12:50:04.885081+00:00,11547722500200,planner_process,326288.0,327800.0,psutil,
b3-soak-20260921T124212Z-03f43125,0,466,2026-09-21T12:50:05.891588+00:00,11548729019200,planner_process,326288.0,327800.0,psutil,
b3-soak-20260921T124212Z-03f43125,0,467,2026-09-21T12:50:06.895738+00:00,11549733056300,planner_process,326288.0,327800.0,psutil,
b3-soak-20260921T124212Z-03f43125,0,468,2026-09-21T12:50:07.901168+00:00,11550738516200,planner_process,326288.0,327800.0,psutil,
b3-soak-20260921T124212Z-03f43125,0,469,2026-09-21T12:50:08.905459+00:00,11551742947100,planner_process,326288.0,327800.0,psutil,
b3-soak-20260921T124212Z-03f43125,0,470,2026-09-21T12:50:09.908786+00:00,11552746105900,planner_process,326288.0,327800.0,psutil,
b3-soak-20260921T124212Z-03f43125,0,471,2026-09-21T12:50:10.912254+00:00,11553749586200,planner_process,326288.0,327800.0,psutil,
b3-soak-20260921T124212Z-03f43125,0,472,2026-09-21T12:50:11.918561+00:00,11554755903200,planner_process,326288.0,327800.0,psutil,
b3-soak-20260921T124212Z-03f43125,0,473,2026-09-21T12:50:12.921797+00:00,11555759227000,planner_process,326288.0,327800.0,psutil,
b3-soak-20260921T124212Z-03f43125,0,474,2026-09-21T12:50:13.928200+00:00,11556765516700,planner_process,326288.0,327800.0,psutil,
b3-soak-20260921T124212Z-03f43125,0,475,2026-09-21T12:50:14.935667+00:00,11557773097700,planner_process,326288.0,327800.0,psutil,
b3-soak-20260921T124212Z-03f43125,0,476,2026-09-21T12:50:15.942348+00:00,11558780280900,planner_process,326288.0,327800.0,psutil,
b3-soak-20260921T124212Z-03f43125,0,477,2026-09-21T12:50:16.943449+00:00,11559780776800,planner_process,326288.0,327800.0,psutil,
b3-soak-20260921T124212Z-03f43125,0,478,2026-09-21T12:50:17.948813+00:00,11560786738300,planner_process,326288.0,327800.0,psutil,
b3-soak-20260921T124212Z-03f43125,0,479,2026-09-21T12:50:18.950699+00:00,11561788168300,planner_process,326288.0,327800.0,psutil,
b3-soak-20260921T124212Z-03f43125,0,480,2026-09-21T12:50:19.958259+00:00,11562795747900,planner_process,326288.0,327800.0,psutil,
b3-soak-20260921T124212Z-03f43125,0,481,2026-09-21T12:50:20.961237+00:00,11563798707600,planner_process,326288.0,327800.0,psutil,
b3-soak-20260921T124212Z-03f43125,0,482,2026-09-21T12:50:21.972958+00:00,11564810582200,planner_process,326288.0,327800.0,psutil,
b3-soak-20260921T124212Z-03f43125,0,483,2026-09-21T12:50:22.980149+00:00,11565817934700,planner_process,326288.0,327800.0,psutil,
b3-soak-20260921T124212Z-03f43125,0,484,2026-09-21T12:50:23.986595+00:00,11566823923100,planner_process,326288.0,327800.0,psutil,
b3-soak-20260921T124212Z-03f43125,0,485,2026-09-21T12:50:24.996078+00:00,11567833934300,planner_process,326288.0,327800.0,psutil,
b3-soak-20260921T124212Z-03f43125,0,486,2026-09-21T12:50:26.001973+00:00,11568839658200,planner_process,326288.0,327800.0,psutil,
b3-soak-20260921T124212Z-03f43125,0,487,2026-09-21T12:50:27.016834+00:00,11569854183800,planner_process,326288.0,327800.0,psutil,
b3-soak-20260921T124212Z-03f43125,0,488,2026-09-21T12:50:28.022999+00:00,11570860708500,planner_process,326288.0,327800.0,psutil,
b3-soak-20260921T124212Z-03f43125,0,489,2026-09-21T12:50:29.033281+00:00,11571870740600,planner_process,326288.0,327800.0,psutil,
b3-soak-20260921T124212Z-03f43125,0,490,2026-09-21T12:50:30.036666+00:00,11572874138700,planner_process,322768.0,327800.0,psutil,
b3-soak-20260921T124212Z-03f43125,0,491,2026-09-21T12:50:31.044195+00:00,11573881920800,planner_process,322768.0,327800.0,psutil,
b3-soak-20260921T124212Z-03f43125,0,492,2026-09-21T12:50:32.050788+00:00,11574888141300,planner_process,326288.0,327800.0,psutil,
b3-soak-20260921T124212Z-03f43125,0,493,2026-09-21T12:50:33.056551+00:00,11575894437100,planner_process,326288.0,327800.0,psutil,
b3-soak-20260921T124212Z-03f43125,0,494,2026-09-21T12:50:34.066762+00:00,11576904615600,planner_process,326288.0,327800.0,psutil,
b3-soak-20260921T124212Z-03f43125,0,495,2026-09-21T12:50:35.073284+00:00,11577910799300,planner_process,326288.0,327800.0,psutil,
b3-soak-20260921T124212Z-03f43125,0,496,2026-09-21T12:50:36.078684+00:00,11578916312900,planner_process,326288.0,327800.0,psutil,
b3-soak-20260921T124212Z-03f43125,0,497,2026-09-21T12:50:37.086625+00:00,11579923971600,planner_process,326288.0,327800.0,psutil,
b3-soak-20260921T124212Z-03f43125,0,498,2026-09-21T12:50:38.091656+00:00,11580928988500,planner_process,326288.0,327800.0,psutil,
b3-soak-20260921T124212Z-03f43125,0,499,2026-09-21T12:50:39.100611+00:00,11581938530400,planner_process,326288.0,327800.0,psutil,
b3-soak-20260921T124212Z-03f43125,0,500,2026-09-21T12:50:40.120723+00:00,11582958398500,planner_process,326288.0,327800.0,psutil,
b3-soak-20260921T124212Z-03f43125,0,501,2026-09-21T12:50:41.134488+00:00,11583971850900,planner_process,326288.0,327800.0,psutil,
b3-soak-20260921T124212Z-03f43125,0,502,2026-09-21T12:50:42.134816+00:00,11584972152600,planner_process,325444.0,327800.0,psutil,
b3-soak-20260921T124212Z-03f43125,0,503,2026-09-21T12:50:43.140803+00:00,11585978651100,planner_process,326288.0,327800.0,psutil,
b3-soak-20260921T124212Z-03f43125,0,504,2026-09-21T12:50:44.144677+00:00,11586982016800,planner_process,326288.0,327800.0,psutil,
b3-soak-20260921T124212Z-03f43125,0,505,2026-09-21T12:50:45.153248+00:00,11587991065700,planner_process,326288.0,327800.0,psutil,
b3-soak-20260921T124212Z-03f43125,0,506,2026-09-21T12:50:46.167006+00:00,11589004333800,planner_process,326288.0,327800.0,psutil,
b3-soak-20260921T124212Z-03f43125,0,507,2026-09-21T12:50:47.171489+00:00,11590009643100,planner_process,326288.0,327800.0,psutil,
b3-soak-20260921T124212Z-03f43125,0,508,2026-09-21T12:50:48.178508+00:00,11591016479500,planner_process,326288.0,327800.0,psutil,
b3-soak-20260921T124212Z-03f43125,0,509,2026-09-21T12:50:49.179625+00:00,11592017237200,planner_process,326288.0,327800.0,psutil,
b3-soak-20260921T124212Z-03f43125,0,510,2026-09-21T12:50:50.187361+00:00,11593024813500,planner_process,326288.0,327800.0,psutil,
b3-soak-20260921T124212Z-03f43125,0,511,2026-09-21T12:50:51.200986+00:00,11594038518700,planner_process,326288.0,327800.0,psutil,
b3-soak-20260921T124212Z-03f43125,0,512,2026-09-21T12:50:52.205119+00:00,11595042573500,planner_process,326288.0,327800.0,psutil,
b3-soak-20260921T124212Z-03f43125,0,513,2026-09-21T12:50:53.211363+00:00,11596048906400,planner_process,326288.0,327800.0,psutil,
b3-soak-20260921T124212Z-03f43125,0,514,2026-09-21T12:50:54.215304+00:00,11597053611800,planner_process,326288.0,327800.0,psutil,
b3-soak-20260921T124212Z-03f43125,0,515,2026-09-21T12:50:55.216563+00:00,11598053881900,planner_process,326288.0,327800.0,psutil,
b3-soak-20260921T124212Z-03f43125,0,516,2026-09-21T12:50:56.217724+00:00,11599055592100,planner_process,326288.0,327800.0,psutil,
b3-soak-20260921T124212Z-03f43125,0,517,2026-09-21T12:50:57.218259+00:00,11600055729400,planner_process,326288.0,327800.0,psutil,
b3-soak-20260921T124212Z-03f43125,0,518,2026-09-21T12:50:58.223558+00:00,11601060906700,planner_process,326288.0,327800.0,psutil,
b3-soak-20260921T124212Z-03f43125,0,519,2026-09-21T12:50:59.236172+00:00,11602074445300,planner_process,326288.0,327800.0,psutil,
b3-soak-20260921T124212Z-03f43125,0,520,2026-09-21T12:51:00.242100+00:00,11603079429200,planner_process,326288.0,327800.0,psutil,
b3-soak-20260921T124212Z-03f43125,0,521,2026-09-21T12:51:01.254652+00:00,11604092158900,planner_process,326288.0,327800.0,psutil,
b3-soak-20260921T124212Z-03f43125,0,522,2026-09-21T12:51:02.255889+00:00,11605093304100,planner_process,326288.0,327800.0,psutil,
b3-soak-20260921T124212Z-03f43125,0,523,2026-09-21T12:51:03.261040+00:00,11606099301900,planner_process,326288.0,327800.0,psutil,
b3-soak-20260921T124212Z-03f43125,0,524,2026-09-21T12:51:04.278615+00:00,11607116069700,planner_process,326288.0,327800.0,psutil,
b3-soak-20260921T124212Z-03f43125,0,525,2026-09-21T12:51:05.293641+00:00,11608130958300,planner_process,326288.0,327800.0,psutil,
b3-soak-20260921T124212Z-03f43125,0,526,2026-09-21T12:51:06.300704+00:00,11609138285100,planner_process,326288.0,327800.0,psutil,
b3-soak-20260921T124212Z-03f43125,0,527,2026-09-21T12:51:07.301343+00:00,11610138665900,planner_process,326288.0,327800.0,psutil,
b3-soak-20260921T124212Z-03f43125,0,528,2026-09-21T12:51:08.310496+00:00,11611147863100,planner_process,326288.0,327800.0,psutil,
b3-soak-20260921T124212Z-03f43125,0,529,2026-09-21T12:51:09.312419+00:00,11612150296800,planner_process,326288.0,327800.0,psutil,
b3-soak-20260921T124212Z-03f43125,0,530,2026-09-21T12:51:10.317525+00:00,11613154858900,planner_process,326288.0,327800.0,psutil,
b3-soak-20260921T124212Z-03f43125,0,531,2026-09-21T12:51:11.326941+00:00,11614164302300,planner_process,326288.0,327800.0,psutil,
b3-soak-20260921T124212Z-03f43125,0,532,2026-09-21T12:51:12.328415+00:00,11615165755200,planner_process,326288.0,327800.0,psutil,
b3-soak-20260921T124212Z-03f43125,0,533,2026-09-21T12:51:13.336301+00:00,11616174593700,planner_process,322768.0,327800.0,psutil,
b3-soak-20260921T124212Z-03f43125,0,534,2026-09-21T12:51:14.337364+00:00,11617174723400,planner_process,326288.0,327800.0,psutil,
b3-soak-20260921T124212Z-03f43125,0,535,2026-09-21T12:51:15.339703+00:00,11618177119200,planner_process,326288.0,327800.0,psutil,
b3-soak-20260921T124212Z-03f43125,0,536,2026-09-21T12:51:16.344529+00:00,11619181852300,planner_process,326288.0,327800.0,psutil,
b3-soak-20260921T124212Z-03f43125,0,537,2026-09-21T12:51:17.352862+00:00,11620190795100,planner_process,322768.0,327800.0,psutil,
b3-soak-20260921T124212Z-03f43125,0,538,2026-09-21T12:51:18.356787+00:00,11621194169500,planner_process,326288.0,327800.0,psutil,
b3-soak-20260921T124212Z-03f43125,0,539,2026-09-21T12:51:19.360625+00:00,11622197948200,planner_process,326288.0,327800.0,psutil,
b3-soak-20260921T124212Z-03f43125,0,540,2026-09-21T12:51:20.360658+00:00,11623198057700,planner_process,326288.0,327800.0,psutil,
b3-soak-20260921T124212Z-03f43125,0,541,2026-09-21T12:51:21.364595+00:00,11624202562900,planner_process,326288.0,327800.0,psutil,
b3-soak-20260921T124212Z-03f43125,0,542,2026-09-21T12:51:22.379326+00:00,11625216722600,planner_process,326288.0,327800.0,psutil,
b3-soak-20260921T124212Z-03f43125,0,543,2026-09-21T12:51:23.381089+00:00,11626218398900,planner_process,326288.0,327800.0,psutil,
b3-soak-20260921T124212Z-03f43125,0,544,2026-09-21T12:51:24.389880+00:00,11627227277100,planner_process,326288.0,327800.0,psutil,
b3-soak-20260921T124212Z-03f43125,0,545,2026-09-21T12:51:25.394443+00:00,11628231797000,planner_process,326288.0,327800.0,psutil,
b3-soak-20260921T124212Z-03f43125,0,546,2026-09-21T12:51:26.403194+00:00,11629240780900,planner_process,326288.0,327800.0,psutil,
b3-soak-20260921T124212Z-03f43125,0,547,2026-09-21T12:51:27.404292+00:00,11630242388100,planner_process,326288.0,327800.0,psutil,
b3-soak-20260921T124212Z-03f43125,0,548,2026-09-21T12:51:28.411644+00:00,11631249752600,planner_process,326288.0,327800.0,psutil,
b3-soak-20260921T124212Z-03f43125,0,549,2026-09-21T12:51:29.423055+00:00,11632260637400,planner_process,326288.0,327800.0,psutil,
b3-soak-20260921T124212Z-03f43125,0,550,2026-09-21T12:51:30.425044+00:00,11633262996000,planner_process,326288.0,327800.0,psutil,
b3-soak-20260921T124212Z-03f43125,0,551,2026-09-21T12:51:31.431919+00:00,11634270168100,planner_process,326288.0,327800.0,psutil,
b3-soak-20260921T124212Z-03f43125,0,552,2026-09-21T12:51:32.447730+00:00,11635285111400,planner_process,326288.0,327800.0,psutil,
b3-soak-20260921T124212Z-03f43125,0,553,2026-09-21T12:51:33.458365+00:00,11636295680800,planner_process,326288.0,327800.0,psutil,
b3-soak-20260921T124212Z-03f43125,0,554,2026-09-21T12:51:34.460074+00:00,11637298300000,planner_process,326288.0,327800.0,psutil,
b3-soak-20260921T124212Z-03f43125,0,555,2026-09-21T12:51:35.465903+00:00,11638303264100,planner_process,326288.0,327800.0,psutil,
b3-soak-20260921T124212Z-03f43125,0,556,2026-09-21T12:51:36.467901+00:00,11639305218000,planner_process,326288.0,327800.0,psutil,
b3-soak-20260921T124212Z-03f43125,0,557,2026-09-21T12:51:37.470253+00:00,11640307633700,planner_process,326288.0,327800.0,psutil,
b3-soak-20260921T124212Z-03f43125,0,558,2026-09-21T12:51:38.473805+00:00,11641311304100,planner_process,326288.0,327800.0,psutil,
b3-soak-20260921T124212Z-03f43125,0,559,2026-09-21T12:51:39.473896+00:00,11642311394300,planner_process,326288.0,327800.0,psutil,
b3-soak-20260921T124212Z-03f43125,0,560,2026-09-21T12:51:40.476607+00:00,11643313926200,planner_process,326288.0,327800.0,psutil,
b3-soak-20260921T124212Z-03f43125,0,561,2026-09-21T12:51:41.479689+00:00,11644316995400,planner_process,326288.0,327800.0,psutil,
b3-soak-20260921T124212Z-03f43125,0,562,2026-09-21T12:51:42.486217+00:00,11645323580300,planner_process,326288.0,327800.0,psutil,
b3-soak-20260921T124212Z-03f43125,0,563,2026-09-21T12:51:43.487110+00:00,11646324434800,planner_process,326288.0,327800.0,psutil,
b3-soak-20260921T124212Z-03f43125,0,564,2026-09-21T12:51:44.494538+00:00,11647332165400,planner_process,326288.0,327800.0,psutil,
b3-soak-20260921T124212Z-03f43125,0,565,2026-09-21T12:51:45.513728+00:00,11648351530900,planner_process,326288.0,327800.0,psutil,
b3-soak-20260921T124212Z-03f43125,0,566,2026-09-21T12:51:46.518131+00:00,11649355444600,planner_process,326288.0,327800.0,psutil,
b3-soak-20260921T124212Z-03f43125,0,567,2026-09-21T12:51:47.525635+00:00,11650363238200,planner_process,326288.0,327800.0,psutil,
b3-soak-20260921T124212Z-03f43125,0,568,2026-09-21T12:51:48.532303+00:00,11651369649500,planner_process,326288.0,327800.0,psutil,
b3-soak-20260921T124212Z-03f43125,0,569,2026-09-21T12:51:49.537841+00:00,11652375176000,planner_process,326288.0,327800.0,psutil,
b3-soak-20260921T124212Z-03f43125,0,570,2026-09-21T12:51:50.544441+00:00,11653381934200,planner_process,326288.0,327800.0,psutil,
b3-soak-20260921T124212Z-03f43125,0,571,2026-09-21T12:51:51.552772+00:00,11654390305900,planner_process,326288.0,327800.0,psutil,
b3-soak-20260921T124212Z-03f43125,0,572,2026-09-21T12:51:52.568889+00:00,11655406947900,planner_process,326288.0,327800.0,psutil,
b3-soak-20260921T124212Z-03f43125,0,573,2026-09-21T12:51:53.583343+00:00,11656420732900,planner_process,326288.0,327800.0,psutil,
b3-soak-20260921T124212Z-03f43125,0,574,2026-09-21T12:51:54.591629+00:00,11657428950400,planner_process,326288.0,327800.0,psutil,
b3-soak-20260921T124212Z-03f43125,0,575,2026-09-21T12:51:55.599929+00:00,11658437278300,planner_process,326288.0,327800.0,psutil,
b3-soak-20260921T124212Z-03f43125,0,576,2026-09-21T12:51:56.606370+00:00,11659443749600,planner_process,326288.0,327800.0,psutil,
b3-soak-20260921T124212Z-03f43125,0,577,2026-09-21T12:51:57.613009+00:00,11660450668900,planner_process,326288.0,327800.0,psutil,
b3-soak-20260921T124212Z-03f43125,0,578,2026-09-21T12:51:58.617307+00:00,11661454679000,planner_process,326288.0,327800.0,psutil,
b3-soak-20260921T124212Z-03f43125,0,579,2026-09-21T12:51:59.629969+00:00,11662467289300,planner_process,326288.0,327800.0,psutil,
b3-soak-20260921T124212Z-03f43125,0,580,2026-09-21T12:52:00.644339+00:00,11663482052300,planner_process,326288.0,327800.0,psutil,
b3-soak-20260921T124212Z-03f43125,0,581,2026-09-21T12:52:01.652187+00:00,11664489620100,planner_process,326288.0,327800.0,psutil,
b3-soak-20260921T124212Z-03f43125,0,582,2026-09-21T12:52:02.657684+00:00,11665495006500,planner_process,326288.0,327800.0,psutil,
b3-soak-20260921T124212Z-03f43125,0,583,2026-09-21T12:52:03.669928+00:00,11666507226500,planner_process,326288.0,327800.0,psutil,
b3-soak-20260921T124212Z-03f43125,0,584,2026-09-21T12:52:04.680091+00:00,11667517412400,planner_process,326288.0,327800.0,psutil,
b3-soak-20260921T124212Z-03f43125,0,585,2026-09-21T12:52:05.684672+00:00,11668522362300,planner_process,326288.0,327800.0,psutil,
b3-soak-20260921T124212Z-03f43125,0,586,2026-09-21T12:52:06.692342+00:00,11669529971200,planner_process,326288.0,327800.0,psutil,
b3-soak-20260921T124212Z-03f43125,0,587,2026-09-21T12:52:07.697384+00:00,11670535281400,planner_process,326288.0,327800.0,psutil,
b3-soak-20260921T124212Z-03f43125,0,588,2026-09-21T12:52:08.700167+00:00,11671537528000,planner_process,326288.0,327800.0,psutil,
b3-soak-20260921T124212Z-03f43125,0,589,2026-09-21T12:52:09.706511+00:00,11672543950500,planner_process,326288.0,327800.0,psutil,
b3-soak-20260921T124212Z-03f43125,0,590,2026-09-21T12:52:10.712879+00:00,11673550190000,planner_process,326288.0,327800.0,psutil,
b3-soak-20260921T124212Z-03f43125,0,591,2026-09-21T12:52:11.719320+00:00,11674556679700,planner_process,326288.0,327800.0,psutil,
b3-soak-20260921T124212Z-03f43125,0,592,2026-09-21T12:52:12.726346+00:00,11675563687700,planner_process,326328.0,327800.0,psutil,
b3-soak-20260921T124212Z-03f43125,0,593,2026-09-21T12:52:13.737303+00:00,11676575389900,planner_process,326328.0,327800.0,psutil,
b3-soak-20260921T124212Z-03f43125,0,594,2026-09-21T12:52:14.738409+00:00,11677576588400,planner_process,326328.0,327800.0,psutil,
b3-soak-20260921T124212Z-03f43125,0,595,2026-09-21T12:52:15.740550+00:00,11678577931000,planner_process,326328.0,327800.0,psutil,
b3-soak-20260921T124212Z-03f43125,0,596,2026-09-21T12:52:16.749292+00:00,11679587363200,planner_process,326328.0,327800.0,psutil,
b3-soak-20260921T124212Z-03f43125,0,597,2026-09-21T12:52:17.754257+00:00,11680592034400,planner_process,326328.0,327800.0,psutil,
b3-soak-20260921T124212Z-03f43125,0,598,2026-09-21T12:52:18.758916+00:00,11681596228400,planner_process,326328.0,327800.0,psutil,
b3-soak-20260921T124212Z-03f43125,0,599,2026-09-21T12:52:19.769529+00:00,11682607510100,planner_process,326328.0,327800.0,psutil,
b3-soak-20260921T124212Z-03f43125,0,600,2026-09-21T12:52:20.771182+00:00,11683608611600,planner_process,322808.0,327800.0,psutil,
b3-soak-20260921T124212Z-03f43125,0,601,2026-09-21T12:52:21.776934+00:00,11684614313400,planner_process,326328.0,327800.0,psutil,
b3-soak-20260921T124212Z-03f43125,0,602,2026-09-21T12:52:22.782723+00:00,11685620458200,planner_process,326328.0,327800.0,psutil,
b3-soak-20260921T124212Z-03f43125,0,603,2026-09-21T12:52:23.788088+00:00,11686625401900,planner_process,326328.0,327800.0,psutil,
b3-soak-20260921T124212Z-03f43125,0,604,2026-09-21T12:52:24.791142+00:00,11687628475100,planner_process,322808.0,327800.0,psutil,
b3-soak-20260921T124212Z-03f43125,0,605,2026-09-21T12:52:25.801483+00:00,11688639300900,planner_process,326328.0,327800.0,psutil,
b3-soak-20260921T124212Z-03f43125,0,606,2026-09-21T12:52:26.803545+00:00,11689640860300,planner_process,326328.0,327800.0,psutil,
b3-soak-20260921T124212Z-03f43125,0,607,2026-09-21T12:52:27.810779+00:00,11690648306700,planner_process,326328.0,327800.0,psutil,
b3-soak-20260921T124212Z-03f43125,0,608,2026-09-21T12:52:28.822044+00:00,11691659409700,planner_process,326328.0,327800.0,psutil,
b3-soak-20260921T124212Z-03f43125,0,609,2026-09-21T12:52:29.831245+00:00,11692668597700,planner_process,326328.0,327800.0,psutil,
b3-soak-20260921T124212Z-03f43125,0,610,2026-09-21T12:52:30.839432+00:00,11693676798300,planner_process,326328.0,327800.0,psutil,
b3-soak-20260921T124212Z-03f43125,0,611,2026-09-21T12:52:31.843630+00:00,11694681000200,planner_process,326328.0,327800.0,psutil,
b3-soak-20260921T124212Z-03f43125,0,612,2026-09-21T12:52:32.849753+00:00,11695687177700,planner_process,326328.0,327800.0,psutil,
b3-soak-20260921T124212Z-03f43125,0,613,2026-09-21T12:52:33.857456+00:00,11696694931900,planner_process,326328.0,327800.0,psutil,
b3-soak-20260921T124212Z-03f43125,0,614,2026-09-21T12:52:34.864898+00:00,11697702285800,planner_process,326328.0,327800.0,psutil,
b3-soak-20260921T124212Z-03f43125,0,615,2026-09-21T12:52:35.871144+00:00,11698708484500,planner_process,326328.0,327800.0,psutil,
b3-soak-20260921T124212Z-03f43125,0,616,2026-09-21T12:52:36.877449+00:00,11699714775400,planner_process,326328.0,327800.0,psutil,
b3-soak-20260921T124212Z-03f43125,0,617,2026-09-21T12:52:37.887743+00:00,11700725496500,planner_process,326328.0,327800.0,psutil,
b3-soak-20260921T124212Z-03f43125,0,618,2026-09-21T12:52:38.900713+00:00,11701738897600,planner_process,326328.0,327800.0,psutil,
b3-soak-20260921T124212Z-03f43125,0,619,2026-09-21T12:52:39.906360+00:00,11702744619700,planner_process,326328.0,327800.0,psutil,
b3-soak-20260921T124212Z-03f43125,0,620,2026-09-21T12:52:40.921289+00:00,11703758702800,planner_process,326328.0,327800.0,psutil,
b3-soak-20260921T124212Z-03f43125,0,621,2026-09-21T12:52:41.926134+00:00,11704763517200,planner_process,326328.0,327800.0,psutil,
b3-soak-20260921T124212Z-03f43125,0,622,2026-09-21T12:52:42.932336+00:00,11705770117600,planner_process,326328.0,327800.0,psutil,
b3-soak-20260921T124212Z-03f43125,0,623,2026-09-21T12:52:43.937892+00:00,11706775206900,planner_process,326328.0,327800.0,psutil,
b3-soak-20260921T124212Z-03f43125,0,624,2026-09-21T12:52:44.939906+00:00,11707777225000,planner_process,326328.0,327800.0,psutil,
b3-soak-20260921T124212Z-03f43125,0,625,2026-09-21T12:52:45.945978+00:00,11708784073800,planner_process,322808.0,327800.0,psutil,
b3-soak-20260921T124212Z-03f43125,0,626,2026-09-21T12:52:46.949533+00:00,11709787186600,planner_process,326328.0,327800.0,psutil,
b3-soak-20260921T124212Z-03f43125,0,627,2026-09-21T12:52:47.955302+00:00,11710792807000,planner_process,326328.0,327800.0,psutil,
b3-soak-20260921T124212Z-03f43125,0,628,2026-09-21T12:52:48.963595+00:00,11711801723400,planner_process,326328.0,327800.0,psutil,
b3-soak-20260921T124212Z-03f43125,0,629,2026-09-21T12:52:49.965466+00:00,11712802795600,planner_process,326328.0,327800.0,psutil,
b3-soak-20260921T124212Z-03f43125,0,630,2026-09-21T12:52:50.967528+00:00,11713804896900,planner_process,326328.0,327800.0,psutil,
b3-soak-20260921T124212Z-03f43125,0,631,2026-09-21T12:52:51.975010+00:00,11714812378100,planner_process,326328.0,327800.0,psutil,
b3-soak-20260921T124212Z-03f43125,0,632,2026-09-21T12:52:52.981763+00:00,11715819461100,planner_process,326328.0,327800.0,psutil,
b3-soak-20260921T124212Z-03f43125,0,633,2026-09-21T12:52:53.996269+00:00,11716833766400,planner_process,326328.0,327800.0,psutil,
b3-soak-20260921T124212Z-03f43125,0,634,2026-09-21T12:52:55.004619+00:00,11717841972300,planner_process,326328.0,327800.0,psutil,
b3-soak-20260921T124212Z-03f43125,0,635,2026-09-21T12:52:56.005123+00:00,11718842448600,planner_process,326328.0,327800.0,psutil,
b3-soak-20260921T124212Z-03f43125,0,636,2026-09-21T12:52:57.010806+00:00,11719848905400,planner_process,326328.0,327800.0,psutil,
b3-soak-20260921T124212Z-03f43125,0,637,2026-09-21T12:52:58.018561+00:00,11720856279900,planner_process,326328.0,327800.0,psutil,
b3-soak-20260921T124212Z-03f43125,0,638,2026-09-21T12:52:59.024455+00:00,11721861775600,planner_process,326328.0,327800.0,psutil,
b3-soak-20260921T124212Z-03f43125,0,639,2026-09-21T12:53:00.026986+00:00,11722864302400,planner_process,326328.0,327800.0,psutil,
b3-soak-20260921T124212Z-03f43125,0,640,2026-09-21T12:53:01.029898+00:00,11723867221100,planner_process,322808.0,327800.0,psutil,
b3-soak-20260921T124212Z-03f43125,0,641,2026-09-21T12:53:02.030605+00:00,11724867998700,planner_process,326328.0,327800.0,psutil,
b3-soak-20260921T124212Z-03f43125,0,642,2026-09-21T12:53:03.035706+00:00,11725873572300,planner_process,326328.0,327800.0,psutil,
b3-soak-20260921T124212Z-03f43125,0,643,2026-09-21T12:53:04.050359+00:00,11726887976600,planner_process,326328.0,327800.0,psutil,
b3-soak-20260921T124212Z-03f43125,0,644,2026-09-21T12:53:05.054141+00:00,11727891463800,planner_process,326328.0,327800.0,psutil,
b3-soak-20260921T124212Z-03f43125,0,645,2026-09-21T12:53:06.059966+00:00,11728897995400,planner_process,326328.0,327800.0,psutil,
b3-soak-20260921T124212Z-03f43125,0,646,2026-09-21T12:53:07.062719+00:00,11729900061000,planner_process,326328.0,327800.0,psutil,
b3-soak-20260921T124212Z-03f43125,0,647,2026-09-21T12:53:08.066045+00:00,11730903949300,planner_process,326328.0,327800.0,psutil,
b3-soak-20260921T124212Z-03f43125,0,648,2026-09-21T12:53:09.067834+00:00,11731905179300,planner_process,326328.0,327800.0,psutil,
b3-soak-20260921T124212Z-03f43125,0,649,2026-09-21T12:53:10.084843+00:00,11732922272400,planner_process,326328.0,327800.0,psutil,
b3-soak-20260921T124212Z-03f43125,0,650,2026-09-21T12:53:11.094947+00:00,11733932297600,planner_process,326328.0,327800.0,psutil,
b3-soak-20260921T124212Z-03f43125,0,651,2026-09-21T12:53:12.113705+00:00,11734951513100,planner_process,326328.0,327800.0,psutil,
b3-soak-20260921T124212Z-03f43125,0,652,2026-09-21T12:53:13.128133+00:00,11735965520500,planner_process,326328.0,327800.0,psutil,
b3-soak-20260921T124212Z-03f43125,0,653,2026-09-21T12:53:14.136421+00:00,11736973740900,planner_process,326328.0,327800.0,psutil,
b3-soak-20260921T124212Z-03f43125,0,654,2026-09-21T12:53:15.148109+00:00,11737986385200,planner_process,326328.0,327800.0,psutil,
b3-soak-20260921T124212Z-03f43125,0,655,2026-09-21T12:53:16.148215+00:00,11738986482500,planner_process,326328.0,327800.0,psutil,
b3-soak-20260921T124212Z-03f43125,0,656,2026-09-21T12:53:17.151617+00:00,11739988947100,planner_process,326328.0,327800.0,psutil,
b3-soak-20260921T124212Z-03f43125,0,657,2026-09-21T12:53:18.154767+00:00,11740992082500,planner_process,326328.0,327800.0,psutil,
b3-soak-20260921T124212Z-03f43125,0,658,2026-09-21T12:53:19.161126+00:00,11741998481200,planner_process,326328.0,327800.0,psutil,
b3-soak-20260921T124212Z-03f43125,0,659,2026-09-21T12:53:20.166261+00:00,11743004476900,planner_process,326328.0,327800.0,psutil,
b3-soak-20260921T124212Z-03f43125,0,660,2026-09-21T12:53:21.170822+00:00,11744008192400,planner_process,326328.0,327800.0,psutil,
b3-soak-20260921T124212Z-03f43125,0,661,2026-09-21T12:53:22.175358+00:00,11745013145600,planner_process,326288.0,327800.0,psutil,
b3-soak-20260921T124212Z-03f43125,0,662,2026-09-21T12:53:23.189349+00:00,11746026664300,planner_process,326288.0,327800.0,psutil,
b3-soak-20260921T124212Z-03f43125,0,663,2026-09-21T12:53:24.193368+00:00,11747030747500,planner_process,326288.0,327800.0,psutil,
b3-soak-20260921T124212Z-03f43125,0,664,2026-09-21T12:53:25.200058+00:00,11748037671800,planner_process,326288.0,327800.0,psutil,
b3-soak-20260921T124212Z-03f43125,0,665,2026-09-21T12:53:26.207159+00:00,11749044498400,planner_process,326288.0,327800.0,psutil,
b3-soak-20260921T124212Z-03f43125,0,666,2026-09-21T12:53:27.211440+00:00,11750048785300,planner_process,326288.0,327800.0,psutil,
b3-soak-20260921T124212Z-03f43125,0,667,2026-09-21T12:53:28.215289+00:00,11751053251600,planner_process,326288.0,327800.0,psutil,
b3-soak-20260921T124212Z-03f43125,0,668,2026-09-21T12:53:29.219344+00:00,11752056999300,planner_process,326288.0,327800.0,psutil,
b3-soak-20260921T124212Z-03f43125,0,669,2026-09-21T12:53:30.227230+00:00,11753064947400,planner_process,326288.0,327800.0,psutil,
b3-soak-20260921T124212Z-03f43125,0,670,2026-09-21T12:53:31.234685+00:00,11754072343200,planner_process,326288.0,327800.0,psutil,
b3-soak-20260921T124212Z-03f43125,0,671,2026-09-21T12:53:32.240343+00:00,11755077668700,planner_process,326288.0,327800.0,psutil,
b3-soak-20260921T124212Z-03f43125,0,672,2026-09-21T12:53:33.247681+00:00,11756085011800,planner_process,326288.0,327800.0,psutil,
b3-soak-20260921T124212Z-03f43125,0,673,2026-09-21T12:53:34.262980+00:00,11757100363500,planner_process,326288.0,327800.0,psutil,
b3-soak-20260921T124212Z-03f43125,0,674,2026-09-21T12:53:35.270123+00:00,11758107520800,planner_process,326288.0,327800.0,psutil,
b3-soak-20260921T124212Z-03f43125,0,675,2026-09-21T12:53:36.274980+00:00,11759112375300,planner_process,326288.0,327800.0,psutil,
b3-soak-20260921T124212Z-03f43125,0,676,2026-09-21T12:53:37.281778+00:00,11760119119000,planner_process,326288.0,327800.0,psutil,
b3-soak-20260921T124212Z-03f43125,0,677,2026-09-21T12:53:38.286642+00:00,11761124390500,planner_process,326288.0,327800.0,psutil,
b3-soak-20260921T124212Z-03f43125,0,678,2026-09-21T12:53:39.288980+00:00,11762126464800,planner_process,322768.0,327800.0,psutil,
b3-soak-20260921T124212Z-03f43125,0,679,2026-09-21T12:53:40.289899+00:00,11763127222100,planner_process,326288.0,327800.0,psutil,
b3-soak-20260921T124212Z-03f43125,0,680,2026-09-21T12:53:41.291388+00:00,11764128714800,planner_process,326288.0,327800.0,psutil,
b3-soak-20260921T124212Z-03f43125,0,681,2026-09-21T12:53:42.293437+00:00,11765131154600,planner_process,326288.0,327800.0,psutil,
b3-soak-20260921T124212Z-03f43125,0,682,2026-09-21T12:53:43.299054+00:00,11766136718600,planner_process,326288.0,327800.0,psutil,
b3-soak-20260921T124212Z-03f43125,0,683,2026-09-21T12:53:44.302804+00:00,11767140445100,planner_process,326288.0,327800.0,psutil,
b3-soak-20260921T124212Z-03f43125,0,684,2026-09-21T12:53:45.311086+00:00,11768148428800,planner_process,326288.0,327800.0,psutil,
b3-soak-20260921T124212Z-03f43125,0,685,2026-09-21T12:53:46.319752+00:00,11769157496800,planner_process,326288.0,327800.0,psutil,
b3-soak-20260921T124212Z-03f43125,0,686,2026-09-21T12:53:47.334873+00:00,11770172906200,planner_process,326288.0,327800.0,psutil,
b3-soak-20260921T124212Z-03f43125,0,687,2026-09-21T12:53:48.352081+00:00,11771189747600,planner_process,326288.0,327800.0,psutil,
b3-soak-20260921T124212Z-03f43125,0,688,2026-09-21T12:53:49.358204+00:00,11772195570800,planner_process,326288.0,327800.0,psutil,
b3-soak-20260921T124212Z-03f43125,0,689,2026-09-21T12:53:50.364880+00:00,11773202535800,planner_process,326288.0,327800.0,psutil,
b3-soak-20260921T124212Z-03f43125,0,690,2026-09-21T12:53:51.369744+00:00,11774207113200,planner_process,326288.0,327800.0,psutil,
b3-soak-20260921T124212Z-03f43125,0,691,2026-09-21T12:53:52.375821+00:00,11775213161200,planner_process,326288.0,327800.0,psutil,
b3-soak-20260921T124212Z-03f43125,0,692,2026-09-21T12:53:53.378196+00:00,11776215536900,planner_process,326288.0,327800.0,psutil,
b3-soak-20260921T124212Z-03f43125,0,693,2026-09-21T12:53:54.387628+00:00,11777225109200,planner_process,326288.0,327800.0,psutil,
b3-soak-20260921T124212Z-03f43125,0,694,2026-09-21T12:53:55.405657+00:00,11778243559900,planner_process,326288.0,327800.0,psutil,
b3-soak-20260921T124212Z-03f43125,0,695,2026-09-21T12:53:56.405743+00:00,11779243663300,planner_process,326288.0,327800.0,psutil,
b3-soak-20260921T124212Z-03f43125,0,696,2026-09-21T12:53:57.410352+00:00,11780247715600,planner_process,326288.0,327800.0,psutil,
b3-soak-20260921T124212Z-03f43125,0,697,2026-09-21T12:53:58.425836+00:00,11781263207400,planner_process,326288.0,327800.0,psutil,
b3-soak-20260921T124212Z-03f43125,0,698,2026-09-21T12:53:59.431687+00:00,11782269076500,planner_process,326288.0,327800.0,psutil,
b3-soak-20260921T124212Z-03f43125,0,699,2026-09-21T12:54:00.432209+00:00,11783269904400,planner_process,326288.0,327800.0,psutil,
b3-soak-20260921T124212Z-03f43125,0,700,2026-09-21T12:54:01.439261+00:00,11784276601600,planner_process,326288.0,327800.0,psutil,
b3-soak-20260921T124212Z-03f43125,0,701,2026-09-21T12:54:02.447256+00:00,11785284690500,planner_process,326288.0,327800.0,psutil,
b3-soak-20260921T124212Z-03f43125,0,702,2026-09-21T12:54:03.448843+00:00,11786286973400,planner_process,326288.0,327800.0,psutil,
b3-soak-20260921T124212Z-03f43125,0,703,2026-09-21T12:54:04.453628+00:00,11787291814800,planner_process,326288.0,327800.0,psutil,
b3-soak-20260921T124212Z-03f43125,0,704,2026-09-21T12:54:05.460468+00:00,11788297799000,planner_process,326288.0,327800.0,psutil,
b3-soak-20260921T124212Z-03f43125,0,705,2026-09-21T12:54:06.478282+00:00,11789316132000,planner_process,326288.0,327800.0,psutil,
b3-soak-20260921T124212Z-03f43125,0,706,2026-09-21T12:54:07.481193+00:00,11790319441300,planner_process,326288.0,327800.0,psutil,
b3-soak-20260921T124212Z-03f43125,0,707,2026-09-21T12:54:08.486596+00:00,11791324210200,planner_process,326288.0,327800.0,psutil,
b3-soak-20260921T124212Z-03f43125,0,708,2026-09-21T12:54:09.494454+00:00,11792332106000,planner_process,326288.0,327800.0,psutil,
b3-soak-20260921T124212Z-03f43125,0,709,2026-09-21T12:54:10.497991+00:00,11793335330400,planner_process,326288.0,327800.0,psutil,
b3-soak-20260921T124212Z-03f43125,0,710,2026-09-21T12:54:11.503975+00:00,11794341534700,planner_process,326288.0,327800.0,psutil,
b3-soak-20260921T124212Z-03f43125,0,711,2026-09-21T12:54:12.506569+00:00,11795344216800,planner_process,326288.0,327800.0,psutil,
b3-soak-20260921T124212Z-03f43125,0,712,2026-09-21T12:54:13.512916+00:00,11796350274100,planner_process,326288.0,327800.0,psutil,
b3-soak-20260921T124212Z-03f43125,0,713,2026-09-21T12:54:14.522800+00:00,11797360597300,planner_process,326288.0,327800.0,psutil,
b3-soak-20260921T124212Z-03f43125,0,714,2026-09-21T12:54:15.526633+00:00,11798363943200,planner_process,326288.0,327800.0,psutil,
b3-soak-20260921T124212Z-03f43125,0,715,2026-09-21T12:54:16.537563+00:00,11799375637100,planner_process,326288.0,327800.0,psutil,
b3-soak-20260921T124212Z-03f43125,0,716,2026-09-21T12:54:17.548087+00:00,11800385397100,planner_process,326288.0,327800.0,psutil,
b3-soak-20260921T124212Z-03f43125,0,717,2026-09-21T12:54:18.561811+00:00,11801399614100,planner_process,326288.0,327800.0,psutil,
b3-soak-20260921T124212Z-03f43125,0,718,2026-09-21T12:54:19.566086+00:00,11802403439200,planner_process,326288.0,327800.0,psutil,
b3-soak-20260921T124212Z-03f43125,0,719,2026-09-21T12:54:20.570400+00:00,11803407779600,planner_process,326288.0,327800.0,psutil,
b3-soak-20260921T124212Z-03f43125,0,720,2026-09-21T12:54:21.575319+00:00,11804413273000,planner_process,326288.0,327800.0,psutil,
b3-soak-20260921T124212Z-03f43125,0,721,2026-09-21T12:54:22.583223+00:00,11805420567300,planner_process,326288.0,327800.0,psutil,
b3-soak-20260921T124212Z-03f43125,0,722,2026-09-21T12:54:23.590159+00:00,11806427481000,planner_process,322768.0,327800.0,psutil,
b3-soak-20260921T124212Z-03f43125,0,723,2026-09-21T12:54:24.596002+00:00,11807433333300,planner_process,326288.0,327800.0,psutil,
b3-soak-20260921T124212Z-03f43125,0,724,2026-09-21T12:54:25.603047+00:00,11808440452000,planner_process,322768.0,327800.0,psutil,
b3-soak-20260921T124212Z-03f43125,0,725,2026-09-21T12:54:26.607667+00:00,11809445054900,planner_process,326288.0,327800.0,psutil,
b3-soak-20260921T124212Z-03f43125,0,726,2026-09-21T12:54:27.611941+00:00,11810449605800,planner_process,326288.0,327800.0,psutil,
b3-soak-20260921T124212Z-03f43125,0,727,2026-09-21T12:54:28.615116+00:00,11811453428800,planner_process,326288.0,327800.0,psutil,
b3-soak-20260921T124212Z-03f43125,0,728,2026-09-21T12:54:29.624512+00:00,11812462178000,planner_process,326288.0,327800.0,psutil,
b3-soak-20260921T124212Z-03f43125,0,729,2026-09-21T12:54:30.636418+00:00,11813473715400,planner_process,326288.0,327800.0,psutil,
b3-soak-20260921T124212Z-03f43125,0,730,2026-09-21T12:54:31.639342+00:00,11814476724100,planner_process,326288.0,327800.0,psutil,
b3-soak-20260921T124212Z-03f43125,0,731,2026-09-21T12:54:32.645976+00:00,11815483308400,planner_process,326288.0,327800.0,psutil,
b3-soak-20260921T124212Z-03f43125,0,732,2026-09-21T12:54:33.656311+00:00,11816493602800,planner_process,326288.0,327800.0,psutil,
b3-soak-20260921T124212Z-03f43125,0,733,2026-09-21T12:54:34.670880+00:00,11817508485500,planner_process,326288.0,327800.0,psutil,
b3-soak-20260921T124212Z-03f43125,0,734,2026-09-21T12:54:35.674299+00:00,11818511639900,planner_process,326288.0,327800.0,psutil,
b3-soak-20260921T124212Z-03f43125,0,735,2026-09-21T12:54:36.677582+00:00,11819514939700,planner_process,322768.0,327800.0,psutil,
b3-soak-20260921T124212Z-03f43125,0,736,2026-09-21T12:54:37.678705+00:00,11820516063100,planner_process,326288.0,327800.0,psutil,
b3-soak-20260921T124212Z-03f43125,0,737,2026-09-21T12:54:38.690745+00:00,11821528354700,planner_process,322768.0,327800.0,psutil,
b3-soak-20260921T124212Z-03f43125,0,738,2026-09-21T12:54:39.704599+00:00,11822541967100,planner_process,323236.0,327800.0,psutil,
b3-soak-20260921T124212Z-03f43125,0,739,2026-09-21T12:54:40.711077+00:00,11823549175700,planner_process,326288.0,327800.0,psutil,
b3-soak-20260921T124212Z-03f43125,0,740,2026-09-21T12:54:41.713431+00:00,11824551664400,planner_process,326288.0,327800.0,psutil,
b3-soak-20260921T124212Z-03f43125,0,741,2026-09-21T12:54:42.716821+00:00,11825554164600,planner_process,326288.0,327800.0,psutil,
b3-soak-20260921T124212Z-03f43125,0,742,2026-09-21T12:54:43.724033+00:00,11826561368500,planner_process,326288.0,327800.0,psutil,
b3-soak-20260921T124212Z-03f43125,0,743,2026-09-21T12:54:44.726595+00:00,11827563945000,planner_process,326288.0,327800.0,psutil,
b3-soak-20260921T124212Z-03f43125,0,744,2026-09-21T12:54:45.735175+00:00,11828572519800,planner_process,326288.0,327800.0,psutil,
b3-soak-20260921T124212Z-03f43125,0,745,2026-09-21T12:54:46.742509+00:00,11829580036200,planner_process,326288.0,327800.0,psutil,
b3-soak-20260921T124212Z-03f43125,0,746,2026-09-21T12:54:47.747457+00:00,11830584777300,planner_process,326288.0,327800.0,psutil,
b3-soak-20260921T124212Z-03f43125,0,747,2026-09-21T12:54:48.753275+00:00,11831591523200,planner_process,326288.0,327800.0,psutil,
b3-soak-20260921T124212Z-03f43125,0,748,2026-09-21T12:54:49.755586+00:00,11832593048900,planner_process,326288.0,327800.0,psutil,
b3-soak-20260921T124212Z-03f43125,0,749,2026-09-21T12:54:50.757912+00:00,11833595232300,planner_process,326288.0,327800.0,psutil,
b3-soak-20260921T124212Z-03f43125,0,750,2026-09-21T12:54:51.771848+00:00,11834609201200,planner_process,326288.0,327800.0,psutil,
b3-soak-20260921T124212Z-03f43125,0,751,2026-09-21T12:54:52.778522+00:00,11835615874900,planner_process,326288.0,327800.0,psutil,
b3-soak-20260921T124212Z-03f43125,0,752,2026-09-21T12:54:53.780257+00:00,11836617575100,planner_process,322768.0,327800.0,psutil,
b3-soak-20260921T124212Z-03f43125,0,753,2026-09-21T12:54:54.789082+00:00,11837626563400,planner_process,326288.0,327800.0,psutil,
b3-soak-20260921T124212Z-03f43125,0,754,2026-09-21T12:54:55.796028+00:00,11838633574900,planner_process,326288.0,327800.0,psutil,
b3-soak-20260921T124212Z-03f43125,0,755,2026-09-21T12:54:56.804243+00:00,11839641626300,planner_process,326288.0,327800.0,psutil,
b3-soak-20260921T124212Z-03f43125,0,756,2026-09-21T12:54:57.808268+00:00,11840645652800,planner_process,326288.0,327800.0,psutil,
b3-soak-20260921T124212Z-03f43125,0,757,2026-09-21T12:54:58.822640+00:00,11841660650500,planner_process,326288.0,327800.0,psutil,
b3-soak-20260921T124212Z-03f43125,0,758,2026-09-21T12:54:59.825370+00:00,11842662780000,planner_process,326288.0,327800.0,psutil,
b3-soak-20260921T124212Z-03f43125,0,759,2026-09-21T12:55:00.842635+00:00,11843680723400,planner_process,326288.0,327800.0,psutil,
b3-soak-20260921T124212Z-03f43125,0,760,2026-09-21T12:55:01.845403+00:00,11844683049400,planner_process,326288.0,327800.0,psutil,
b3-soak-20260921T124212Z-03f43125,0,761,2026-09-21T12:55:02.857273+00:00,11845694834700,planner_process,326288.0,327800.0,psutil,
b3-soak-20260921T124212Z-03f43125,0,762,2026-09-21T12:55:03.863076+00:00,11846700519200,planner_process,326288.0,327800.0,psutil,
b3-soak-20260921T124212Z-03f43125,0,763,2026-09-21T12:55:04.863121+00:00,11847700762100,planner_process,326288.0,327800.0,psutil,
b3-soak-20260921T124212Z-03f43125,0,764,2026-09-21T12:55:05.870465+00:00,11848708036200,planner_process,326288.0,327800.0,psutil,
b3-soak-20260921T124212Z-03f43125,0,765,2026-09-21T12:55:06.882167+00:00,11849719911700,planner_process,326288.0,327800.0,psutil,
b3-soak-20260921T124212Z-03f43125,0,766,2026-09-21T12:55:07.884271+00:00,11850722355200,planner_process,326288.0,327800.0,psutil,
b3-soak-20260921T124212Z-03f43125,0,767,2026-09-21T12:55:08.890734+00:00,11851728097000,planner_process,326288.0,327800.0,psutil,
b3-soak-20260921T124212Z-03f43125,0,768,2026-09-21T12:55:09.897146+00:00,11852734500200,planner_process,326288.0,327800.0,psutil,
b3-soak-20260921T124212Z-03f43125,0,769,2026-09-21T12:55:10.904781+00:00,11853742935500,planner_process,326288.0,327800.0,psutil,
b3-soak-20260921T124212Z-03f43125,0,770,2026-09-21T12:55:11.910547+00:00,11854747904200,planner_process,326288.0,327800.0,psutil,
b3-soak-20260921T124212Z-03f43125,0,771,2026-09-21T12:55:12.913119+00:00,11855751093800,planner_process,326288.0,327800.0,psutil,
b3-soak-20260921T124212Z-03f43125,0,772,2026-09-21T12:55:13.918022+00:00,11856755357600,planner_process,326288.0,327800.0,psutil,
b3-soak-20260921T124212Z-03f43125,0,773,2026-09-21T12:55:14.927800+00:00,11857765152900,planner_process,326288.0,327800.0,psutil,
b3-soak-20260921T124212Z-03f43125,0,774,2026-09-21T12:55:15.934236+00:00,11858771555600,planner_process,326288.0,327800.0,psutil,
b3-soak-20260921T124212Z-03f43125,0,775,2026-09-21T12:55:16.937840+00:00,11859775167200,planner_process,326288.0,327800.0,psutil,
b3-soak-20260921T124212Z-03f43125,0,776,2026-09-21T12:55:17.943250+00:00,11860780837300,planner_process,326288.0,327800.0,psutil,
b3-soak-20260921T124212Z-03f43125,0,777,2026-09-21T12:55:18.946066+00:00,11861783837900,planner_process,326288.0,327800.0,psutil,
b3-soak-20260921T124212Z-03f43125,0,778,2026-09-21T12:55:19.952094+00:00,11862789441000,planner_process,326288.0,327800.0,psutil,
b3-soak-20260921T124212Z-03f43125,0,779,2026-09-21T12:55:20.957669+00:00,11863794985800,planner_process,326288.0,327800.0,psutil,
b3-soak-20260921T124212Z-03f43125,0,780,2026-09-21T12:55:21.972337+00:00,11864810070000,planner_process,326288.0,327800.0,psutil,
b3-soak-20260921T124212Z-03f43125,0,781,2026-09-21T12:55:22.975014+00:00,11865812754400,planner_process,326288.0,327800.0,psutil,
b3-soak-20260921T124212Z-03f43125,0,782,2026-09-21T12:55:23.992126+00:00,11866829997000,planner_process,326288.0,327800.0,psutil,
b3-soak-20260921T124212Z-03f43125,0,783,2026-09-21T12:55:25.005415+00:00,11867843128400,planner_process,326288.0,327800.0,psutil,
b3-soak-20260921T124212Z-03f43125,0,784,2026-09-21T12:55:26.010456+00:00,11868848518400,planner_process,326288.0,327800.0,psutil,
b3-soak-20260921T124212Z-03f43125,0,785,2026-09-21T12:55:27.020685+00:00,11869858555800,planner_process,326288.0,327800.0,psutil,
b3-soak-20260921T124212Z-03f43125,0,786,2026-09-21T12:55:28.023485+00:00,11870860797600,planner_process,326288.0,327800.0,psutil,
b3-soak-20260921T124212Z-03f43125,0,787,2026-09-21T12:55:29.032182+00:00,11871870075100,planner_process,326288.0,327800.0,psutil,
b3-soak-20260921T124212Z-03f43125,0,788,2026-09-21T12:55:30.044686+00:00,11872882564500,planner_process,326288.0,327800.0,psutil,
b3-soak-20260921T124212Z-03f43125,0,789,2026-09-21T12:55:31.055006+00:00,11873892885400,planner_process,326288.0,327800.0,psutil,
b3-soak-20260921T124212Z-03f43125,0,790,2026-09-21T12:55:32.073828+00:00,11874911197100,planner_process,326288.0,327800.0,psutil,
b3-soak-20260921T124212Z-03f43125,0,791,2026-09-21T12:55:33.073913+00:00,11875911477000,planner_process,326288.0,327800.0,psutil,
b3-soak-20260921T124212Z-03f43125,0,792,2026-09-21T12:55:34.077282+00:00,11876914613400,planner_process,326288.0,327800.0,psutil,
b3-soak-20260921T124212Z-03f43125,0,793,2026-09-21T12:55:35.087420+00:00,11877925017700,planner_process,326288.0,327800.0,psutil,
b3-soak-20260921T124212Z-03f43125,0,794,2026-09-21T12:55:36.090870+00:00,11878928210500,planner_process,326288.0,327800.0,psutil,
b3-soak-20260921T124212Z-03f43125,0,795,2026-09-21T12:55:37.095345+00:00,11879933489600,planner_process,326288.0,327800.0,psutil,
b3-soak-20260921T124212Z-03f43125,0,796,2026-09-21T12:55:38.101170+00:00,11880938486600,planner_process,322768.0,327800.0,psutil,
b3-soak-20260921T124212Z-03f43125,0,797,2026-09-21T12:55:39.105131+00:00,11881942482400,planner_process,326288.0,327800.0,psutil,
b3-soak-20260921T124212Z-03f43125,0,798,2026-09-21T12:55:40.112451+00:00,11882950643600,planner_process,326288.0,327800.0,psutil,
b3-soak-20260921T124212Z-03f43125,0,799,2026-09-21T12:55:41.117158+00:00,11883954754300,planner_process,326288.0,327800.0,psutil,
b3-soak-20260921T124212Z-03f43125,0,800,2026-09-21T12:55:42.119193+00:00,11884956547000,planner_process,326288.0,327800.0,psutil,
b3-soak-20260921T124212Z-03f43125,0,801,2026-09-21T12:55:43.126904+00:00,11885964216700,planner_process,326288.0,327800.0,psutil,
b3-soak-20260921T124212Z-03f43125,0,802,2026-09-21T12:55:44.142025+00:00,11886979584700,planner_process,326288.0,327800.0,psutil,
b3-soak-20260921T124212Z-03f43125,0,803,2026-09-21T12:55:45.148560+00:00,11887985921100,planner_process,326288.0,327800.0,psutil,
b3-soak-20260921T124212Z-03f43125,0,804,2026-09-21T12:55:46.150646+00:00,11888988244400,planner_process,326288.0,327800.0,psutil,
b3-soak-20260921T124212Z-03f43125,0,805,2026-09-21T12:55:47.155010+00:00,11889992377700,planner_process,326288.0,327800.0,psutil,
b3-soak-20260921T124212Z-03f43125,0,806,2026-09-21T12:55:48.161651+00:00,11890998991600,planner_process,326288.0,327800.0,psutil,
b3-soak-20260921T124212Z-03f43125,0,807,2026-09-21T12:55:49.166316+00:00,11892003751900,planner_process,326288.0,327800.0,psutil,
b3-soak-20260921T124212Z-03f43125,0,808,2026-09-21T12:55:50.174999+00:00,11893013278800,planner_process,326288.0,327800.0,psutil,
b3-soak-20260921T124212Z-03f43125,0,809,2026-09-21T12:55:51.190572+00:00,11894027899000,planner_process,326288.0,327800.0,psutil,
b3-soak-20260921T124212Z-03f43125,0,810,2026-09-21T12:55:52.209467+00:00,11895047154600,planner_process,326288.0,327800.0,psutil,
b3-soak-20260921T124212Z-03f43125,0,811,2026-09-21T12:55:53.217494+00:00,11896054939700,planner_process,326288.0,327800.0,psutil,
b3-soak-20260921T124212Z-03f43125,0,812,2026-09-21T12:55:54.218899+00:00,11897056227000,planner_process,326288.0,327800.0,psutil,
b3-soak-20260921T124212Z-03f43125,0,813,2026-09-21T12:55:55.221646+00:00,11898058971800,planner_process,326288.0,327800.0,psutil,
b3-soak-20260921T124212Z-03f43125,0,814,2026-09-21T12:55:56.224058+00:00,11899061398800,planner_process,326288.0,327800.0,psutil,
b3-soak-20260921T124212Z-03f43125,0,815,2026-09-21T12:55:57.229682+00:00,11900067042900,planner_process,326288.0,327800.0,psutil,
b3-soak-20260921T124212Z-03f43125,0,816,2026-09-21T12:55:58.232479+00:00,11901069900200,planner_process,326288.0,327800.0,psutil,
b3-soak-20260921T124212Z-03f43125,0,817,2026-09-21T12:55:59.233267+00:00,11902070607300,planner_process,326288.0,327800.0,psutil,
b3-soak-20260921T124212Z-03f43125,0,818,2026-09-21T12:56:00.241376+00:00,11903079258900,planner_process,326288.0,327800.0,psutil,
b3-soak-20260921T124212Z-03f43125,0,819,2026-09-21T12:56:01.244005+00:00,11904081325000,planner_process,326288.0,327800.0,psutil,
b3-soak-20260921T124212Z-03f43125,0,820,2026-09-21T12:56:02.244328+00:00,11905081660500,planner_process,326288.0,327800.0,psutil,
b3-soak-20260921T124212Z-03f43125,0,821,2026-09-21T12:56:03.249874+00:00,11906087798300,planner_process,326288.0,327800.0,psutil,
b3-soak-20260921T124212Z-03f43125,0,822,2026-09-21T12:56:04.255894+00:00,11907093225100,planner_process,326288.0,327800.0,psutil,
b3-soak-20260921T124212Z-03f43125,0,823,2026-09-21T12:56:05.266867+00:00,11908104909400,planner_process,326288.0,327800.0,psutil,
b3-soak-20260921T124212Z-03f43125,0,824,2026-09-21T12:56:06.281779+00:00,11909119158100,planner_process,326288.0,327800.0,psutil,
b3-soak-20260921T124212Z-03f43125,0,825,2026-09-21T12:56:07.286623+00:00,11910123961300,planner_process,326288.0,327800.0,psutil,
b3-soak-20260921T124212Z-03f43125,0,826,2026-09-21T12:56:08.298853+00:00,11911136421200,planner_process,326288.0,327800.0,psutil,
b3-soak-20260921T124212Z-03f43125,0,827,2026-09-21T12:56:09.301437+00:00,11912138849400,planner_process,326288.0,327800.0,psutil,
b3-soak-20260921T124212Z-03f43125,0,828,2026-09-21T12:56:10.308354+00:00,11913145750900,planner_process,326288.0,327800.0,psutil,
b3-soak-20260921T124212Z-03f43125,0,829,2026-09-21T12:56:11.320381+00:00,11914157718600,planner_process,326288.0,327800.0,psutil,
b3-soak-20260921T124212Z-03f43125,0,830,2026-09-21T12:56:12.322859+00:00,11915160200100,planner_process,326288.0,327800.0,psutil,
b3-soak-20260921T124212Z-03f43125,0,831,2026-09-21T12:56:13.328102+00:00,11916165657400,planner_process,326288.0,327800.0,psutil,
b3-soak-20260921T124212Z-03f43125,0,832,2026-09-21T12:56:14.337508+00:00,11917175628000,planner_process,326288.0,327800.0,psutil,
b3-soak-20260921T124212Z-03f43125,0,833,2026-09-21T12:56:15.340041+00:00,11918178074500,planner_process,326288.0,327800.0,psutil,
b3-soak-20260921T124212Z-03f43125,0,834,2026-09-21T12:56:16.342420+00:00,11919179774600,planner_process,326288.0,327800.0,psutil,
b3-soak-20260921T124212Z-03f43125,0,835,2026-09-21T12:56:17.345302+00:00,11920182686300,planner_process,326288.0,327800.0,psutil,
b3-soak-20260921T124212Z-03f43125,0,836,2026-09-21T12:56:18.350528+00:00,11921188220800,planner_process,326288.0,327800.0,psutil,
b3-soak-20260921T124212Z-03f43125,0,837,2026-09-21T12:56:19.359122+00:00,11922196773700,planner_process,326288.0,327800.0,psutil,
b3-soak-20260921T124212Z-03f43125,0,838,2026-09-21T12:56:20.361649+00:00,11923198960400,planner_process,326288.0,327800.0,psutil,
b3-soak-20260921T124212Z-03f43125,0,839,2026-09-21T12:56:21.373954+00:00,11924211896800,planner_process,326288.0,327800.0,psutil,
b3-soak-20260921T124212Z-03f43125,0,840,2026-09-21T12:56:22.378861+00:00,11925216907200,planner_process,326288.0,327800.0,psutil,
b3-soak-20260921T124212Z-03f43125,0,841,2026-09-21T12:56:23.381957+00:00,11926219583800,planner_process,326288.0,327800.0,psutil,
b3-soak-20260921T124212Z-03f43125,0,842,2026-09-21T12:56:24.382781+00:00,11927220114900,planner_process,326288.0,327800.0,psutil,
b3-soak-20260921T124212Z-03f43125,0,843,2026-09-21T12:56:25.385875+00:00,11928223213400,planner_process,326288.0,327800.0,psutil,
b3-soak-20260921T124212Z-03f43125,0,844,2026-09-21T12:56:26.389223+00:00,11929227100400,planner_process,326288.0,327800.0,psutil,
b3-soak-20260921T124212Z-03f43125,0,845,2026-09-21T12:56:27.398470+00:00,11930235949100,planner_process,326288.0,327800.0,psutil,
b3-soak-20260921T124212Z-03f43125,0,846,2026-09-21T12:56:28.404129+00:00,11931242100900,planner_process,326288.0,327800.0,psutil,
b3-soak-20260921T124212Z-03f43125,0,847,2026-09-21T12:56:29.413873+00:00,11932251790000,planner_process,326288.0,327800.0,psutil,
b3-soak-20260921T124212Z-03f43125,0,848,2026-09-21T12:56:30.421244+00:00,11933259459100,planner_process,326288.0,327800.0,psutil,
b3-soak-20260921T124212Z-03f43125,0,849,2026-09-21T12:56:31.425012+00:00,11934262710700,planner_process,326288.0,327800.0,psutil,
b3-soak-20260921T124212Z-03f43125,0,850,2026-09-21T12:56:32.427662+00:00,11935265033100,planner_process,326288.0,327800.0,psutil,
b3-soak-20260921T124212Z-03f43125,0,851,2026-09-21T12:56:33.430551+00:00,11936268042500,planner_process,326288.0,327800.0,psutil,
b3-soak-20260921T124212Z-03f43125,0,852,2026-09-21T12:56:34.441864+00:00,11937280071200,planner_process,322768.0,327800.0,psutil,
b3-soak-20260921T124212Z-03f43125,0,853,2026-09-21T12:56:35.447376+00:00,11938285291700,planner_process,326288.0,327800.0,psutil,
b3-soak-20260921T124212Z-03f43125,0,854,2026-09-21T12:56:36.454881+00:00,11939293031500,planner_process,326288.0,327800.0,psutil,
b3-soak-20260921T124212Z-03f43125,0,855,2026-09-21T12:56:37.462495+00:00,11940300218600,planner_process,326288.0,327800.0,psutil,
b3-soak-20260921T124212Z-03f43125,0,856,2026-09-21T12:56:38.465316+00:00,11941303314600,planner_process,326288.0,327800.0,psutil,
b3-soak-20260921T124212Z-03f43125,0,857,2026-09-21T12:56:39.468163+00:00,11942306040700,planner_process,326288.0,327800.0,psutil,
b3-soak-20260921T124212Z-03f43125,0,858,2026-09-21T12:56:40.474020+00:00,11943311393300,planner_process,326288.0,327800.0,psutil,
b3-soak-20260921T124212Z-03f43125,0,859,2026-09-21T12:56:41.474700+00:00,11944312045500,planner_process,326288.0,327800.0,psutil,
b3-soak-20260921T124212Z-03f43125,0,860,2026-09-21T12:56:42.478901+00:00,11945316848000,planner_process,326288.0,327800.0,psutil,
b3-soak-20260921T124212Z-03f43125,0,861,2026-09-21T12:56:43.484821+00:00,11946322492000,planner_process,326288.0,327800.0,psutil,
b3-soak-20260921T124212Z-03f43125,0,862,2026-09-21T12:56:44.489386+00:00,11947326698100,planner_process,326288.0,327800.0,psutil,
b3-soak-20260921T124212Z-03f43125,0,863,2026-09-21T12:56:45.492535+00:00,11948329948600,planner_process,326288.0,327800.0,psutil,
b3-soak-20260921T124212Z-03f43125,0,864,2026-09-21T12:56:46.499264+00:00,11949336610300,planner_process,326288.0,327800.0,psutil,
b3-soak-20260921T124212Z-03f43125,0,865,2026-09-21T12:56:47.501450+00:00,11950339665500,planner_process,326288.0,327800.0,psutil,
b3-soak-20260921T124212Z-03f43125,0,866,2026-09-21T12:56:48.515987+00:00,11951353462500,planner_process,326288.0,327800.0,psutil,
b3-soak-20260921T124212Z-03f43125,0,867,2026-09-21T12:56:49.520468+00:00,11952357847800,planner_process,326288.0,327800.0,psutil,
b3-soak-20260921T124212Z-03f43125,0,868,2026-09-21T12:56:50.524322+00:00,11953361681700,planner_process,326288.0,327800.0,psutil,
b3-soak-20260921T124212Z-03f43125,0,869,2026-09-21T12:56:51.538109+00:00,11954375453900,planner_process,326288.0,327800.0,psutil,
b3-soak-20260921T124212Z-03f43125,0,870,2026-09-21T12:56:52.547944+00:00,11955385695200,planner_process,326288.0,327800.0,psutil,
b3-soak-20260921T124212Z-03f43125,0,871,2026-09-21T12:56:53.548303+00:00,11956385803600,planner_process,326288.0,327800.0,psutil,
b3-soak-20260921T124212Z-03f43125,0,872,2026-09-21T12:56:54.552733+00:00,11957390491800,planner_process,326288.0,327800.0,psutil,
b3-soak-20260921T124212Z-03f43125,0,873,2026-09-21T12:56:55.565755+00:00,11958403119600,planner_process,326288.0,327800.0,psutil,
b3-soak-20260921T124212Z-03f43125,0,874,2026-09-21T12:56:56.582500+00:00,11959420625200,planner_process,326288.0,327800.0,psutil,
b3-soak-20260921T124212Z-03f43125,0,875,2026-09-21T12:56:57.597407+00:00,11960435413100,planner_process,326288.0,327800.0,psutil,
b3-soak-20260921T124212Z-03f43125,0,876,2026-09-21T12:56:58.607645+00:00,11961445182500,planner_process,326288.0,327800.0,psutil,
b3-soak-20260921T124212Z-03f43125,0,877,2026-09-21T12:56:59.628146+00:00,11962465566700,planner_process,326288.0,327800.0,psutil,
b3-soak-20260921T124212Z-03f43125,0,878,2026-09-21T12:57:00.636925+00:00,11963474278200,planner_process,326288.0,327800.0,psutil,
b3-soak-20260921T124212Z-03f43125,0,879,2026-09-21T12:57:01.652406+00:00,11964490281800,planner_process,326288.0,327800.0,psutil,
b3-soak-20260921T124212Z-03f43125,0,880,2026-09-21T12:57:02.653183+00:00,11965490507000,planner_process,326288.0,327800.0,psutil,
b3-soak-20260921T124212Z-03f43125,0,881,2026-09-21T12:57:03.657935+00:00,11966495857400,planner_process,326288.0,327800.0,psutil,
b3-soak-20260921T124212Z-03f43125,0,882,2026-09-21T12:57:04.667864+00:00,11967506117700,planner_process,326288.0,327800.0,psutil,
b3-soak-20260921T124212Z-03f43125,0,883,2026-09-21T12:57:05.671617+00:00,11968508974900,planner_process,326288.0,327800.0,psutil,
b3-soak-20260921T124212Z-03f43125,0,884,2026-09-21T12:57:06.676216+00:00,11969513568200,planner_process,322768.0,327800.0,psutil,
b3-soak-20260921T124212Z-03f43125,0,885,2026-09-21T12:57:07.679205+00:00,11970516596000,planner_process,326288.0,327800.0,psutil,
b3-soak-20260921T124212Z-03f43125,0,886,2026-09-21T12:57:08.693579+00:00,11971530925300,planner_process,326288.0,327800.0,psutil,
b3-soak-20260921T124212Z-03f43125,0,887,2026-09-21T12:57:09.695948+00:00,11972533434900,planner_process,326288.0,327800.0,psutil,
b3-soak-20260921T124212Z-03f43125,0,888,2026-09-21T12:57:10.705653+00:00,11973543892800,planner_process,326288.0,327800.0,psutil,
b3-soak-20260921T124212Z-03f43125,0,889,2026-09-21T12:57:11.721642+00:00,11974559134600,planner_process,326288.0,327800.0,psutil,
b3-soak-20260921T124212Z-03f43125,0,890,2026-09-21T12:57:12.725866+00:00,11975563355500,planner_process,326288.0,327800.0,psutil,
b3-soak-20260921T124212Z-03f43125,0,891,2026-09-21T12:57:13.730707+00:00,11976568076800,planner_process,326288.0,327800.0,psutil,
b3-soak-20260921T124212Z-03f43125,0,892,2026-09-21T12:57:14.747198+00:00,11977584637200,planner_process,326288.0,327800.0,psutil,
b3-soak-20260921T124212Z-03f43125,0,893,2026-09-21T12:57:15.748531+00:00,11978586012100,planner_process,326288.0,327800.0,psutil,
b3-soak-20260921T124212Z-03f43125,0,894,2026-09-21T12:57:16.753776+00:00,11979591128200,planner_process,326288.0,327800.0,psutil,
b3-soak-20260921T124212Z-03f43125,0,895,2026-09-21T12:57:17.754334+00:00,11980591656400,planner_process,326288.0,327800.0,psutil,
b3-soak-20260921T124212Z-03f43125,0,896,2026-09-21T12:57:18.755459+00:00,11981592811800,planner_process,326288.0,327800.0,psutil,
b3-soak-20260921T124212Z-03f43125,0,897,2026-09-21T12:57:19.758686+00:00,11982596951500,planner_process,326288.0,327800.0,psutil,
b3-soak-20260921T124212Z-03f43125,0,898,2026-09-21T12:57:20.768014+00:00,11983605320800,planner_process,326288.0,327800.0,psutil,
b3-soak-20260921T124212Z-03f43125,0,899,2026-09-21T12:57:21.777947+00:00,11984615762500,planner_process,326288.0,327800.0,psutil,
b3-soak-20260921T124212Z-03f43125,0,900,2026-09-21T12:57:22.790578+00:00,11985628008900,planner_process,326288.0,327800.0,psutil,
b3-soak-20260921T124212Z-03f43125,0,901,2026-09-21T12:57:23.803371+00:00,11986640720400,planner_process,326288.0,327800.0,psutil,
b3-soak-20260921T124212Z-03f43125,0,902,2026-09-21T12:57:24.807580+00:00,11987645378000,planner_process,326288.0,327800.0,psutil,
b3-soak-20260921T124212Z-03f43125,0,903,2026-09-21T12:57:25.810885+00:00,11988648208900,planner_process,322768.0,327800.0,psutil,
b3-soak-20260921T124212Z-03f43125,0,904,2026-09-21T12:57:26.813852+00:00,11989651208200,planner_process,326288.0,327800.0,psutil,
b3-soak-20260921T124212Z-03f43125,0,905,2026-09-21T12:57:27.828097+00:00,11990665441000,planner_process,326288.0,327800.0,psutil,
b3-soak-20260921T124212Z-03f43125,0,906,2026-09-21T12:57:28.832888+00:00,11991670238500,planner_process,326288.0,327800.0,psutil,
b3-soak-20260921T124212Z-03f43125,0,907,2026-09-21T12:57:29.844131+00:00,11992681479000,planner_process,326288.0,327800.0,psutil,
b3-soak-20260921T124212Z-03f43125,0,908,2026-09-21T12:57:30.847453+00:00,11993684784500,planner_process,326288.0,327800.0,psutil,
b3-soak-20260921T124212Z-03f43125,0,909,2026-09-21T12:57:31.853121+00:00,11994690688200,planner_process,326288.0,327800.0,psutil,
b3-soak-20260921T124212Z-03f43125,0,910,2026-09-21T12:57:32.868598+00:00,11995706060400,planner_process,326288.0,327800.0,psutil,
b3-soak-20260921T124212Z-03f43125,0,911,2026-09-21T12:57:33.883382+00:00,11996720986400,planner_process,326288.0,327800.0,psutil,
b3-soak-20260921T124212Z-03f43125,0,912,2026-09-21T12:57:34.900637+00:00,11997738444600,planner_process,326288.0,327800.0,psutil,
b3-soak-20260921T124212Z-03f43125,0,913,2026-09-21T12:57:35.916736+00:00,11998754209000,planner_process,322768.0,327800.0,psutil,
b3-soak-20260921T124212Z-03f43125,0,914,2026-09-21T12:57:36.928826+00:00,11999766586300,planner_process,326288.0,327800.0,psutil,
b3-soak-20260921T124212Z-03f43125,0,915,2026-09-21T12:57:37.931339+00:00,12000768655200,planner_process,326288.0,327800.0,psutil,
b3-soak-20260921T124212Z-03f43125,0,916,2026-09-21T12:57:38.942772+00:00,12001780606600,planner_process,326288.0,327800.0,psutil,
b3-soak-20260921T124212Z-03f43125,0,917,2026-09-21T12:57:39.955509+00:00,12002792870800,planner_process,326288.0,327800.0,psutil,
b3-soak-20260921T124212Z-03f43125,0,918,2026-09-21T12:57:40.965729+00:00,12003803039800,planner_process,326288.0,327800.0,psutil,
b3-soak-20260921T124212Z-03f43125,0,919,2026-09-21T12:57:41.967635+00:00,12004804942900,planner_process,326288.0,327800.0,psutil,
b3-soak-20260921T124212Z-03f43125,0,920,2026-09-21T12:57:42.974709+00:00,12005812364200,planner_process,326288.0,327800.0,psutil,
b3-soak-20260921T124212Z-03f43125,0,921,2026-09-21T12:57:43.985719+00:00,12006823691300,planner_process,326288.0,327800.0,psutil,
b3-soak-20260921T124212Z-03f43125,0,922,2026-09-21T12:57:44.987917+00:00,12007825304900,planner_process,326288.0,327800.0,psutil,
b3-soak-20260921T124212Z-03f43125,0,923,2026-09-21T12:57:45.994064+00:00,12008831695700,planner_process,326288.0,327800.0,psutil,
b3-soak-20260921T124212Z-03f43125,0,924,2026-09-21T12:57:47.007350+00:00,12009844987900,planner_process,326288.0,327800.0,psutil,
b3-soak-20260921T124212Z-03f43125,0,925,2026-09-21T12:57:48.014141+00:00,12010852329300,planner_process,326288.0,327800.0,psutil,
b3-soak-20260921T124212Z-03f43125,0,926,2026-09-21T12:57:49.031475+00:00,12011868823800,planner_process,326288.0,327800.0,psutil,
b3-soak-20260921T124212Z-03f43125,0,927,2026-09-21T12:57:50.043245+00:00,12012880567700,planner_process,326288.0,327800.0,psutil,
b3-soak-20260921T124212Z-03f43125,0,928,2026-09-21T12:57:51.048672+00:00,12013886148500,planner_process,326288.0,327800.0,psutil,
b3-soak-20260921T124212Z-03f43125,0,929,2026-09-21T12:57:52.063364+00:00,12014900728500,planner_process,326288.0,327800.0,psutil,
b3-soak-20260921T124212Z-03f43125,0,930,2026-09-21T12:57:53.065910+00:00,12015903432000,planner_process,326288.0,327800.0,psutil,
b3-soak-20260921T124212Z-03f43125,0,931,2026-09-21T12:57:54.074467+00:00,12016912054700,planner_process,326288.0,327800.0,psutil,
b3-soak-20260921T124212Z-03f43125,0,932,2026-09-21T12:57:55.077899+00:00,12017915281300,planner_process,326288.0,327800.0,psutil,
b3-soak-20260921T124212Z-03f43125,0,933,2026-09-21T12:57:56.078667+00:00,12018916070100,planner_process,326288.0,327800.0,psutil,
b3-soak-20260921T124212Z-03f43125,0,934,2026-09-21T12:57:57.093713+00:00,12019931111500,planner_process,326288.0,327800.0,psutil,
b3-soak-20260921T124212Z-03f43125,0,935,2026-09-21T12:57:58.104033+00:00,12020941418700,planner_process,326288.0,327800.0,psutil,
b3-soak-20260921T124212Z-03f43125,0,936,2026-09-21T12:57:59.122958+00:00,12021960839300,planner_process,326288.0,327800.0,psutil,
b3-soak-20260921T124212Z-03f43125,0,937,2026-09-21T12:58:00.132202+00:00,12022969634000,planner_process,326288.0,327800.0,psutil,
b3-soak-20260921T124212Z-03f43125,0,938,2026-09-21T12:58:01.148130+00:00,12023985447300,planner_process,326288.0,327800.0,psutil,
b3-soak-20260921T124212Z-03f43125,0,939,2026-09-21T12:58:02.161434+00:00,12024998797900,planner_process,326288.0,327800.0,psutil,
b3-soak-20260921T124212Z-03f43125,0,940,2026-09-21T12:58:03.172649+00:00,12026010463000,planner_process,326288.0,327800.0,psutil,
b3-soak-20260921T124212Z-03f43125,0,941,2026-09-21T12:58:04.173755+00:00,12027011556200,planner_process,322768.0,327800.0,psutil,
b3-soak-20260921T124212Z-03f43125,0,942,2026-09-21T12:58:05.180958+00:00,12028018994000,planner_process,326288.0,327800.0,psutil,
b3-soak-20260921T124212Z-03f43125,0,943,2026-09-21T12:58:06.197224+00:00,12029035403500,planner_process,326288.0,327800.0,psutil,
b3-soak-20260921T124212Z-03f43125,0,944,2026-09-21T12:58:07.203136+00:00,12030040471500,planner_process,326288.0,327800.0,psutil,
b3-soak-20260921T124212Z-03f43125,0,945,2026-09-21T12:58:08.213807+00:00,12031051194500,planner_process,326288.0,327800.0,psutil,
b3-soak-20260921T124212Z-03f43125,0,946,2026-09-21T12:58:09.220799+00:00,12032058124900,planner_process,326288.0,327800.0,psutil,
b3-soak-20260921T124212Z-03f43125,0,947,2026-09-21T12:58:10.229359+00:00,12033066957600,planner_process,326288.0,327800.0,psutil,
b3-soak-20260921T124212Z-03f43125,0,948,2026-09-21T12:58:11.234362+00:00,12034071818000,planner_process,326288.0,327800.0,psutil,
b3-soak-20260921T124212Z-03f43125,0,949,2026-09-21T12:58:12.237751+00:00,12035075119200,planner_process,326288.0,327800.0,psutil,
b3-soak-20260921T124212Z-03f43125,0,950,2026-09-21T12:58:13.242785+00:00,12036080263200,planner_process,326288.0,327800.0,psutil,
b3-soak-20260921T124212Z-03f43125,0,951,2026-09-21T12:58:14.244093+00:00,12037081406400,planner_process,326288.0,327800.0,psutil,
b3-soak-20260921T124212Z-03f43125,0,952,2026-09-21T12:58:15.250447+00:00,12038088523900,planner_process,326288.0,327800.0,psutil,
b3-soak-20260921T124212Z-03f43125,0,953,2026-09-21T12:58:16.261622+00:00,12039098956600,planner_process,326288.0,327800.0,psutil,
b3-soak-20260921T124212Z-03f43125,0,954,2026-09-21T12:58:17.269188+00:00,12040107255300,planner_process,326288.0,327800.0,psutil,
b3-soak-20260921T124212Z-03f43125,0,955,2026-09-21T12:58:18.276560+00:00,12041113988900,planner_process,326288.0,327800.0,psutil,
b3-soak-20260921T124212Z-03f43125,0,956,2026-09-21T12:58:19.285874+00:00,12042123234700,planner_process,322768.0,327800.0,psutil,
b3-soak-20260921T124212Z-03f43125,0,957,2026-09-21T12:58:20.291315+00:00,12043128900400,planner_process,326288.0,327800.0,psutil,
b3-soak-20260921T124212Z-03f43125,0,958,2026-09-21T12:58:21.298127+00:00,12044136243700,planner_process,326288.0,327800.0,psutil,
b3-soak-20260921T124212Z-03f43125,0,959,2026-09-21T12:58:22.299092+00:00,12045136466300,planner_process,326288.0,327800.0,psutil,
b3-soak-20260921T124212Z-03f43125,0,960,2026-09-21T12:58:23.303077+00:00,12046140815300,planner_process,322768.0,327800.0,psutil,
b3-soak-20260921T124212Z-03f43125,0,961,2026-09-21T12:58:24.308894+00:00,12047146565100,planner_process,326288.0,327800.0,psutil,
b3-soak-20260921T124212Z-03f43125,0,962,2026-09-21T12:58:25.315929+00:00,12048153276400,planner_process,326288.0,327800.0,psutil,
b3-soak-20260921T124212Z-03f43125,0,963,2026-09-21T12:58:26.322877+00:00,12049160226700,planner_process,326288.0,327800.0,psutil,
b3-soak-20260921T124212Z-03f43125,0,964,2026-09-21T12:58:27.333282+00:00,12050170585300,planner_process,326288.0,327800.0,psutil,
b3-soak-20260921T124212Z-03f43125,0,965,2026-09-21T12:58:28.347674+00:00,12051185113100,planner_process,326288.0,327800.0,psutil,
b3-soak-20260921T124212Z-03f43125,0,966,2026-09-21T12:58:29.351936+00:00,12052189383800,planner_process,326288.0,327800.0,psutil,
b3-soak-20260921T124212Z-03f43125,0,967,2026-09-21T12:58:30.356256+00:00,12053193677400,planner_process,326288.0,327800.0,psutil,
b3-soak-20260921T124212Z-03f43125,0,968,2026-09-21T12:58:31.362142+00:00,12054199489000,planner_process,326288.0,327800.0,psutil,
b3-soak-20260921T124212Z-03f43125,0,969,2026-09-21T12:58:32.368670+00:00,12055206006800,planner_process,326288.0,327800.0,psutil,
b3-soak-20260921T124212Z-03f43125,0,970,2026-09-21T12:58:33.376227+00:00,12056213590300,planner_process,326288.0,327800.0,psutil,
b3-soak-20260921T124212Z-03f43125,0,971,2026-09-21T12:58:34.386984+00:00,12057224448500,planner_process,326288.0,327800.0,psutil,
b3-soak-20260921T124212Z-03f43125,0,972,2026-09-21T12:58:35.387677+00:00,12058225646800,planner_process,326288.0,327800.0,psutil,
b3-soak-20260921T124212Z-03f43125,0,973,2026-09-21T12:58:36.392508+00:00,12059229822100,planner_process,326296.0,327800.0,psutil,
b3-soak-20260921T124212Z-03f43125,0,974,2026-09-21T12:58:37.401391+00:00,12060239122000,planner_process,326296.0,327800.0,psutil,
b3-soak-20260921T124212Z-03f43125,0,975,2026-09-21T12:58:38.402146+00:00,12061239485500,planner_process,326296.0,327800.0,psutil,
b3-soak-20260921T124212Z-03f43125,0,976,2026-09-21T12:58:39.405802+00:00,12062243195500,planner_process,326296.0,327800.0,psutil,
b3-soak-20260921T124212Z-03f43125,0,977,2026-09-21T12:58:40.414837+00:00,12063252501400,planner_process,326296.0,327800.0,psutil,
b3-soak-20260921T124212Z-03f43125,0,978,2026-09-21T12:58:41.419365+00:00,12064257486900,planner_process,326296.0,327800.0,psutil,
b3-soak-20260921T124212Z-03f43125,0,979,2026-09-21T12:58:42.433060+00:00,12065270392100,planner_process,326296.0,327800.0,psutil,
b3-soak-20260921T124212Z-03f43125,0,980,2026-09-21T12:58:43.435456+00:00,12066272776100,planner_process,326296.0,327800.0,psutil,
b3-soak-20260921T124212Z-03f43125,0,981,2026-09-21T12:58:44.436732+00:00,12067274092300,planner_process,326296.0,327800.0,psutil,
b3-soak-20260921T124212Z-03f43125,0,982,2026-09-21T12:58:45.441004+00:00,12068278321100,planner_process,326296.0,327800.0,psutil,
b3-soak-20260921T124212Z-03f43125,0,983,2026-09-21T12:58:46.445863+00:00,12069283534100,planner_process,326296.0,327800.0,psutil,
b3-soak-20260921T124212Z-03f43125,0,984,2026-09-21T12:58:47.448052+00:00,12070285360400,planner_process,322776.0,327800.0,psutil,
b3-soak-20260921T124212Z-03f43125,0,985,2026-09-21T12:58:48.456858+00:00,12071294261300,planner_process,322776.0,327800.0,psutil,
b3-soak-20260921T124212Z-03f43125,0,986,2026-09-21T12:58:49.462223+00:00,12072300016300,planner_process,322776.0,327800.0,psutil,
b3-soak-20260921T124212Z-03f43125,0,987,2026-09-21T12:58:50.476070+00:00,12073314191900,planner_process,326296.0,327800.0,psutil,
b3-soak-20260921T124212Z-03f43125,0,988,2026-09-21T12:58:51.489933+00:00,12074327315200,planner_process,326296.0,327800.0,psutil,
b3-soak-20260921T124212Z-03f43125,0,989,2026-09-21T12:58:52.496457+00:00,12075333938900,planner_process,326296.0,327800.0,psutil,
b3-soak-20260921T124212Z-03f43125,0,990,2026-09-21T12:58:53.497535+00:00,12076334860100,planner_process,326296.0,327800.0,psutil,
b3-soak-20260921T124212Z-03f43125,0,991,2026-09-21T12:58:54.502975+00:00,12077341031400,planner_process,322776.0,327800.0,psutil,
b3-soak-20260921T124212Z-03f43125,0,992,2026-09-21T12:58:55.506110+00:00,12078344146900,planner_process,326296.0,327800.0,psutil,
b3-soak-20260921T124212Z-03f43125,0,993,2026-09-21T12:58:56.510112+00:00,12079347469100,planner_process,326296.0,327800.0,psutil,
b3-soak-20260921T124212Z-03f43125,0,994,2026-09-21T12:58:57.515842+00:00,12080353205600,planner_process,326296.0,327800.0,psutil,
b3-soak-20260921T124212Z-03f43125,0,995,2026-09-21T12:58:58.529968+00:00,12081367325200,planner_process,326296.0,327800.0,psutil,
b3-soak-20260921T124212Z-03f43125,0,996,2026-09-21T12:58:59.534507+00:00,12082371852400,planner_process,326296.0,327800.0,psutil,
b3-soak-20260921T124212Z-03f43125,0,997,2026-09-21T12:59:00.538817+00:00,12083376178500,planner_process,326296.0,327800.0,psutil,
b3-soak-20260921T124212Z-03f43125,0,998,2026-09-21T12:59:01.542257+00:00,12084379593700,planner_process,326296.0,327800.0,psutil,
b3-soak-20260921T124212Z-03f43125,0,999,2026-09-21T12:59:02.544809+00:00,12085382862100,planner_process,326296.0,327800.0,psutil,
b3-soak-20260921T124212Z-03f43125,0,1000,2026-09-21T12:59:03.549252+00:00,12086386584200,planner_process,326296.0,327800.0,psutil,
b3-soak-20260921T124212Z-03f43125,0,1001,2026-09-21T12:59:04.556710+00:00,12087394952700,planner_process,326296.0,327800.0,psutil,
b3-soak-20260921T124212Z-03f43125,0,1002,2026-09-21T12:59:05.560494+00:00,12088398637900,planner_process,326296.0,327800.0,psutil,
b3-soak-20260921T124212Z-03f43125,0,1003,2026-09-21T12:59:06.569042+00:00,12089406755000,planner_process,326296.0,327800.0,psutil,
b3-soak-20260921T124212Z-03f43125,0,1004,2026-09-21T12:59:07.584220+00:00,12090422052600,planner_process,326296.0,327800.0,psutil,
b3-soak-20260921T124212Z-03f43125,0,1005,2026-09-21T12:59:08.585952+00:00,12091423285600,planner_process,326296.0,327800.0,psutil,
b3-soak-20260921T124212Z-03f43125,0,1006,2026-09-21T12:59:09.592350+00:00,12092430552100,planner_process,326296.0,327800.0,psutil,
b3-soak-20260921T124212Z-03f43125,0,1007,2026-09-21T12:59:10.610142+00:00,12093447939600,planner_process,326296.0,327800.0,psutil,
b3-soak-20260921T124212Z-03f43125,0,1008,2026-09-21T12:59:11.618700+00:00,12094456398800,planner_process,326296.0,327800.0,psutil,
b3-soak-20260921T124212Z-03f43125,0,1009,2026-09-21T12:59:12.621480+00:00,12095458874800,planner_process,326296.0,327800.0,psutil,
b3-soak-20260921T124212Z-03f43125,0,1010,2026-09-21T12:59:13.626490+00:00,12096463866800,planner_process,326296.0,327800.0,psutil,
b3-soak-20260921T124212Z-03f43125,0,1011,2026-09-21T12:59:14.628280+00:00,12097465601200,planner_process,326296.0,327800.0,psutil,
b3-soak-20260921T124212Z-03f43125,0,1012,2026-09-21T12:59:15.630129+00:00,12098468350100,planner_process,326296.0,327800.0,psutil,
b3-soak-20260921T124212Z-03f43125,0,1013,2026-09-21T12:59:16.635291+00:00,12099472639200,planner_process,326296.0,327800.0,psutil,
b3-soak-20260921T124212Z-03f43125,0,1014,2026-09-21T12:59:17.651360+00:00,12100488751500,planner_process,326296.0,327800.0,psutil,
b3-soak-20260921T124212Z-03f43125,0,1015,2026-09-21T12:59:18.656120+00:00,12101493539600,planner_process,326296.0,327800.0,psutil,
b3-soak-20260921T124212Z-03f43125,0,1016,2026-09-21T12:59:19.662354+00:00,12102499683300,planner_process,326296.0,327800.0,psutil,
b3-soak-20260921T124212Z-03f43125,0,1017,2026-09-21T12:59:20.666480+00:00,12103503909300,planner_process,326296.0,327800.0,psutil,
b3-soak-20260921T124212Z-03f43125,0,1018,2026-09-21T12:59:21.668681+00:00,12104506052000,planner_process,326296.0,327800.0,psutil,
b3-soak-20260921T124212Z-03f43125,0,1019,2026-09-21T12:59:22.668987+00:00,12105506303800,planner_process,326296.0,327800.0,psutil,
b3-soak-20260921T124212Z-03f43125,0,1020,2026-09-21T12:59:23.671004+00:00,12106508332700,planner_process,326296.0,327800.0,psutil,
b3-soak-20260921T124212Z-03f43125,0,1021,2026-09-21T12:59:24.671132+00:00,12107508576900,planner_process,326296.0,327800.0,psutil,
b3-soak-20260921T124212Z-03f43125,0,1022,2026-09-21T12:59:25.677855+00:00,12108515855600,planner_process,322776.0,327800.0,psutil,
b3-soak-20260921T124212Z-03f43125,0,1023,2026-09-21T12:59:26.680041+00:00,12109517449600,planner_process,322776.0,327800.0,psutil,
b3-soak-20260921T124212Z-03f43125,0,1024,2026-09-21T12:59:27.695486+00:00,12110532912700,planner_process,326296.0,327800.0,psutil,
b3-soak-20260921T124212Z-03f43125,0,1025,2026-09-21T12:59:28.703755+00:00,12111541528900,planner_process,326296.0,327800.0,psutil,
b3-soak-20260921T124212Z-03f43125,0,1026,2026-09-21T12:59:29.710154+00:00,12112547532200,planner_process,326296.0,327800.0,psutil,
b3-soak-20260921T124212Z-03f43125,0,1027,2026-09-21T12:59:30.727598+00:00,12113565646000,planner_process,326296.0,327800.0,psutil,
b3-soak-20260921T124212Z-03f43125,0,1028,2026-09-21T12:59:31.740069+00:00,12114577405300,planner_process,326296.0,327800.0,psutil,
b3-soak-20260921T124212Z-03f43125,0,1029,2026-09-21T12:59:32.751823+00:00,12115589232100,planner_process,326296.0,327800.0,psutil,
b3-soak-20260921T124212Z-03f43125,0,1030,2026-09-21T12:59:33.764788+00:00,12116602579300,planner_process,326296.0,327800.0,psutil,
b3-soak-20260921T124212Z-03f43125,0,1031,2026-09-21T12:59:34.770158+00:00,12117607510600,planner_process,326296.0,327800.0,psutil,
b3-soak-20260921T124212Z-03f43125,0,1032,2026-09-21T12:59:35.778002+00:00,12118615365700,planner_process,326296.0,327800.0,psutil,
b3-soak-20260921T124212Z-03f43125,0,1033,2026-09-21T12:59:36.784476+00:00,12119621853200,planner_process,326296.0,327800.0,psutil,
b3-soak-20260921T124212Z-03f43125,0,1034,2026-09-21T12:59:37.790462+00:00,12120627818900,planner_process,326296.0,327800.0,psutil,
b3-soak-20260921T124212Z-03f43125,0,1035,2026-09-21T12:59:38.790659+00:00,12121628037500,planner_process,326296.0,327800.0,psutil,
b3-soak-20260921T124212Z-03f43125,0,1036,2026-09-21T12:59:39.795882+00:00,12122633336100,planner_process,326296.0,327800.0,psutil,
b3-soak-20260921T124212Z-03f43125,0,1037,2026-09-21T12:59:40.813645+00:00,12123651340300,planner_process,326296.0,327800.0,psutil,
b3-soak-20260921T124212Z-03f43125,0,1038,2026-09-21T12:59:41.833235+00:00,12124671195200,planner_process,322776.0,327800.0,psutil,
b3-soak-20260921T124212Z-03f43125,0,1039,2026-09-21T12:59:42.835149+00:00,12125672998400,planner_process,326296.0,327800.0,psutil,
b3-soak-20260921T124212Z-03f43125,0,1040,2026-09-21T12:59:43.839433+00:00,12126676791600,planner_process,326296.0,327800.0,psutil,
b3-soak-20260921T124212Z-03f43125,0,1041,2026-09-21T12:59:44.846904+00:00,12127684847000,planner_process,326296.0,327800.0,psutil,
b3-soak-20260921T124212Z-03f43125,0,1042,2026-09-21T12:59:45.847851+00:00,12128685198700,planner_process,326296.0,327800.0,psutil,
b3-soak-20260921T124212Z-03f43125,0,1043,2026-09-21T12:59:46.854940+00:00,12129692323600,planner_process,326296.0,327800.0,psutil,
b3-soak-20260921T124212Z-03f43125,0,1044,2026-09-21T12:59:47.864538+00:00,12130701878500,planner_process,326296.0,327800.0,psutil,
b3-soak-20260921T124212Z-03f43125,0,1045,2026-09-21T12:59:48.876955+00:00,12131714280000,planner_process,326296.0,327800.0,psutil,
b3-soak-20260921T124212Z-03f43125,0,1046,2026-09-21T12:59:49.879041+00:00,12132716720300,planner_process,326296.0,327800.0,psutil,
b3-soak-20260921T124212Z-03f43125,0,1047,2026-09-21T12:59:50.888494+00:00,12133725887900,planner_process,326296.0,327800.0,psutil,
b3-soak-20260921T124212Z-03f43125,0,1048,2026-09-21T12:59:51.897415+00:00,12134734766800,planner_process,326296.0,327800.0,psutil,
b3-soak-20260921T124212Z-03f43125,0,1049,2026-09-21T12:59:52.904834+00:00,12135742979900,planner_process,326296.0,327800.0,psutil,
b3-soak-20260921T124212Z-03f43125,0,1050,2026-09-21T12:59:53.916244+00:00,12136754055900,planner_process,326296.0,327800.0,psutil,
b3-soak-20260921T124212Z-03f43125,0,1051,2026-09-21T12:59:54.919033+00:00,12137756508000,planner_process,326296.0,327800.0,psutil,
b3-soak-20260921T124212Z-03f43125,0,1052,2026-09-21T12:59:55.926257+00:00,12138763598000,planner_process,326296.0,327800.0,psutil,
b3-soak-20260921T124212Z-03f43125,0,1053,2026-09-21T12:59:56.932402+00:00,12139769802500,planner_process,326296.0,327800.0,psutil,
b3-soak-20260921T124212Z-03f43125,0,1054,2026-09-21T12:59:57.936903+00:00,12140774607500,planner_process,322776.0,327800.0,psutil,
b3-soak-20260921T124212Z-03f43125,0,1055,2026-09-21T12:59:58.942067+00:00,12141779458900,planner_process,322776.0,327800.0,psutil,
b3-soak-20260921T124212Z-03f43125,0,1056,2026-09-21T12:59:59.946267+00:00,12142783721700,planner_process,322776.0,327800.0,psutil,
b3-soak-20260921T124212Z-03f43125,0,1057,2026-09-21T13:00:00.952151+00:00,12143790097700,planner_process,326296.0,327800.0,psutil,
b3-soak-20260921T124212Z-03f43125,0,1058,2026-09-21T13:00:01.954525+00:00,12144791883000,planner_process,326296.0,327800.0,psutil,
b3-soak-20260921T124212Z-03f43125,0,1059,2026-09-21T13:00:02.959921+00:00,12145797344900,planner_process,326296.0,327800.0,psutil,
b3-soak-20260921T124212Z-03f43125,0,1060,2026-09-21T13:00:03.976968+00:00,12146814825600,planner_process,326296.0,327800.0,psutil,
b3-soak-20260921T124212Z-03f43125,0,1061,2026-09-21T13:00:04.980871+00:00,12147818359500,planner_process,326296.0,327800.0,psutil,
b3-soak-20260921T124212Z-03f43125,0,1062,2026-09-21T13:00:05.988567+00:00,12148825967400,planner_process,326296.0,327800.0,psutil,
b3-soak-20260921T124212Z-03f43125,0,1063,2026-09-21T13:00:06.995278+00:00,12149832697500,planner_process,326296.0,327800.0,psutil,
b3-soak-20260921T124212Z-03f43125,0,1064,2026-09-21T13:00:07.998142+00:00,12150835559200,planner_process,326296.0,327800.0,psutil,
b3-soak-20260921T124212Z-03f43125,0,1065,2026-09-21T13:00:09.005092+00:00,12151842689800,planner_process,326296.0,327800.0,psutil,
b3-soak-20260921T124212Z-03f43125,0,1066,2026-09-21T13:00:10.014735+00:00,12152852163300,planner_process,326296.0,327800.0,psutil,
b3-soak-20260921T124212Z-03f43125,0,1067,2026-09-21T13:00:11.028405+00:00,12153866121300,planner_process,326296.0,327800.0,psutil,
b3-soak-20260921T124212Z-03f43125,0,1068,2026-09-21T13:00:12.034495+00:00,12154872575000,planner_process,326296.0,327800.0,psutil,
b3-soak-20260921T124212Z-03f43125,0,1069,2026-09-21T13:00:13.036357+00:00,12155874108000,planner_process,326296.0,327800.0,psutil,
b3-soak-20260921T124212Z-03f43125,0,1070,2026-09-21T13:00:14.042651+00:00,12156879969300,planner_process,326296.0,327800.0,psutil,
b3-soak-20260921T124212Z-03f43125,0,1071,2026-09-21T13:00:15.052092+00:00,12157889953400,planner_process,326296.0,327800.0,psutil,
b3-soak-20260921T124212Z-03f43125,0,1072,2026-09-21T13:00:16.054996+00:00,12158892750400,planner_process,326296.0,327800.0,psutil,
b3-soak-20260921T124212Z-03f43125,0,1073,2026-09-21T13:00:17.058464+00:00,12159895804500,planner_process,326296.0,327800.0,psutil,
b3-soak-20260921T124212Z-03f43125,0,1074,2026-09-21T13:00:18.062753+00:00,12160900106300,planner_process,326296.0,327800.0,psutil,
b3-soak-20260921T124212Z-03f43125,0,1075,2026-09-21T13:00:19.066055+00:00,12161903374300,planner_process,326296.0,327800.0,psutil,
b3-soak-20260921T124212Z-03f43125,0,1076,2026-09-21T13:00:20.069778+00:00,12162907122000,planner_process,326296.0,327800.0,psutil,
b3-soak-20260921T124212Z-03f43125,0,1077,2026-09-21T13:00:21.075539+00:00,12163912849600,planner_process,326296.0,327800.0,psutil,
b3-soak-20260921T124212Z-03f43125,0,1078,2026-09-21T13:00:22.084101+00:00,12164922004200,planner_process,326296.0,327800.0,psutil,
b3-soak-20260921T124212Z-03f43125,0,1079,2026-09-21T13:00:23.089500+00:00,12165927466500,planner_process,326296.0,327800.0,psutil,
b3-soak-20260921T124212Z-03f43125,0,1080,2026-09-21T13:00:24.095631+00:00,12166933226900,planner_process,326296.0,327800.0,psutil,
b3-soak-20260921T124212Z-03f43125,0,1081,2026-09-21T13:00:25.110270+00:00,12167948035500,planner_process,326296.0,327800.0,psutil,
b3-soak-20260921T124212Z-03f43125,0,1082,2026-09-21T13:00:26.111108+00:00,12168948432900,planner_process,326296.0,327800.0,psutil,
b3-soak-20260921T124212Z-03f43125,0,1083,2026-09-21T13:00:27.116142+00:00,12169953938400,planner_process,326296.0,327800.0,psutil,
b3-soak-20260921T124212Z-03f43125,0,1084,2026-09-21T13:00:28.120434+00:00,12170957812300,planner_process,326296.0,327800.0,psutil,
b3-soak-20260921T124212Z-03f43125,0,1085,2026-09-21T13:00:29.127440+00:00,12171964864300,planner_process,322776.0,327800.0,psutil,
b3-soak-20260921T124212Z-03f43125,0,1086,2026-09-21T13:00:30.134974+00:00,12172972317500,planner_process,326296.0,327800.0,psutil,
b3-soak-20260921T124212Z-03f43125,0,1087,2026-09-21T13:00:31.141760+00:00,12173979118400,planner_process,326296.0,327800.0,psutil,
b3-soak-20260921T124212Z-03f43125,0,1088,2026-09-21T13:00:32.147823+00:00,12174985434700,planner_process,326296.0,327800.0,psutil,
b3-soak-20260921T124212Z-03f43125,0,1089,2026-09-21T13:00:33.151902+00:00,12175989245300,planner_process,326296.0,327800.0,psutil,
b3-soak-20260921T124212Z-03f43125,0,1090,2026-09-21T13:00:34.160923+00:00,12176998315900,planner_process,326296.0,327800.0,psutil,
b3-soak-20260921T124212Z-03f43125,0,1091,2026-09-21T13:00:35.168624+00:00,12178006506800,planner_process,326296.0,327800.0,psutil,
b3-soak-20260921T124212Z-03f43125,0,1092,2026-09-21T13:00:36.170314+00:00,12179007642900,planner_process,326296.0,327800.0,psutil,
b3-soak-20260921T124212Z-03f43125,0,1093,2026-09-21T13:00:37.179701+00:00,12180017303300,planner_process,326296.0,327800.0,psutil,
b3-soak-20260921T124212Z-03f43125,0,1094,2026-09-21T13:00:38.185502+00:00,12181023548600,planner_process,326296.0,327800.0,psutil,
b3-soak-20260921T124212Z-03f43125,0,1095,2026-09-21T13:00:39.188574+00:00,12182025942000,planner_process,326296.0,327800.0,psutil,
b3-soak-20260921T124212Z-03f43125,0,1096,2026-09-21T13:00:40.207051+00:00,12183044994700,planner_process,326296.0,327800.0,psutil,
b3-soak-20260921T124212Z-03f43125,0,1097,2026-09-21T13:00:41.224138+00:00,12184062221400,planner_process,326296.0,327800.0,psutil,
b3-soak-20260921T124212Z-03f43125,0,1098,2026-09-21T13:00:42.231195+00:00,12185068739800,planner_process,326296.0,327800.0,psutil,
b3-soak-20260921T124212Z-03f43125,0,1099,2026-09-21T13:00:43.232575+00:00,12186069923700,planner_process,326296.0,327800.0,psutil,
b3-soak-20260921T124212Z-03f43125,0,1100,2026-09-21T13:00:44.238127+00:00,12187075997800,planner_process,326296.0,327800.0,psutil,
b3-soak-20260921T124212Z-03f43125,0,1101,2026-09-21T13:00:45.250516+00:00,12188088214100,planner_process,326332.0,327800.0,psutil,
b3-soak-20260921T124212Z-03f43125,0,1102,2026-09-21T13:00:46.257360+00:00,12189094913200,planner_process,326332.0,327800.0,psutil,
b3-soak-20260921T124212Z-03f43125,0,1103,2026-09-21T13:00:47.262156+00:00,12190099529600,planner_process,326332.0,327800.0,psutil,
b3-soak-20260921T124212Z-03f43125,0,1104,2026-09-21T13:00:48.277457+00:00,12191114783200,planner_process,326332.0,327800.0,psutil,
b3-soak-20260921T124212Z-03f43125,0,1105,2026-09-21T13:00:49.280172+00:00,12192117684000,planner_process,326332.0,327800.0,psutil,
b3-soak-20260921T124212Z-03f43125,0,1106,2026-09-21T13:00:50.285621+00:00,12193123106000,planner_process,326332.0,327800.0,psutil,
b3-soak-20260921T124212Z-03f43125,0,1107,2026-09-21T13:00:51.299461+00:00,12194137100600,planner_process,326332.0,327800.0,psutil,
b3-soak-20260921T124212Z-03f43125,0,1108,2026-09-21T13:00:52.299883+00:00,12195138168900,planner_process,326332.0,327800.0,psutil,
b3-soak-20260921T124212Z-03f43125,0,1109,2026-09-21T13:00:53.307316+00:00,12196144691600,planner_process,326332.0,327800.0,psutil,
b3-soak-20260921T124212Z-03f43125,0,1110,2026-09-21T13:00:54.309602+00:00,12197146914500,planner_process,326332.0,327800.0,psutil,
b3-soak-20260921T124212Z-03f43125,0,1111,2026-09-21T13:00:55.314192+00:00,12198151978100,planner_process,326332.0,327800.0,psutil,
b3-soak-20260921T124212Z-03f43125,0,1112,2026-09-21T13:00:56.319848+00:00,12199157401100,planner_process,326332.0,327800.0,psutil,
b3-soak-20260921T124212Z-03f43125,0,1113,2026-09-21T13:00:57.333587+00:00,12200170932200,planner_process,326332.0,327800.0,psutil,
b3-soak-20260921T124212Z-03f43125,0,1114,2026-09-21T13:00:58.337581+00:00,12201175102200,planner_process,326332.0,327800.0,psutil,
b3-soak-20260921T124212Z-03f43125,0,1115,2026-09-21T13:00:59.340035+00:00,12202177367300,planner_process,326332.0,327800.0,psutil,
b3-soak-20260921T124212Z-03f43125,0,1116,2026-09-21T13:01:00.349353+00:00,12203186979400,planner_process,326332.0,327800.0,psutil,
b3-soak-20260921T124212Z-03f43125,0,1117,2026-09-21T13:01:01.360682+00:00,12204198026800,planner_process,326332.0,327800.0,psutil,
b3-soak-20260921T124212Z-03f43125,0,1118,2026-09-21T13:01:02.362532+00:00,12205199843000,planner_process,326332.0,327800.0,psutil,
b3-soak-20260921T124212Z-03f43125,0,1119,2026-09-21T13:01:03.372294+00:00,12206209796800,planner_process,326332.0,327800.0,psutil,
b3-soak-20260921T124212Z-03f43125,0,1120,2026-09-21T13:01:04.375518+00:00,12207212833500,planner_process,326332.0,327800.0,psutil,
b3-soak-20260921T124212Z-03f43125,0,1121,2026-09-21T13:01:05.376640+00:00,12208214053700,planner_process,326332.0,327800.0,psutil,
b3-soak-20260921T124212Z-03f43125,0,1122,2026-09-21T13:01:06.379753+00:00,12209217069400,planner_process,326332.0,327800.0,psutil,
b3-soak-20260921T124212Z-03f43125,0,1123,2026-09-21T13:01:07.386077+00:00,12210223399700,planner_process,326332.0,327800.0,psutil,
b3-soak-20260921T124212Z-03f43125,0,1124,2026-09-21T13:01:08.395934+00:00,12211234120000,planner_process,322812.0,327800.0,psutil,
b3-soak-20260921T124212Z-03f43125,0,1125,2026-09-21T13:01:09.402519+00:00,12212239818000,planner_process,322812.0,327800.0,psutil,
b3-soak-20260921T124212Z-03f43125,0,1126,2026-09-21T13:01:10.404548+00:00,12213241866900,planner_process,326332.0,327800.0,psutil,
b3-soak-20260921T124212Z-03f43125,0,1127,2026-09-21T13:01:11.411267+00:00,12214249205100,planner_process,326332.0,327800.0,psutil,
b3-soak-20260921T124212Z-03f43125,0,1128,2026-09-21T13:01:12.415443+00:00,12215252754300,planner_process,326332.0,327800.0,psutil,
b3-soak-20260921T124212Z-03f43125,0,1129,2026-09-21T13:01:13.430470+00:00,12216267860100,planner_process,326332.0,327800.0,psutil,
b3-soak-20260921T124212Z-03f43125,0,1130,2026-09-21T13:01:14.436096+00:00,12217273974400,planner_process,326332.0,327800.0,psutil,
b3-soak-20260921T124212Z-03f43125,0,1131,2026-09-21T13:01:15.440510+00:00,12218277841000,planner_process,326332.0,327800.0,psutil,
b3-soak-20260921T124212Z-03f43125,0,1132,2026-09-21T13:01:16.445628+00:00,12219282991300,planner_process,326332.0,327800.0,psutil,
b3-soak-20260921T124212Z-03f43125,0,1133,2026-09-21T13:01:17.452436+00:00,12220290540700,planner_process,326332.0,327800.0,psutil,
b3-soak-20260921T124212Z-03f43125,0,1134,2026-09-21T13:01:18.453383+00:00,12221290718600,planner_process,326332.0,327800.0,psutil,
b3-soak-20260921T124212Z-03f43125,0,1135,2026-09-21T13:01:19.460910+00:00,12222298751500,planner_process,326332.0,327800.0,psutil,
b3-soak-20260921T124212Z-03f43125,0,1136,2026-09-21T13:01:20.463769+00:00,12223301138400,planner_process,326332.0,327800.0,psutil,
b3-soak-20260921T124212Z-03f43125,0,1137,2026-09-21T13:01:21.476120+00:00,12224314284900,planner_process,326332.0,327800.0,psutil,
b3-soak-20260921T124212Z-03f43125,0,1138,2026-09-21T13:01:22.478575+00:00,12225315906700,planner_process,326332.0,327800.0,psutil,
b3-soak-20260921T124212Z-03f43125,0,1139,2026-09-21T13:01:23.492761+00:00,12226330096500,planner_process,326332.0,327800.0,psutil,
b3-soak-20260921T124212Z-03f43125,0,1140,2026-09-21T13:01:24.498722+00:00,12227336240300,planner_process,322812.0,327800.0,psutil,
b3-soak-20260921T124212Z-03f43125,0,1141,2026-09-21T13:01:25.502937+00:00,12228340254000,planner_process,326332.0,327800.0,psutil,
b3-soak-20260921T124212Z-03f43125,0,1142,2026-09-21T13:01:26.510266+00:00,12229347564200,planner_process,326332.0,327800.0,psutil,
b3-soak-20260921T124212Z-03f43125,0,1143,2026-09-21T13:01:27.521696+00:00,12230359106600,planner_process,326332.0,327800.0,psutil,
b3-soak-20260921T124212Z-03f43125,0,1144,2026-09-21T13:01:28.524727+00:00,12231362097500,planner_process,326332.0,327800.0,psutil,
b3-soak-20260921T124212Z-03f43125,0,1145,2026-09-21T13:01:29.540791+00:00,12232378783100,planner_process,326332.0,327800.0,psutil,
b3-soak-20260921T124212Z-03f43125,0,1146,2026-09-21T13:01:30.541537+00:00,12233378894300,planner_process,326332.0,327800.0,psutil,
b3-soak-20260921T124212Z-03f43125,0,1147,2026-09-21T13:01:31.543651+00:00,12234381067800,planner_process,326332.0,327800.0,psutil,
b3-soak-20260921T124212Z-03f43125,0,1148,2026-09-21T13:01:32.550567+00:00,12235387955200,planner_process,326332.0,327800.0,psutil,
b3-soak-20260921T124212Z-03f43125,0,1149,2026-09-21T13:01:33.551698+00:00,12236389015200,planner_process,326332.0,327800.0,psutil,
b3-soak-20260921T124212Z-03f43125,0,1150,2026-09-21T13:01:34.557862+00:00,12237396043900,planner_process,326332.0,327800.0,psutil,
b3-soak-20260921T124212Z-03f43125,0,1151,2026-09-21T13:01:35.574770+00:00,12238412355300,planner_process,326332.0,327800.0,psutil,
b3-soak-20260921T124212Z-03f43125,0,1152,2026-09-21T13:01:36.578285+00:00,12239415796800,planner_process,326332.0,327800.0,psutil,
b3-soak-20260921T124212Z-03f43125,0,1153,2026-09-21T13:01:37.584907+00:00,12240423017100,planner_process,326332.0,327800.0,psutil,
b3-soak-20260921T124212Z-03f43125,0,1154,2026-09-21T13:01:38.594003+00:00,12241431972900,planner_process,326332.0,327800.0,psutil,
b3-soak-20260921T124212Z-03f43125,0,1155,2026-09-21T13:01:39.598048+00:00,12242435384900,planner_process,326332.0,327800.0,psutil,
b3-soak-20260921T124212Z-03f43125,0,1156,2026-09-21T13:01:40.609129+00:00,12243447269200,planner_process,322812.0,327800.0,psutil,
b3-soak-20260921T124212Z-03f43125,0,1157,2026-09-21T13:01:41.611069+00:00,12244448422500,planner_process,326332.0,327800.0,psutil,
b3-soak-20260921T124212Z-03f43125,0,1158,2026-09-21T13:01:42.620691+00:00,12245458086700,planner_process,326332.0,327800.0,psutil,
b3-soak-20260921T124212Z-03f43125,0,1159,2026-09-21T13:01:43.623669+00:00,12246461047900,planner_process,326332.0,327800.0,psutil,
b3-soak-20260921T124212Z-03f43125,0,1160,2026-09-21T13:01:44.627756+00:00,12247465117500,planner_process,322812.0,327800.0,psutil,
b3-soak-20260921T124212Z-03f43125,0,1161,2026-09-21T13:01:45.630432+00:00,12248467986800,planner_process,326332.0,327800.0,psutil,
b3-soak-20260921T124212Z-03f43125,0,1162,2026-09-21T13:01:46.638474+00:00,12249475840400,planner_process,326332.0,327800.0,psutil,
b3-soak-20260921T124212Z-03f43125,0,1163,2026-09-21T13:01:47.647283+00:00,12250484653700,planner_process,326332.0,327800.0,psutil,
b3-soak-20260921T124212Z-03f43125,0,1164,2026-09-21T13:01:48.651885+00:00,12251489888200,planner_process,326332.0,327800.0,psutil,
b3-soak-20260921T124212Z-03f43125,0,1165,2026-09-21T13:01:49.658087+00:00,12252496355000,planner_process,326332.0,327800.0,psutil,
b3-soak-20260921T124212Z-03f43125,0,1166,2026-09-21T13:01:50.674658+00:00,12253511981300,planner_process,326332.0,327800.0,psutil,
b3-soak-20260921T124212Z-03f43125,0,1167,2026-09-21T13:01:51.680643+00:00,12254518541200,planner_process,326332.0,327800.0,psutil,
b3-soak-20260921T124212Z-03f43125,0,1168,2026-09-21T13:01:52.694590+00:00,12255532026300,planner_process,326332.0,327800.0,psutil,
b3-soak-20260921T124212Z-03f43125,0,1169,2026-09-21T13:01:53.707589+00:00,12256545154000,planner_process,326332.0,327800.0,psutil,
b3-soak-20260921T124212Z-03f43125,0,1170,2026-09-21T13:01:54.720951+00:00,12257558297100,planner_process,326332.0,327800.0,psutil,
b3-soak-20260921T124212Z-03f43125,0,1171,2026-09-21T13:01:55.727185+00:00,12258565248300,planner_process,326332.0,327800.0,psutil,
b3-soak-20260921T124212Z-03f43125,0,1172,2026-09-21T13:01:56.741319+00:00,12259578680600,planner_process,322812.0,327800.0,psutil,
b3-soak-20260921T124212Z-03f43125,0,1173,2026-09-21T13:01:57.741504+00:00,12260579220800,planner_process,326332.0,327800.0,psutil,
b3-soak-20260921T124212Z-03f43125,0,1174,2026-09-21T13:01:58.744973+00:00,12261582308600,planner_process,326332.0,327800.0,psutil,
b3-soak-20260921T124212Z-03f43125,0,1175,2026-09-21T13:01:59.752404+00:00,12262589745100,planner_process,326332.0,327800.0,psutil,
b3-soak-20260921T124212Z-03f43125,0,1176,2026-09-21T13:02:00.752950+00:00,12263591035000,planner_process,326332.0,327800.0,psutil,
b3-soak-20260921T124212Z-03f43125,0,1177,2026-09-21T13:02:01.759233+00:00,12264596709000,planner_process,326332.0,327800.0,psutil,
b3-soak-20260921T124212Z-03f43125,0,1178,2026-09-21T13:02:02.774380+00:00,12265612061800,planner_process,326332.0,327800.0,psutil,
b3-soak-20260921T124212Z-03f43125,0,1179,2026-09-21T13:02:03.781065+00:00,12266618447600,planner_process,326332.0,327800.0,psutil,
b3-soak-20260921T124212Z-03f43125,0,1180,2026-09-21T13:02:04.789587+00:00,12267627239900,planner_process,326332.0,327800.0,psutil,
b3-soak-20260921T124212Z-03f43125,0,1181,2026-09-21T13:02:05.804405+00:00,12268642460200,planner_process,326332.0,327800.0,psutil,
b3-soak-20260921T124212Z-03f43125,0,1182,2026-09-21T13:02:06.818447+00:00,12269655830300,planner_process,326332.0,327800.0,psutil,
b3-soak-20260921T124212Z-03f43125,0,1183,2026-09-21T13:02:07.821546+00:00,12270658863100,planner_process,326332.0,327800.0,psutil,
b3-soak-20260921T124212Z-03f43125,0,1184,2026-09-21T13:02:08.823999+00:00,12271661453300,planner_process,326332.0,327800.0,psutil,
b3-soak-20260921T124212Z-03f43125,0,1185,2026-09-21T13:02:09.832388+00:00,12272670350300,planner_process,326332.0,327800.0,psutil,
b3-soak-20260921T124212Z-03f43125,0,1186,2026-09-21T13:02:10.835202+00:00,12273673281000,planner_process,326332.0,327800.0,psutil,
b3-soak-20260921T124212Z-03f43125,0,1187,2026-09-21T13:02:11.845405+00:00,12274682833300,planner_process,326332.0,327800.0,psutil,
b3-soak-20260921T124212Z-03f43125,0,1188,2026-09-21T13:02:12.848733+00:00,12275686060600,planner_process,326332.0,327800.0,psutil,
b3-soak-20260921T124212Z-03f43125,0,1189,2026-09-21T13:02:13.854261+00:00,12276691617700,planner_process,326332.0,327800.0,psutil,
b3-soak-20260921T124212Z-03f43125,0,1190,2026-09-21T13:02:14.859707+00:00,12277697786300,planner_process,326332.0,327800.0,psutil,
b3-soak-20260921T124212Z-03f43125,0,1191,2026-09-21T13:02:15.863447+00:00,12278701717500,planner_process,326332.0,327800.0,psutil,
b3-soak-20260921T124212Z-03f43125,0,1192,2026-09-21T13:02:16.871230+00:00,12279708657900,planner_process,326332.0,327800.0,psutil,
b3-soak-20260921T124212Z-03f43125,0,1193,2026-09-21T13:02:17.878241+00:00,12280715578200,planner_process,326332.0,327800.0,psutil,
b3-soak-20260921T124212Z-03f43125,0,1194,2026-09-21T13:02:18.885873+00:00,12281723238000,planner_process,326332.0,327800.0,psutil,
b3-soak-20260921T124212Z-03f43125,0,1195,2026-09-21T13:02:19.893810+00:00,12282731126600,planner_process,326332.0,327800.0,psutil,
b3-soak-20260921T124212Z-03f43125,0,1196,2026-09-21T13:02:20.905454+00:00,12283742834800,planner_process,326332.0,327800.0,psutil,
b3-soak-20260921T124212Z-03f43125,0,1197,2026-09-21T13:02:21.912938+00:00,12284750305400,planner_process,326332.0,327800.0,psutil,
b3-soak-20260921T124212Z-03f43125,0,1198,2026-09-21T13:02:22.920087+00:00,12285757592600,planner_process,326332.0,327800.0,psutil,
b3-soak-20260921T124212Z-03f43125,0,1199,2026-09-21T13:02:23.922049+00:00,12286759475000,planner_process,326332.0,327800.0,psutil,
b3-soak-20260921T124212Z-03f43125,0,1200,2026-09-21T13:02:24.928550+00:00,12287766512900,planner_process,326332.0,327800.0,psutil,
b3-soak-20260921T124212Z-03f43125,0,1201,2026-09-21T13:02:25.932156+00:00,12288769497800,planner_process,326332.0,327800.0,psutil,
b3-soak-20260921T124212Z-03f43125,0,1202,2026-09-21T13:02:26.939235+00:00,12289776605600,planner_process,326332.0,327800.0,psutil,
b3-soak-20260921T124212Z-03f43125,0,1203,2026-09-21T13:02:27.948353+00:00,12290786048500,planner_process,326332.0,327800.0,psutil,
b3-soak-20260921T124212Z-03f43125,0,1204,2026-09-21T13:02:28.952182+00:00,12291789514600,planner_process,326332.0,327800.0,psutil,
b3-soak-20260921T124212Z-03f43125,0,1205,2026-09-21T13:02:29.959319+00:00,12292797120500,planner_process,326332.0,327800.0,psutil,
b3-soak-20260921T124212Z-03f43125,0,1206,2026-09-21T13:02:30.961059+00:00,12293798439300,planner_process,326332.0,327800.0,psutil,
b3-soak-20260921T124212Z-03f43125,0,1207,2026-09-21T13:02:31.964255+00:00,12294801592600,planner_process,326332.0,327800.0,psutil,
b3-soak-20260921T124212Z-03f43125,0,1208,2026-09-21T13:02:32.971829+00:00,12295809685300,planner_process,326332.0,327800.0,psutil,
b3-soak-20260921T124212Z-03f43125,0,1209,2026-09-21T13:02:33.976770+00:00,12296814208100,planner_process,326332.0,330088.0,psutil,
b3-soak-20260921T124212Z-03f43125,0,1210,2026-09-21T13:02:34.984736+00:00,12297822144000,planner_process,326332.0,330088.0,psutil,
b3-soak-20260921T124212Z-03f43125,0,1211,2026-09-21T13:02:35.992420+00:00,12298830442500,planner_process,326332.0,330088.0,psutil,
b3-soak-20260921T124212Z-03f43125,0,1212,2026-09-21T13:02:37.003754+00:00,12299841037800,planner_process,326332.0,330088.0,psutil,
b3-soak-20260921T124212Z-03f43125,0,1213,2026-09-21T13:02:38.006848+00:00,12300844190000,planner_process,326332.0,330088.0,psutil,
b3-soak-20260921T124212Z-03f43125,0,1214,2026-09-21T13:02:39.009572+00:00,12301846891600,planner_process,326332.0,330088.0,psutil,
b3-soak-20260921T124212Z-03f43125,0,1215,2026-09-21T13:02:40.015134+00:00,12302852680600,planner_process,326332.0,330088.0,psutil,
b3-soak-20260921T124212Z-03f43125,0,1216,2026-09-21T13:02:41.017774+00:00,12303855163100,planner_process,326332.0,330088.0,psutil,
b3-soak-20260921T124212Z-03f43125,0,1217,2026-09-21T13:02:42.022862+00:00,12304860340500,planner_process,326332.0,330088.0,psutil,
b3-soak-20260921T124212Z-03f43125,0,1218,2026-09-21T13:02:43.030523+00:00,12305867884600,planner_process,326332.0,330088.0,psutil,
b3-soak-20260921T124212Z-03f43125,0,1219,2026-09-21T13:02:44.031404+00:00,12306868736400,planner_process,326332.0,330088.0,psutil,
b3-soak-20260921T124212Z-03f43125,0,1220,2026-09-21T13:02:45.039478+00:00,12307876805200,planner_process,326332.0,330088.0,psutil,
b3-soak-20260921T124212Z-03f43125,0,1221,2026-09-21T13:02:46.044962+00:00,12308882294800,planner_process,326332.0,330088.0,psutil,
b3-soak-20260921T124212Z-03f43125,0,1222,2026-09-21T13:02:47.049699+00:00,12309887014500,planner_process,326332.0,330088.0,psutil,
b3-soak-20260921T124212Z-03f43125,0,1223,2026-09-21T13:02:48.053455+00:00,12310891277900,planner_process,326332.0,330088.0,psutil,
b3-soak-20260921T124212Z-03f43125,0,1224,2026-09-21T13:02:49.058411+00:00,12311895964900,planner_process,326332.0,330088.0,psutil,
b3-soak-20260921T124212Z-03f43125,0,1225,2026-09-21T13:02:50.059794+00:00,12312897101000,planner_process,326332.0,330088.0,psutil,
b3-soak-20260921T124212Z-03f43125,0,1226,2026-09-21T13:02:51.069368+00:00,12313907266400,planner_process,326332.0,330088.0,psutil,
b3-soak-20260921T124212Z-03f43125,0,1227,2026-09-21T13:02:52.069648+00:00,12314907377500,planner_process,326332.0,330088.0,psutil,
b3-soak-20260921T124212Z-03f43125,0,1228,2026-09-21T13:02:53.073396+00:00,12315910758800,planner_process,326332.0,330088.0,psutil,
b3-soak-20260921T124212Z-03f43125,0,1229,2026-09-21T13:02:54.077515+00:00,12316914956100,planner_process,322812.0,330088.0,psutil,
b3-soak-20260921T124212Z-03f43125,0,1230,2026-09-21T13:02:55.081278+00:00,12317918595100,planner_process,326332.0,330088.0,psutil,
b3-soak-20260921T124212Z-03f43125,0,1231,2026-09-21T13:02:56.083926+00:00,12318921307000,planner_process,326332.0,330088.0,psutil,
b3-soak-20260921T124212Z-03f43125,0,1232,2026-09-21T13:02:57.090287+00:00,12319927612800,planner_process,326332.0,330088.0,psutil,
b3-soak-20260921T124212Z-03f43125,0,1233,2026-09-21T13:02:58.099497+00:00,12320937153100,planner_process,326332.0,330088.0,psutil,
b3-soak-20260921T124212Z-03f43125,0,1234,2026-09-21T13:02:59.104076+00:00,12321941386100,planner_process,326332.0,330088.0,psutil,
b3-soak-20260921T124212Z-03f43125,0,1235,2026-09-21T13:03:00.109561+00:00,12322946935000,planner_process,326332.0,330088.0,psutil,
b3-soak-20260921T124212Z-03f43125,0,1236,2026-09-21T13:03:01.118369+00:00,12323955774300,planner_process,326332.0,330088.0,psutil,
b3-soak-20260921T124212Z-03f43125,0,1237,2026-09-21T13:03:02.138206+00:00,12324975755200,planner_process,326332.0,330088.0,psutil,
b3-soak-20260921T124212Z-03f43125,0,1238,2026-09-21T13:03:03.153511+00:00,12325990868200,planner_process,326332.0,330088.0,psutil,
b3-soak-20260921T124212Z-03f43125,0,1239,2026-09-21T13:03:04.157083+00:00,12326994401600,planner_process,326332.0,330088.0,psutil,
b3-soak-20260921T124212Z-03f43125,0,1240,2026-09-21T13:03:05.166112+00:00,12328004482200,planner_process,326332.0,330088.0,psutil,
b3-soak-20260921T124212Z-03f43125,0,1241,2026-09-21T13:03:06.171401+00:00,12329009222900,planner_process,326332.0,330088.0,psutil,
b3-soak-20260921T124212Z-03f43125,0,1242,2026-09-21T13:03:07.174519+00:00,12330012648800,planner_process,326332.0,330088.0,psutil,
b3-soak-20260921T124212Z-03f43125,0,1243,2026-09-21T13:03:08.190007+00:00,12331027452700,planner_process,326332.0,330088.0,psutil,
b3-soak-20260921T124212Z-03f43125,0,1244,2026-09-21T13:03:09.197238+00:00,12332034839200,planner_process,326332.0,330088.0,psutil,
b3-soak-20260921T124212Z-03f43125,0,1245,2026-09-21T13:03:10.198572+00:00,12333035890500,planner_process,326336.0,330088.0,psutil,
b3-soak-20260921T124212Z-03f43125,0,1246,2026-09-21T13:03:11.199767+00:00,12334037118200,planner_process,326336.0,330088.0,psutil,
b3-soak-20260921T124212Z-03f43125,0,1247,2026-09-21T13:03:12.215186+00:00,12335053210100,planner_process,326336.0,330088.0,psutil,
b3-soak-20260921T124212Z-03f43125,0,1248,2026-09-21T13:03:13.218699+00:00,12336056525700,planner_process,326336.0,330088.0,psutil,
b3-soak-20260921T124212Z-03f43125,0,1249,2026-09-21T13:03:14.220255+00:00,12337057574800,planner_process,326336.0,330088.0,psutil,
b3-soak-20260921T124212Z-03f43125,0,1250,2026-09-21T13:03:15.227444+00:00,12338065549900,planner_process,326336.0,330088.0,psutil,
b3-soak-20260921T124212Z-03f43125,0,1251,2026-09-21T13:03:16.231877+00:00,12339069853900,planner_process,326336.0,330088.0,psutil,
b3-soak-20260921T124212Z-03f43125,0,1252,2026-09-21T13:03:17.232958+00:00,12340070948500,planner_process,326336.0,330088.0,psutil,
b3-soak-20260921T124212Z-03f43125,0,1253,2026-09-21T13:03:18.248858+00:00,12341086610600,planner_process,326336.0,330088.0,psutil,
b3-soak-20260921T124212Z-03f43125,0,1254,2026-09-21T13:03:19.253179+00:00,12342090492600,planner_process,326336.0,330088.0,psutil,
b3-soak-20260921T124212Z-03f43125,0,1255,2026-09-21T13:03:20.263876+00:00,12343101592300,planner_process,326336.0,330088.0,psutil,
b3-soak-20260921T124212Z-03f43125,0,1256,2026-09-21T13:03:21.279975+00:00,12344117542100,planner_process,326336.0,330088.0,psutil,
b3-soak-20260921T124212Z-03f43125,0,1257,2026-09-21T13:03:22.282345+00:00,12345120006800,planner_process,326336.0,330088.0,psutil,
b3-soak-20260921T124212Z-03f43125,0,1258,2026-09-21T13:03:23.291807+00:00,12346129373700,planner_process,326336.0,330088.0,psutil,
b3-soak-20260921T124212Z-03f43125,0,1259,2026-09-21T13:03:24.308273+00:00,12347145784900,planner_process,326336.0,330088.0,psutil,
b3-soak-20260921T124212Z-03f43125,0,1260,2026-09-21T13:03:25.318366+00:00,12348155696400,planner_process,326336.0,330088.0,psutil,
b3-soak-20260921T124212Z-03f43125,0,1261,2026-09-21T13:03:26.330763+00:00,12349168107900,planner_process,326336.0,330088.0,psutil,
b3-soak-20260921T124212Z-03f43125,0,1262,2026-09-21T13:03:27.332467+00:00,12350169780100,planner_process,326336.0,330088.0,psutil,
b3-soak-20260921T124212Z-03f43125,0,1263,2026-09-21T13:03:28.337931+00:00,12351175242600,planner_process,326336.0,330088.0,psutil,
b3-soak-20260921T124212Z-03f43125,0,1264,2026-09-21T13:03:29.344166+00:00,12352182264100,planner_process,326336.0,330088.0,psutil,
b3-soak-20260921T124212Z-03f43125,0,1265,2026-09-21T13:03:30.348061+00:00,12353185437000,planner_process,326336.0,330088.0,psutil,
b3-soak-20260921T124212Z-03f43125,0,1266,2026-09-21T13:03:31.351889+00:00,12354189414200,planner_process,326336.0,330088.0,psutil,
b3-soak-20260921T124212Z-03f43125,0,1267,2026-09-21T13:03:32.361276+00:00,12355199161200,planner_process,326336.0,330088.0,psutil,
b3-soak-20260921T124212Z-03f43125,0,1268,2026-09-21T13:03:33.363852+00:00,12356201168600,planner_process,326336.0,330088.0,psutil,
b3-soak-20260921T124212Z-03f43125,0,1269,2026-09-21T13:03:34.378393+00:00,12357215759900,planner_process,326336.0,330088.0,psutil,
b3-soak-20260921T124212Z-03f43125,0,1270,2026-09-21T13:03:35.381430+00:00,12358218952600,planner_process,326336.0,330088.0,psutil,
b3-soak-20260921T124212Z-03f43125,0,1271,2026-09-21T13:03:36.384900+00:00,12359222218000,planner_process,326336.0,330088.0,psutil,
b3-soak-20260921T124212Z-03f43125,0,1272,2026-09-21T13:03:37.394540+00:00,12360232714700,planner_process,326336.0,330088.0,psutil,
b3-soak-20260921T124212Z-03f43125,0,1273,2026-09-21T13:03:38.397506+00:00,12361234863000,planner_process,326336.0,330088.0,psutil,
b3-soak-20260921T124212Z-03f43125,0,1274,2026-09-21T13:03:39.402489+00:00,12362239831200,planner_process,326336.0,330088.0,psutil,
b3-soak-20260921T124212Z-03f43125,0,1275,2026-09-21T13:03:40.409568+00:00,12363246884200,planner_process,326336.0,330088.0,psutil,
b3-soak-20260921T124212Z-03f43125,0,1276,2026-09-21T13:03:41.412451+00:00,12364250691500,planner_process,326336.0,330088.0,psutil,
b3-soak-20260921T124212Z-03f43125,0,1277,2026-09-21T13:03:42.418547+00:00,12365256587600,planner_process,326336.0,330088.0,psutil,
b3-soak-20260921T124212Z-03f43125,0,1278,2026-09-21T13:03:43.432375+00:00,12366269735000,planner_process,326336.0,330088.0,psutil,
b3-soak-20260921T124212Z-03f43125,0,1279,2026-09-21T13:03:44.437359+00:00,12367274716000,planner_process,326336.0,330088.0,psutil,
b3-soak-20260921T124212Z-03f43125,0,1280,2026-09-21T13:03:45.442634+00:00,12368279971800,planner_process,326336.0,330088.0,psutil,
b3-soak-20260921T124212Z-03f43125,0,1281,2026-09-21T13:03:46.444938+00:00,12369282570600,planner_process,326336.0,330088.0,psutil,
b3-soak-20260921T124212Z-03f43125,0,1282,2026-09-21T13:03:47.462447+00:00,12370300722000,planner_process,326336.0,330088.0,psutil,
b3-soak-20260921T124212Z-03f43125,0,1283,2026-09-21T13:03:48.477727+00:00,12371315162600,planner_process,326336.0,330088.0,psutil,
b3-soak-20260921T124212Z-03f43125,0,1284,2026-09-21T13:03:49.489650+00:00,12372327728600,planner_process,326336.0,330088.0,psutil,
b3-soak-20260921T124212Z-03f43125,0,1285,2026-09-21T13:03:50.493233+00:00,12373331408200,planner_process,326336.0,330088.0,psutil,
b3-soak-20260921T124212Z-03f43125,0,1286,2026-09-21T13:03:51.509289+00:00,12374347307200,planner_process,326336.0,330088.0,psutil,
b3-soak-20260921T124212Z-03f43125,0,1287,2026-09-21T13:03:52.524654+00:00,12375362172800,planner_process,326336.0,330088.0,psutil,
b3-soak-20260921T124212Z-03f43125,0,1288,2026-09-21T13:03:53.525492+00:00,12376362843500,planner_process,326336.0,330088.0,psutil,
b3-soak-20260921T124212Z-03f43125,0,1289,2026-09-21T13:03:54.534396+00:00,12377372026800,planner_process,326336.0,330088.0,psutil,
b3-soak-20260921T124212Z-03f43125,0,1290,2026-09-21T13:03:55.547388+00:00,12378384990500,planner_process,326336.0,330088.0,psutil,
b3-soak-20260921T124212Z-03f43125,0,1291,2026-09-21T13:03:56.548825+00:00,12379386156100,planner_process,326336.0,330088.0,psutil,
b3-soak-20260921T124212Z-03f43125,0,1292,2026-09-21T13:03:57.552826+00:00,12380390229500,planner_process,326336.0,330088.0,psutil,
b3-soak-20260921T124212Z-03f43125,0,1293,2026-09-21T13:03:58.568269+00:00,12381405602900,planner_process,326336.0,330088.0,psutil,
b3-soak-20260921T124212Z-03f43125,0,1294,2026-09-21T13:03:59.574452+00:00,12382411808700,planner_process,326340.0,330088.0,psutil,
b3-soak-20260921T124212Z-03f43125,0,1295,2026-09-21T13:04:00.586421+00:00,12383423825300,planner_process,326340.0,330088.0,psutil,
b3-soak-20260921T124212Z-03f43125,0,1296,2026-09-21T13:04:01.591198+00:00,12384428571200,planner_process,326344.0,330088.0,psutil,
b3-soak-20260921T124212Z-03f43125,0,1297,2026-09-21T13:04:02.592909+00:00,12385430234800,planner_process,326344.0,330088.0,psutil,
b3-soak-20260921T124212Z-03f43125,0,1298,2026-09-21T13:04:03.600630+00:00,12386438910300,planner_process,326344.0,330088.0,psutil,
b3-soak-20260921T124212Z-03f43125,0,1299,2026-09-21T13:04:04.600875+00:00,12387439061400,planner_process,326348.0,330088.0,psutil,
b3-soak-20260921T124212Z-03f43125,0,1300,2026-09-21T13:04:05.607045+00:00,12388444351500,planner_process,326348.0,330088.0,psutil,
b3-soak-20260921T124212Z-03f43125,0,1301,2026-09-21T13:04:06.621370+00:00,12389458703900,planner_process,326348.0,330088.0,psutil,
b3-soak-20260921T124212Z-03f43125,0,1302,2026-09-21T13:04:07.631988+00:00,12390469383900,planner_process,326348.0,330088.0,psutil,
b3-soak-20260921T124212Z-03f43125,0,1303,2026-09-21T13:04:08.638292+00:00,12391475605400,planner_process,326348.0,330088.0,psutil,
b3-soak-20260921T124212Z-03f43125,0,1304,2026-09-21T13:04:09.645182+00:00,12392482756600,planner_process,326352.0,330088.0,psutil,
b3-soak-20260921T124212Z-03f43125,0,1305,2026-09-21T13:04:10.658514+00:00,12393496560500,planner_process,326352.0,330088.0,psutil,
b3-soak-20260921T124212Z-03f43125,0,1306,2026-09-21T13:04:11.662600+00:00,12394499922900,planner_process,326352.0,330088.0,psutil,
b3-soak-20260921T124212Z-03f43125,0,1307,2026-09-21T13:04:12.667623+00:00,12395504954900,planner_process,326352.0,330088.0,psutil,
b3-soak-20260921T124212Z-03f43125,0,1308,2026-09-21T13:04:13.671557+00:00,12396508903600,planner_process,326352.0,330088.0,psutil,
b3-soak-20260921T124212Z-03f43125,0,1309,2026-09-21T13:04:14.675637+00:00,12397513057100,planner_process,326356.0,330088.0,psutil,
b3-soak-20260921T124212Z-03f43125,0,1310,2026-09-21T13:04:15.681000+00:00,12398518327700,planner_process,326356.0,330088.0,psutil,
b3-soak-20260921T124212Z-03f43125,0,1311,2026-09-21T13:04:16.687220+00:00,12399524566500,planner_process,326360.0,330088.0,psutil,
b3-soak-20260921T124212Z-03f43125,0,1312,2026-09-21T13:04:17.697141+00:00,12400534840100,planner_process,326360.0,330088.0,psutil,
b3-soak-20260921T124212Z-03f43125,0,1313,2026-09-21T13:04:18.700056+00:00,12401537382900,planner_process,326360.0,330088.0,psutil,
b3-soak-20260921T124212Z-03f43125,0,1314,2026-09-21T13:04:19.707182+00:00,12402544498900,planner_process,322844.0,330088.0,psutil,
b3-soak-20260921T124212Z-03f43125,0,1315,2026-09-21T13:04:20.713445+00:00,12403550782600,planner_process,322844.0,330088.0,psutil,
b3-soak-20260921T124212Z-03f43125,0,1316,2026-09-21T13:04:21.716201+00:00,12404553663400,planner_process,326364.0,330088.0,psutil,
b3-soak-20260921T124212Z-03f43125,0,1317,2026-09-21T13:04:22.721423+00:00,12405558818900,planner_process,326364.0,330088.0,psutil,
b3-soak-20260921T124212Z-03f43125,0,1318,2026-09-21T13:04:23.729187+00:00,12406566536800,planner_process,326364.0,330088.0,psutil,
b3-soak-20260921T124212Z-03f43125,0,1319,2026-09-21T13:04:24.739354+00:00,12407577348700,planner_process,326368.0,330088.0,psutil,
b3-soak-20260921T124212Z-03f43125,0,1320,2026-09-21T13:04:25.748069+00:00,12408585372000,planner_process,326368.0,330088.0,psutil,
b3-soak-20260921T124212Z-03f43125,0,1321,2026-09-21T13:04:26.749183+00:00,12409586501700,planner_process,326368.0,330088.0,psutil,
b3-soak-20260921T124212Z-03f43125,0,1322,2026-09-21T13:04:27.755622+00:00,12410592932100,planner_process,326368.0,330088.0,psutil,
b3-soak-20260921T124212Z-03f43125,0,1323,2026-09-21T13:04:28.760928+00:00,12411598777800,planner_process,326372.0,330088.0,psutil,
b3-soak-20260921T124212Z-03f43125,0,1324,2026-09-21T13:04:29.762120+00:00,12412599472600,planner_process,326380.0,330088.0,psutil,
b3-soak-20260921T124212Z-03f43125,0,1325,2026-09-21T13:04:30.779093+00:00,12413616986600,planner_process,326380.0,330088.0,psutil,
b3-soak-20260921T124212Z-03f43125,0,1326,2026-09-21T13:04:31.783701+00:00,12414621047100,planner_process,326380.0,330088.0,psutil,
b3-soak-20260921T124212Z-03f43125,0,1327,2026-09-21T13:04:32.791123+00:00,12415628454500,planner_process,326380.0,330088.0,psutil,
b3-soak-20260921T124212Z-03f43125,0,1328,2026-09-21T13:04:33.799468+00:00,12416637612300,planner_process,326380.0,330088.0,psutil,
b3-soak-20260921T124212Z-03f43125,0,1329,2026-09-21T13:04:34.805109+00:00,12417642946000,planner_process,326384.0,330088.0,psutil,
b3-soak-20260921T124212Z-03f43125,0,1330,2026-09-21T13:04:35.806517+00:00,12418643937800,planner_process,326388.0,330088.0,psutil,
b3-soak-20260921T124212Z-03f43125,0,1331,2026-09-21T13:04:36.811059+00:00,12419649113000,planner_process,326388.0,330088.0,psutil,
b3-soak-20260921T124212Z-03f43125,0,1332,2026-09-21T13:04:37.816083+00:00,12420653742400,planner_process,326388.0,330088.0,psutil,
b3-soak-20260921T124212Z-03f43125,0,1333,2026-09-21T13:04:38.819533+00:00,12421656960600,planner_process,326388.0,330088.0,psutil,
b3-soak-20260921T124212Z-03f43125,0,1334,2026-09-21T13:04:39.834648+00:00,12422672042300,planner_process,326392.0,330088.0,psutil,
b3-soak-20260921T124212Z-03f43125,0,1335,2026-09-21T13:04:40.838223+00:00,12423676153000,planner_process,326392.0,330088.0,psutil,
b3-soak-20260921T124212Z-03f43125,0,1336,2026-09-21T13:04:41.849984+00:00,12424687346000,planner_process,326392.0,330088.0,psutil,
b3-soak-20260921T124212Z-03f43125,0,1337,2026-09-21T13:04:42.851410+00:00,12425688754700,planner_process,326392.0,330088.0,psutil,
b3-soak-20260921T124212Z-03f43125,0,1338,2026-09-21T13:04:43.851734+00:00,12426689056400,planner_process,326392.0,330088.0,psutil,
b3-soak-20260921T124212Z-03f43125,0,1339,2026-09-21T13:04:44.854710+00:00,12427692928400,planner_process,326400.0,330088.0,psutil,
b3-soak-20260921T124212Z-03f43125,0,1340,2026-09-21T13:04:45.854863+00:00,12428693060500,planner_process,326400.0,330088.0,psutil,
b3-soak-20260921T124212Z-03f43125,0,1341,2026-09-21T13:04:46.861374+00:00,12429698819600,planner_process,326400.0,330088.0,psutil,
b3-soak-20260921T124212Z-03f43125,0,1342,2026-09-21T13:04:47.867641+00:00,12430705006800,planner_process,326400.0,330088.0,psutil,
b3-soak-20260921T124212Z-03f43125,0,1343,2026-09-21T13:04:48.875182+00:00,12431712600900,planner_process,326400.0,330088.0,psutil,
b3-soak-20260921T124212Z-03f43125,0,1344,2026-09-21T13:04:49.881388+00:00,12432718753900,planner_process,326404.0,330088.0,psutil,
b3-soak-20260921T124212Z-03f43125,0,1345,2026-09-21T13:04:50.886830+00:00,12433724614900,planner_process,326404.0,330088.0,psutil,
b3-soak-20260921T124212Z-03f43125,0,1346,2026-09-21T13:04:51.888403+00:00,12434725739900,planner_process,326404.0,330088.0,psutil,
b3-soak-20260921T124212Z-03f43125,0,1347,2026-09-21T13:04:52.902691+00:00,12435740039500,planner_process,326404.0,330088.0,psutil,
b3-soak-20260921T124212Z-03f43125,0,1348,2026-09-21T13:04:53.918286+00:00,12436756355600,planner_process,326408.0,330088.0,psutil,
b3-soak-20260921T124212Z-03f43125,0,1349,2026-09-21T13:04:54.922145+00:00,12437759518000,planner_process,326416.0,330088.0,psutil,
b3-soak-20260921T124212Z-03f43125,0,1350,2026-09-21T13:04:55.925881+00:00,12438763241800,planner_process,326416.0,330088.0,psutil,
b3-soak-20260921T124212Z-03f43125,0,1351,2026-09-21T13:04:56.929217+00:00,12439766572700,planner_process,326416.0,330088.0,psutil,
b3-soak-20260921T124212Z-03f43125,0,1352,2026-09-21T13:04:57.935230+00:00,12440772824500,planner_process,326416.0,330088.0,psutil,
b3-soak-20260921T124212Z-03f43125,0,1353,2026-09-21T13:04:58.936841+00:00,12441774183300,planner_process,326420.0,330088.0,psutil,
b3-soak-20260921T124212Z-03f43125,0,1354,2026-09-21T13:04:59.943821+00:00,12442781135400,planner_process,326424.0,330088.0,psutil,
b3-soak-20260921T124212Z-03f43125,0,1355,2026-09-21T13:05:00.954123+00:00,12443791556900,planner_process,326424.0,330088.0,psutil,
b3-soak-20260921T124212Z-03f43125,0,1356,2026-09-21T13:05:01.966503+00:00,12444803885800,planner_process,326424.0,330088.0,psutil,
b3-soak-20260921T124212Z-03f43125,0,1357,2026-09-21T13:05:02.971350+00:00,12445808730100,planner_process,326424.0,330088.0,psutil,
b3-soak-20260921T124212Z-03f43125,0,1358,2026-09-21T13:05:03.977807+00:00,12446815141900,planner_process,326424.0,330088.0,psutil,
b3-soak-20260921T124212Z-03f43125,0,1359,2026-09-21T13:05:04.986883+00:00,12447824488100,planner_process,326428.0,330088.0,psutil,
b3-soak-20260921T124212Z-03f43125,0,1360,2026-09-21T13:05:05.992155+00:00,12448829663400,planner_process,326428.0,330088.0,psutil,
b3-soak-20260921T124212Z-03f43125,0,1361,2026-09-21T13:05:06.995486+00:00,12449833112200,planner_process,326428.0,330088.0,psutil,
b3-soak-20260921T124212Z-03f43125,0,1362,2026-09-21T13:05:07.996647+00:00,12450833964600,planner_process,326428.0,330088.0,psutil,
b3-soak-20260921T124212Z-03f43125,0,1363,2026-09-21T13:05:09.003154+00:00,12451840853700,planner_process,326428.0,330088.0,psutil,
b3-soak-20260921T124212Z-03f43125,0,1364,2026-09-21T13:05:10.009959+00:00,12452847399800,planner_process,326436.0,330088.0,psutil,
b3-soak-20260921T124212Z-03f43125,0,1365,2026-09-21T13:05:11.017193+00:00,12453855330000,planner_process,326436.0,330088.0,psutil,
b3-soak-20260921T124212Z-03f43125,0,1366,2026-09-21T13:05:12.029413+00:00,12454866876900,planner_process,322916.0,330088.0,psutil,
b3-soak-20260921T124212Z-03f43125,0,1367,2026-09-21T13:05:13.045475+00:00,12455883279300,planner_process,326440.0,330088.0,psutil,
b3-soak-20260921T124212Z-03f43125,0,1368,2026-09-21T13:05:14.048963+00:00,12456887110400,planner_process,326444.0,330088.0,psutil,
b3-soak-20260921T124212Z-03f43125,0,1369,2026-09-21T13:05:15.064379+00:00,12457902029000,planner_process,326448.0,330088.0,psutil,
b3-soak-20260921T124212Z-03f43125,0,1370,2026-09-21T13:05:16.067034+00:00,12458904788400,planner_process,326448.0,330088.0,psutil,
b3-soak-20260921T124212Z-03f43125,0,1371,2026-09-21T13:05:17.073422+00:00,12459910733500,planner_process,326448.0,330088.0,psutil,
b3-soak-20260921T124212Z-03f43125,0,1372,2026-09-21T13:05:18.079329+00:00,12460917259100,planner_process,326448.0,330088.0,psutil,
b3-soak-20260921T124212Z-03f43125,0,1373,2026-09-21T13:05:19.084121+00:00,12461922335100,planner_process,326452.0,330088.0,psutil,
b3-soak-20260921T124212Z-03f43125,0,1374,2026-09-21T13:05:20.097829+00:00,12462935187000,planner_process,326456.0,330088.0,psutil,
b3-soak-20260921T124212Z-03f43125,0,1375,2026-09-21T13:05:21.100998+00:00,12463938356600,planner_process,326456.0,330088.0,psutil,
b3-soak-20260921T124212Z-03f43125,0,1376,2026-09-21T13:05:22.105451+00:00,12464942764200,planner_process,326456.0,330088.0,psutil,
b3-soak-20260921T124212Z-03f43125,0,1377,2026-09-21T13:05:23.106486+00:00,12465944342100,planner_process,326456.0,330088.0,psutil,
b3-soak-20260921T124212Z-03f43125,0,1378,2026-09-21T13:05:24.108018+00:00,12466945335200,planner_process,326456.0,330088.0,psutil,
b3-soak-20260921T124212Z-03f43125,0,1379,2026-09-21T13:05:25.118263+00:00,12467955635600,planner_process,326460.0,330088.0,psutil,
b3-soak-20260921T124212Z-03f43125,0,1380,2026-09-21T13:05:26.123364+00:00,12468960905500,planner_process,326460.0,330088.0,psutil,
b3-soak-20260921T124212Z-03f43125,0,1381,2026-09-21T13:05:27.132010+00:00,12469970266000,planner_process,326460.0,330088.0,psutil,
b3-soak-20260921T124212Z-03f43125,0,1382,2026-09-21T13:05:28.147496+00:00,12470984895500,planner_process,326460.0,330088.0,psutil,
b3-soak-20260921T124212Z-03f43125,0,1383,2026-09-21T13:05:29.155033+00:00,12471993046200,planner_process,322940.0,330088.0,psutil,
b3-soak-20260921T124212Z-03f43125,0,1384,2026-09-21T13:05:30.164788+00:00,12473002496200,planner_process,326464.0,330088.0,psutil,
b3-soak-20260921T124212Z-03f43125,0,1385,2026-09-21T13:05:31.181479+00:00,12474019281600,planner_process,326464.0,330088.0,psutil,
b3-soak-20260921T124212Z-03f43125,0,1386,2026-09-21T13:05:32.181950+00:00,12475019386900,planner_process,326464.0,330088.0,psutil,
b3-soak-20260921T124212Z-03f43125,0,1387,2026-09-21T13:05:33.182224+00:00,12476019611900,planner_process,326468.0,330088.0,psutil,
b3-soak-20260921T124212Z-03f43125,0,1388,2026-09-21T13:05:34.187055+00:00,12477024425800,planner_process,326472.0,330088.0,psutil,
b3-soak-20260921T124212Z-03f43125,0,1389,2026-09-21T13:05:35.199826+00:00,12478037178800,planner_process,326476.0,330088.0,psutil,
b3-soak-20260921T124212Z-03f43125,0,1390,2026-09-21T13:05:36.201246+00:00,12479038806400,planner_process,326476.0,330088.0,psutil,
b3-soak-20260921T124212Z-03f43125,0,1391,2026-09-21T13:05:37.212581+00:00,12480050186800,planner_process,326476.0,330088.0,psutil,
b3-soak-20260921T124212Z-03f43125,0,1392,2026-09-21T13:05:38.225941+00:00,12481063379400,planner_process,326476.0,330088.0,psutil,
b3-soak-20260921T124212Z-03f43125,0,1393,2026-09-21T13:05:39.226787+00:00,12482064172300,planner_process,326476.0,330088.0,psutil,
b3-soak-20260921T124212Z-03f43125,0,1394,2026-09-21T13:05:40.234494+00:00,12483072453100,planner_process,326484.0,330088.0,psutil,
b3-soak-20260921T124212Z-03f43125,0,1395,2026-09-21T13:05:41.246111+00:00,12484083965800,planner_process,326484.0,330088.0,psutil,
b3-soak-20260921T124212Z-03f43125,0,1396,2026-09-21T13:05:42.259255+00:00,12485097061800,planner_process,326488.0,330088.0,psutil,
b3-soak-20260921T124212Z-03f43125,0,1397,2026-09-21T13:05:43.264072+00:00,12486101690600,planner_process,326488.0,330088.0,psutil,
b3-soak-20260921T124212Z-03f43125,0,1398,2026-09-21T13:05:44.272836+00:00,12487110819500,planner_process,326488.0,330088.0,psutil,
b3-soak-20260921T124212Z-03f43125,0,1399,2026-09-21T13:05:45.278332+00:00,12488115686000,planner_process,326492.0,330088.0,psutil,
b3-soak-20260921T124212Z-03f43125,0,1400,2026-09-21T13:05:46.282947+00:00,12489121189400,planner_process,326492.0,330088.0,psutil,
b3-soak-20260921T124212Z-03f43125,0,1401,2026-09-21T13:05:47.285946+00:00,12490124025000,planner_process,326492.0,330088.0,psutil,
b3-soak-20260921T124212Z-03f43125,0,1402,2026-09-21T13:05:48.287160+00:00,12491124525700,planner_process,326492.0,330088.0,psutil,
b3-soak-20260921T124212Z-03f43125,0,1403,2026-09-21T13:05:49.293678+00:00,12492130986100,planner_process,326492.0,330088.0,psutil,
b3-soak-20260921T124212Z-03f43125,0,1404,2026-09-21T13:05:50.298112+00:00,12493135422500,planner_process,326496.0,330088.0,psutil,
b3-soak-20260921T124212Z-03f43125,0,1405,2026-09-21T13:05:51.303893+00:00,12494141218700,planner_process,326504.0,330088.0,psutil,
b3-soak-20260921T124212Z-03f43125,0,1406,2026-09-21T13:05:52.310221+00:00,12495147963700,planner_process,326504.0,330088.0,psutil,
b3-soak-20260921T124212Z-03f43125,0,1407,2026-09-21T13:05:53.311845+00:00,12496149156700,planner_process,326508.0,330088.0,psutil,
b3-soak-20260921T124212Z-03f43125,0,1408,2026-09-21T13:05:54.316795+00:00,12497154589100,planner_process,326508.0,330088.0,psutil,
b3-soak-20260921T124212Z-03f43125,0,1409,2026-09-21T13:05:55.318717+00:00,12498156190100,planner_process,326512.0,330088.0,psutil,
b3-soak-20260921T124212Z-03f43125,0,1410,2026-09-21T13:05:56.326642+00:00,12499164422400,planner_process,326512.0,330088.0,psutil,
b3-soak-20260921T124212Z-03f43125,0,1411,2026-09-21T13:05:57.330721+00:00,12500168083900,planner_process,326512.0,330088.0,psutil,
b3-soak-20260921T124212Z-03f43125,0,1412,2026-09-21T13:05:58.339068+00:00,12501177332100,planner_process,326512.0,330088.0,psutil,
b3-soak-20260921T124212Z-03f43125,0,1413,2026-09-21T13:05:59.349589+00:00,12502187040200,planner_process,326512.0,330088.0,psutil,
b3-soak-20260921T124212Z-03f43125,0,1414,2026-09-21T13:06:00.352500+00:00,12503190035500,planner_process,326516.0,330088.0,psutil,
b3-soak-20260921T124212Z-03f43125,0,1415,2026-09-21T13:06:01.356537+00:00,12504193864400,planner_process,326520.0,330088.0,psutil,
b3-soak-20260921T124212Z-03f43125,0,1416,2026-09-21T13:06:02.362682+00:00,12505200239200,planner_process,326520.0,330088.0,psutil,
b3-soak-20260921T124212Z-03f43125,0,1417,2026-09-21T13:06:03.369960+00:00,12506207817600,planner_process,326520.0,330088.0,psutil,
b3-soak-20260921T124212Z-03f43125,0,1418,2026-09-21T13:06:04.374982+00:00,12507212286600,planner_process,326520.0,330088.0,psutil,
b3-soak-20260921T124212Z-03f43125,0,1419,2026-09-21T13:06:05.382681+00:00,12508220002300,planner_process,326524.0,330088.0,psutil,
b3-soak-20260921T124212Z-03f43125,0,1420,2026-09-21T13:06:06.393312+00:00,12509231411000,planner_process,326524.0,330088.0,psutil,
b3-soak-20260921T124212Z-03f43125,0,1421,2026-09-21T13:06:07.394935+00:00,12510232523900,planner_process,326528.0,330088.0,psutil,
b3-soak-20260921T124212Z-03f43125,0,1422,2026-09-21T13:06:08.398953+00:00,12511236271300,planner_process,326096.0,330088.0,psutil,
b3-soak-20260921T124212Z-03f43125,0,1423,2026-09-21T13:06:09.412830+00:00,12512250967900,planner_process,323008.0,330088.0,psutil,
b3-soak-20260921T124212Z-03f43125,0,1424,2026-09-21T13:06:10.416136+00:00,12513253763700,planner_process,326532.0,330088.0,psutil,
b3-soak-20260921T124212Z-03f43125,0,1425,2026-09-21T13:06:11.421821+00:00,12514259177100,planner_process,326532.0,330088.0,psutil,
b3-soak-20260921T124212Z-03f43125,0,1426,2026-09-21T13:06:12.428113+00:00,12515265484300,planner_process,326536.0,330088.0,psutil,
b3-soak-20260921T124212Z-03f43125,0,1427,2026-09-21T13:06:13.435343+00:00,12516272845400,planner_process,326536.0,330088.0,psutil,
b3-soak-20260921T124212Z-03f43125,0,1428,2026-09-21T13:06:14.442685+00:00,12517280010700,planner_process,326536.0,330088.0,psutil,
b3-soak-20260921T124212Z-03f43125,0,1429,2026-09-21T13:06:15.452952+00:00,12518291190600,planner_process,326540.0,330088.0,psutil,
b3-soak-20260921T124212Z-03f43125,0,1430,2026-09-21T13:06:16.456073+00:00,12519293391300,planner_process,326540.0,330088.0,psutil,
b3-soak-20260921T124212Z-03f43125,0,1431,2026-09-21T13:06:17.458721+00:00,12520296067000,planner_process,326540.0,330088.0,psutil,
b3-soak-20260921T124212Z-03f43125,0,1432,2026-09-21T13:06:18.466303+00:00,12521304069400,planner_process,326540.0,330088.0,psutil,
b3-soak-20260921T124212Z-03f43125,0,1433,2026-09-21T13:06:19.471907+00:00,12522309818200,planner_process,326540.0,330088.0,psutil,
b3-soak-20260921T124212Z-03f43125,0,1434,2026-09-21T13:06:20.473551+00:00,12523310946500,planner_process,326544.0,330088.0,psutil,
b3-soak-20260921T124212Z-03f43125,0,1435,2026-09-21T13:06:21.479723+00:00,12524317508600,planner_process,326548.0,330088.0,psutil,
b3-soak-20260921T124212Z-03f43125,0,1436,2026-09-21T13:06:22.486498+00:00,12525323810200,planner_process,326548.0,330088.0,psutil,
b3-soak-20260921T124212Z-03f43125,0,1437,2026-09-21T13:06:23.491729+00:00,12526329071900,planner_process,326548.0,330088.0,psutil,
b3-soak-20260921T124212Z-03f43125,0,1438,2026-09-21T13:06:24.495390+00:00,12527332714800,planner_process,326548.0,330088.0,psutil,
b3-soak-20260921T124212Z-03f43125,0,1439,2026-09-21T13:06:25.497913+00:00,12528335252400,planner_process,326560.0,330088.0,psutil,
b3-soak-20260921T124212Z-03f43125,0,1440,2026-09-21T13:06:26.504101+00:00,12529342081000,planner_process,326560.0,330088.0,psutil,
b3-soak-20260921T124212Z-03f43125,0,1441,2026-09-21T13:06:27.507709+00:00,12530345059100,planner_process,326560.0,330088.0,psutil,
b3-soak-20260921T124212Z-03f43125,0,1442,2026-09-21T13:06:28.513985+00:00,12531351329100,planner_process,326560.0,330088.0,psutil,
b3-soak-20260921T124212Z-03f43125,0,1443,2026-09-21T13:06:29.521050+00:00,12532358464000,planner_process,326560.0,330088.0,psutil,
b3-soak-20260921T124212Z-03f43125,0,1444,2026-09-21T13:06:30.532257+00:00,12533370553000,planner_process,326564.0,330088.0,psutil,
b3-soak-20260921T124212Z-03f43125,0,1445,2026-09-21T13:06:31.535215+00:00,12534372553600,planner_process,326564.0,330088.0,psutil,
b3-soak-20260921T124212Z-03f43125,0,1446,2026-09-21T13:06:32.546178+00:00,12535383508100,planner_process,326568.0,330088.0,psutil,
b3-soak-20260921T124212Z-03f43125,0,1447,2026-09-21T13:06:33.552743+00:00,12536390073200,planner_process,326568.0,330088.0,psutil,
b3-soak-20260921T124212Z-03f43125,0,1448,2026-09-21T13:06:34.560353+00:00,12537398107100,planner_process,323048.0,330088.0,psutil,
b3-soak-20260921T124212Z-03f43125,0,1449,2026-09-21T13:06:35.567044+00:00,12538404479600,planner_process,326572.0,330088.0,psutil,
b3-soak-20260921T124212Z-03f43125,0,1450,2026-09-21T13:06:36.574011+00:00,12539411571000,planner_process,326572.0,330088.0,psutil,
b3-soak-20260921T124212Z-03f43125,0,1451,2026-09-21T13:06:37.588296+00:00,12540425652900,planner_process,326576.0,330088.0,psutil,
b3-soak-20260921T124212Z-03f43125,0,1452,2026-09-21T13:06:38.593445+00:00,12541431331900,planner_process,326576.0,330088.0,psutil,
b3-soak-20260921T124212Z-03f43125,0,1453,2026-09-21T13:06:39.596846+00:00,12542434274100,planner_process,326576.0,330088.0,psutil,
b3-soak-20260921T124212Z-03f43125,0,1454,2026-09-21T13:06:40.603233+00:00,12543440544000,planner_process,326580.0,330088.0,psutil,
b3-soak-20260921T124212Z-03f43125,0,1455,2026-09-21T13:06:41.610234+00:00,12544447936600,planner_process,326580.0,330088.0,psutil,
b3-soak-20260921T124212Z-03f43125,0,1456,2026-09-21T13:06:42.614944+00:00,12545452316900,planner_process,326580.0,330088.0,psutil,
b3-soak-20260921T124212Z-03f43125,0,1457,2026-09-21T13:06:43.615445+00:00,12546452857900,planner_process,326580.0,330088.0,psutil,
b3-soak-20260921T124212Z-03f43125,0,1458,2026-09-21T13:06:44.619501+00:00,12547456836500,planner_process,326580.0,330088.0,psutil,
b3-soak-20260921T124212Z-03f43125,0,1459,2026-09-21T13:06:45.636507+00:00,12548473934800,planner_process,326584.0,330088.0,psutil,
b3-soak-20260921T124212Z-03f43125,0,1460,2026-09-21T13:06:46.639807+00:00,12549477146600,planner_process,326584.0,330088.0,psutil,
b3-soak-20260921T124212Z-03f43125,0,1461,2026-09-21T13:06:47.649405+00:00,12550486782000,planner_process,326584.0,330088.0,psutil,
b3-soak-20260921T124212Z-03f43125,0,1462,2026-09-21T13:06:48.662273+00:00,12551499600200,planner_process,326584.0,330088.0,psutil,
b3-soak-20260921T124212Z-03f43125,0,1463,2026-09-21T13:06:49.662962+00:00,12552500292800,planner_process,326584.0,330088.0,psutil,
b3-soak-20260921T124212Z-03f43125,0,1464,2026-09-21T13:06:50.676412+00:00,12553513882000,planner_process,326588.0,330088.0,psutil,
b3-soak-20260921T124212Z-03f43125,0,1465,2026-09-21T13:06:51.682885+00:00,12554520327600,planner_process,326592.0,330088.0,psutil,
b3-soak-20260921T124212Z-03f43125,0,1466,2026-09-21T13:06:52.687251+00:00,12555525092900,planner_process,326592.0,330088.0,psutil,
b3-soak-20260921T124212Z-03f43125,0,1467,2026-09-21T13:06:53.694116+00:00,12556531429500,planner_process,326592.0,330088.0,psutil,
b3-soak-20260921T124212Z-03f43125,0,1468,2026-09-21T13:06:54.701784+00:00,12557539563800,planner_process,326600.0,330088.0,psutil,
b3-soak-20260921T124212Z-03f43125,0,1469,2026-09-21T13:06:55.702944+00:00,12558540810500,planner_process,323084.0,330088.0,psutil,
b3-soak-20260921T124212Z-03f43125,0,1470,2026-09-21T13:06:56.705110+00:00,12559543187100,planner_process,326604.0,330088.0,psutil,
b3-soak-20260921T124212Z-03f43125,0,1471,2026-09-21T13:06:57.721943+00:00,12560559906600,planner_process,326604.0,330088.0,psutil,
b3-soak-20260921T124212Z-03f43125,0,1472,2026-09-21T13:06:58.725518+00:00,12561562899200,planner_process,326604.0,330088.0,psutil,
b3-soak-20260921T124212Z-03f43125,0,1473,2026-09-21T13:06:59.737063+00:00,12562574970300,planner_process,326604.0,330088.0,psutil,
b3-soak-20260921T124212Z-03f43125,0,1474,2026-09-21T13:07:00.738172+00:00,12563575682400,planner_process,326608.0,330088.0,psutil,
b3-soak-20260921T124212Z-03f43125,0,1475,2026-09-21T13:07:01.743024+00:00,12564580429200,planner_process,326608.0,330088.0,psutil,
b3-soak-20260921T124212Z-03f43125,0,1476,2026-09-21T13:07:02.750986+00:00,12565588938100,planner_process,326608.0,330088.0,psutil,
b3-soak-20260921T124212Z-03f43125,0,1477,2026-09-21T13:07:03.765727+00:00,12566603159400,planner_process,326608.0,330088.0,psutil,
b3-soak-20260921T124212Z-03f43125,0,1478,2026-09-21T13:07:04.769267+00:00,12567606607000,planner_process,326608.0,330088.0,psutil,
b3-soak-20260921T124212Z-03f43125,0,1479,2026-09-21T13:07:05.773039+00:00,12568610451000,planner_process,326612.0,330088.0,psutil,
b3-soak-20260921T124212Z-03f43125,0,1480,2026-09-21T13:07:06.774188+00:00,12569611746300,planner_process,326612.0,330088.0,psutil,
b3-soak-20260921T124212Z-03f43125,0,1481,2026-09-21T13:07:07.774621+00:00,12570612005300,planner_process,326612.0,330088.0,psutil,
b3-soak-20260921T124212Z-03f43125,0,1482,2026-09-21T13:07:08.783038+00:00,12571620351700,planner_process,326612.0,330088.0,psutil,
b3-soak-20260921T124212Z-03f43125,0,1483,2026-09-21T13:07:09.790571+00:00,12572628031500,planner_process,326616.0,330088.0,psutil,
b3-soak-20260921T124212Z-03f43125,0,1484,2026-09-21T13:07:10.799570+00:00,12573637400300,planner_process,326620.0,330088.0,psutil,
b3-soak-20260921T124212Z-03f43125,0,1485,2026-09-21T13:07:11.813818+00:00,12574651186100,planner_process,326624.0,330088.0,psutil,
b3-soak-20260921T124212Z-03f43125,0,1486,2026-09-21T13:07:12.820175+00:00,12575657647800,planner_process,326624.0,330088.0,psutil,
b3-soak-20260921T124212Z-03f43125,0,1487,2026-09-21T13:07:13.828798+00:00,12576666644800,planner_process,326628.0,330088.0,psutil,
b3-soak-20260921T124212Z-03f43125,0,1488,2026-09-21T13:07:14.847526+00:00,12577685321400,planner_process,326628.0,330088.0,psutil,
b3-soak-20260921T124212Z-03f43125,0,1489,2026-09-21T13:07:15.862650+00:00,12578700062300,planner_process,326632.0,330088.0,psutil,
b3-soak-20260921T124212Z-03f43125,0,1490,2026-09-21T13:07:16.869202+00:00,12579706564500,planner_process,326632.0,330088.0,psutil,
b3-soak-20260921T124212Z-03f43125,0,1491,2026-09-21T13:07:17.871190+00:00,12580708553800,planner_process,326632.0,330088.0,psutil,
b3-soak-20260921T124212Z-03f43125,0,1492,2026-09-21T13:07:18.872537+00:00,12581709943400,planner_process,326636.0,330088.0,psutil,
b3-soak-20260921T124212Z-03f43125,0,1493,2026-09-21T13:07:19.877973+00:00,12582715644600,planner_process,326636.0,330088.0,psutil,
b3-soak-20260921T124212Z-03f43125,0,1494,2026-09-21T13:07:20.889901+00:00,12583727252100,planner_process,326640.0,330088.0,psutil,
b3-soak-20260921T124212Z-03f43125,0,1495,2026-09-21T13:07:21.892871+00:00,12584730325300,planner_process,326640.0,330088.0,psutil,
b3-soak-20260921T124212Z-03f43125,0,1496,2026-09-21T13:07:22.898122+00:00,12585735939000,planner_process,326640.0,330088.0,psutil,
b3-soak-20260921T124212Z-03f43125,0,1497,2026-09-21T13:07:23.901267+00:00,12586738903100,planner_process,326640.0,330088.0,psutil,
b3-soak-20260921T124212Z-03f43125,0,1498,2026-09-21T13:07:24.905191+00:00,12587742514900,planner_process,326644.0,330088.0,psutil,
b3-soak-20260921T124212Z-03f43125,0,1499,2026-09-21T13:07:25.917173+00:00,12588754724100,planner_process,326648.0,330088.0,psutil,
b3-soak-20260921T124212Z-03f43125,0,1500,2026-09-21T13:07:26.928558+00:00,12589765874800,planner_process,326648.0,330088.0,psutil,
b3-soak-20260921T124212Z-03f43125,0,1501,2026-09-21T13:07:27.947419+00:00,12590785134600,planner_process,326648.0,330088.0,psutil,
b3-soak-20260921T124212Z-03f43125,0,1502,2026-09-21T13:07:28.951432+00:00,12591789699800,planner_process,326648.0,330088.0,psutil,
b3-soak-20260921T124212Z-03f43125,0,1503,2026-09-21T13:07:29.957084+00:00,12592794770300,planner_process,326648.0,330088.0,psutil,
b3-soak-20260921T124212Z-03f43125,0,1504,2026-09-21T13:07:30.962323+00:00,12593799628900,planner_process,326656.0,330088.0,psutil,
b3-soak-20260921T124212Z-03f43125,0,1505,2026-09-21T13:07:31.971065+00:00,12594808555800,planner_process,326656.0,330088.0,psutil,
b3-soak-20260921T124212Z-03f43125,0,1506,2026-09-21T13:07:32.977011+00:00,12595814549200,planner_process,326656.0,330088.0,psutil,
b3-soak-20260921T124212Z-03f43125,0,1507,2026-09-21T13:07:33.979831+00:00,12596817939200,planner_process,326656.0,330088.0,psutil,
b3-soak-20260921T124212Z-03f43125,0,1508,2026-09-21T13:07:34.984943+00:00,12597822284300,planner_process,326656.0,330088.0,psutil,
b3-soak-20260921T124212Z-03f43125,0,1509,2026-09-21T13:07:35.993147+00:00,12598830463800,planner_process,326664.0,330088.0,psutil,
b3-soak-20260921T124212Z-03f43125,0,1510,2026-09-21T13:07:37.003865+00:00,12599841753300,planner_process,326664.0,330088.0,psutil,
b3-soak-20260921T124212Z-03f43125,0,1511,2026-09-21T13:07:38.015819+00:00,12600853755700,planner_process,326664.0,330088.0,psutil,
b3-soak-20260921T124212Z-03f43125,0,1512,2026-09-21T13:07:39.021338+00:00,12601858852800,planner_process,326664.0,330088.0,psutil,
b3-soak-20260921T124212Z-03f43125,0,1513,2026-09-21T13:07:40.027723+00:00,12602865095700,planner_process,326664.0,330088.0,psutil,
b3-soak-20260921T124212Z-03f43125,0,1514,2026-09-21T13:07:41.032975+00:00,12603871162700,planner_process,326668.0,330088.0,psutil,
b3-soak-20260921T124212Z-03f43125,0,1515,2026-09-21T13:07:42.050281+00:00,12604887932100,planner_process,326672.0,330088.0,psutil,
b3-soak-20260921T124212Z-03f43125,0,1516,2026-09-21T13:07:43.061520+00:00,12605898831600,planner_process,326672.0,330088.0,psutil,
b3-soak-20260921T124212Z-03f43125,0,1517,2026-09-21T13:07:44.062756+00:00,12606900139700,planner_process,326672.0,330088.0,psutil,
b3-soak-20260921T124212Z-03f43125,0,1518,2026-09-21T13:07:45.078970+00:00,12607916539700,planner_process,323152.0,330088.0,psutil,
b3-soak-20260921T124212Z-03f43125,0,1519,2026-09-21T13:07:46.092726+00:00,12608930321400,planner_process,326676.0,330088.0,psutil,
b3-soak-20260921T124212Z-03f43125,0,1520,2026-09-21T13:07:47.099592+00:00,12609937210800,planner_process,326676.0,330088.0,psutil,
b3-soak-20260921T124212Z-03f43125,0,1521,2026-09-21T13:07:48.105601+00:00,12610943781100,planner_process,326676.0,330088.0,psutil,
b3-soak-20260921T124212Z-03f43125,0,1522,2026-09-21T13:07:49.111505+00:00,12611949510300,planner_process,326676.0,330088.0,psutil,
b3-soak-20260921T124212Z-03f43125,0,1523,2026-09-21T13:07:50.111572+00:00,12612949616600,planner_process,326676.0,330088.0,psutil,
b3-soak-20260921T124212Z-03f43125,0,1524,2026-09-21T13:07:51.114977+00:00,12613952719900,planner_process,326684.0,330088.0,psutil,
b3-soak-20260921T124212Z-03f43125,0,1525,2026-09-21T13:07:52.129166+00:00,12614966692500,planner_process,326684.0,330088.0,psutil,
b3-soak-20260921T124212Z-03f43125,0,1526,2026-09-21T13:07:53.131747+00:00,12615969133300,planner_process,326684.0,330088.0,psutil,
b3-soak-20260921T124212Z-03f43125,0,1527,2026-09-21T13:07:54.137705+00:00,12616975055000,planner_process,326684.0,330088.0,psutil,
b3-soak-20260921T124212Z-03f43125,0,1528,2026-09-21T13:07:55.147003+00:00,12617985047800,planner_process,326684.0,330088.0,psutil,
b3-soak-20260921T124212Z-03f43125,0,1529,2026-09-21T13:07:56.154899+00:00,12618992401400,planner_process,326688.0,330088.0,psutil,
b3-soak-20260921T124212Z-03f43125,0,1530,2026-09-21T13:07:57.156650+00:00,12619994012700,planner_process,326692.0,330088.0,psutil,
b3-soak-20260921T124212Z-03f43125,0,1531,2026-09-21T13:07:58.163554+00:00,12621000969600,planner_process,326692.0,330088.0,psutil,
b3-soak-20260921T124212Z-03f43125,0,1532,2026-09-21T13:07:59.168646+00:00,12622006041300,planner_process,326692.0,330088.0,psutil,
b3-soak-20260921T124212Z-03f43125,0,1533,2026-09-21T13:08:00.183621+00:00,12623020931200,planner_process,326692.0,330088.0,psutil,
b3-soak-20260921T124212Z-03f43125,0,1534,2026-09-21T13:08:01.194089+00:00,12624032377500,planner_process,326696.0,330088.0,psutil,
b3-soak-20260921T124212Z-03f43125,0,1535,2026-09-21T13:08:02.196020+00:00,12625033647900,planner_process,326696.0,330088.0,psutil,
b3-soak-20260921T124212Z-03f43125,0,1536,2026-09-21T13:08:03.208037+00:00,12626046166300,planner_process,326700.0,330088.0,psutil,
b3-soak-20260921T124212Z-03f43125,0,1537,2026-09-21T13:08:04.223531+00:00,12627061199600,planner_process,326700.0,330088.0,psutil,
b3-soak-20260921T124212Z-03f43125,0,1538,2026-09-21T13:08:05.224391+00:00,12628061729300,planner_process,326704.0,330088.0,psutil,
b3-soak-20260921T124212Z-03f43125,0,1539,2026-09-21T13:08:06.230991+00:00,12629068310100,planner_process,326708.0,330088.0,psutil,
b3-soak-20260921T124212Z-03f43125,0,1540,2026-09-21T13:08:07.232329+00:00,12630069736700,planner_process,326708.0,330088.0,psutil,
b3-soak-20260921T124212Z-03f43125,0,1541,2026-09-21T13:08:08.244074+00:00,12631082170100,planner_process,326708.0,330088.0,psutil,
b3-soak-20260921T124212Z-03f43125,0,1542,2026-09-21T13:08:09.250423+00:00,12632087756400,planner_process,326708.0,330088.0,psutil,
b3-soak-20260921T124212Z-03f43125,0,1543,2026-09-21T13:08:10.261963+00:00,12633099303800,planner_process,326712.0,330088.0,psutil,
b3-soak-20260921T124212Z-03f43125,0,1544,2026-09-21T13:08:11.266186+00:00,12634104465100,planner_process,326716.0,330088.0,psutil,
b3-soak-20260921T124212Z-03f43125,0,1545,2026-09-21T13:08:12.274658+00:00,12635112309100,planner_process,326716.0,330088.0,psutil,
b3-soak-20260921T124212Z-03f43125,0,1546,2026-09-21T13:08:13.283865+00:00,12636121639700,planner_process,326720.0,330088.0,psutil,
b3-soak-20260921T124212Z-03f43125,0,1547,2026-09-21T13:08:14.302094+00:00,12637139975300,planner_process,326720.0,330088.0,psutil,
b3-soak-20260921T124212Z-03f43125,0,1548,2026-09-21T13:08:15.305384+00:00,12638142770100,planner_process,326720.0,330088.0,psutil,
b3-soak-20260921T124212Z-03f43125,0,1549,2026-09-21T13:08:16.306316+00:00,12639143644800,planner_process,326724.0,330088.0,psutil,
b3-soak-20260921T124212Z-03f43125,0,1550,2026-09-21T13:08:17.313438+00:00,12640151065700,planner_process,326724.0,330088.0,psutil,
b3-soak-20260921T124212Z-03f43125,0,1551,2026-09-21T13:08:18.326766+00:00,12641164128700,planner_process,326724.0,330088.0,psutil,
b3-soak-20260921T124212Z-03f43125,0,1552,2026-09-21T13:08:19.339856+00:00,12642177185800,planner_process,326724.0,330088.0,psutil,
b3-soak-20260921T124212Z-03f43125,0,1553,2026-09-21T13:08:20.344680+00:00,12643182032900,planner_process,323204.0,330088.0,psutil,
b3-soak-20260921T124212Z-03f43125,0,1554,2026-09-21T13:08:21.352007+00:00,12644190134500,planner_process,326728.0,330088.0,psutil,
b3-soak-20260921T124212Z-03f43125,0,1555,2026-09-21T13:08:22.354296+00:00,12645191607800,planner_process,326728.0,330088.0,psutil,
b3-soak-20260921T124212Z-03f43125,0,1556,2026-09-21T13:08:23.359356+00:00,12646196731700,planner_process,326728.0,330088.0,psutil,
b3-soak-20260921T124212Z-03f43125,0,1557,2026-09-21T13:08:24.365257+00:00,12647202702500,planner_process,326728.0,330088.0,psutil,
b3-soak-20260921T124212Z-03f43125,0,1558,2026-09-21T13:08:25.372617+00:00,12648209948500,planner_process,326728.0,330088.0,psutil,
b3-soak-20260921T124212Z-03f43125,0,1559,2026-09-21T13:08:26.382938+00:00,12649220565600,planner_process,326736.0,330088.0,psutil,
b3-soak-20260921T124212Z-03f43125,0,1560,2026-09-21T13:08:27.392986+00:00,12650231109400,planner_process,326736.0,330088.0,psutil,
b3-soak-20260921T124212Z-03f43125,0,1561,2026-09-21T13:08:28.397170+00:00,12651234882300,planner_process,326736.0,330088.0,psutil,
b3-soak-20260921T124212Z-03f43125,0,1562,2026-09-21T13:08:29.404795+00:00,12652242146000,planner_process,323216.0,330088.0,psutil,
b3-soak-20260921T124212Z-03f43125,0,1563,2026-09-21T13:08:30.413528+00:00,12653251292300,planner_process,326744.0,330088.0,psutil,
b3-soak-20260921T124212Z-03f43125,0,1564,2026-09-21T13:08:31.418722+00:00,12654256108500,planner_process,326748.0,330088.0,psutil,
b3-soak-20260921T124212Z-03f43125,0,1565,2026-09-21T13:08:32.426652+00:00,12655264580400,planner_process,326748.0,330088.0,psutil,
b3-soak-20260921T124212Z-03f43125,0,1566,2026-09-21T13:08:33.435101+00:00,12656272441800,planner_process,326748.0,330088.0,psutil,
b3-soak-20260921T124212Z-03f43125,0,1567,2026-09-21T13:08:34.438222+00:00,12657275534000,planner_process,326748.0,330088.0,psutil,
b3-soak-20260921T124212Z-03f43125,0,1568,2026-09-21T13:08:35.444342+00:00,12658281687600,planner_process,326748.0,330088.0,psutil,
b3-soak-20260921T124212Z-03f43125,0,1569,2026-09-21T13:08:36.460101+00:00,12659298333800,planner_process,326752.0,330088.0,psutil,
b3-soak-20260921T124212Z-03f43125,0,1570,2026-09-21T13:08:37.470217+00:00,12660307766700,planner_process,326752.0,330088.0,psutil,
b3-soak-20260921T124212Z-03f43125,0,1571,2026-09-21T13:08:38.489706+00:00,12661327295500,planner_process,326752.0,330088.0,psutil,
b3-soak-20260921T124212Z-03f43125,0,1572,2026-09-21T13:08:39.502918+00:00,12662340781000,planner_process,326752.0,330088.0,psutil,
b3-soak-20260921T124212Z-03f43125,0,1573,2026-09-21T13:08:40.517209+00:00,12663354550600,planner_process,326752.0,330088.0,psutil,
b3-soak-20260921T124212Z-03f43125,0,1574,2026-09-21T13:08:41.530163+00:00,12664367913600,planner_process,326756.0,330088.0,psutil,
b3-soak-20260921T124212Z-03f43125,0,1575,2026-09-21T13:08:42.530867+00:00,12665368182300,planner_process,326756.0,330088.0,psutil,
b3-soak-20260921T124212Z-03f43125,0,1576,2026-09-21T13:08:43.541931+00:00,12666379928800,planner_process,323236.0,330088.0,psutil,
b3-soak-20260921T124212Z-03f43125,0,1577,2026-09-21T13:08:44.555282+00:00,12667393415200,planner_process,326756.0,330088.0,psutil,
b3-soak-20260921T124212Z-03f43125,0,1578,2026-09-21T13:08:45.568963+00:00,12668406320900,planner_process,326756.0,330088.0,psutil,
b3-soak-20260921T124212Z-03f43125,0,1579,2026-09-21T13:08:46.577349+00:00,12669414737800,planner_process,326764.0,330088.0,psutil,
b3-soak-20260921T124212Z-03f43125,0,1580,2026-09-21T13:08:47.585708+00:00,12670423811800,planner_process,326764.0,330088.0,psutil,
b3-soak-20260921T124212Z-03f43125,0,1581,2026-09-21T13:08:48.598716+00:00,12671436317900,planner_process,326764.0,330088.0,psutil,
b3-soak-20260921T124212Z-03f43125,0,1582,2026-09-21T13:08:49.612123+00:00,12672450180400,planner_process,326772.0,330088.0,psutil,
b3-soak-20260921T124212Z-03f43125,0,1583,2026-09-21T13:08:50.625288+00:00,12673462736200,planner_process,326772.0,330088.0,psutil,
b3-soak-20260921T124212Z-03f43125,0,1584,2026-09-21T13:08:51.630670+00:00,12674468202300,planner_process,326776.0,330088.0,psutil,
b3-soak-20260921T124212Z-03f43125,0,1585,2026-09-21T13:08:52.634705+00:00,12675472007300,planner_process,326776.0,330088.0,psutil,
b3-soak-20260921T124212Z-03f43125,0,1586,2026-09-21T13:08:53.652510+00:00,12676490094000,planner_process,326776.0,330088.0,psutil,
b3-soak-20260921T124212Z-03f43125,0,1587,2026-09-21T13:08:54.659793+00:00,12677497290100,planner_process,326776.0,330088.0,psutil,
b3-soak-20260921T124212Z-03f43125,0,1588,2026-09-21T13:08:55.675479+00:00,12678512895800,planner_process,326776.0,330088.0,psutil,
b3-soak-20260921T124212Z-03f43125,0,1589,2026-09-21T13:08:56.690905+00:00,12679528266800,planner_process,326780.0,330088.0,psutil,
b3-soak-20260921T124212Z-03f43125,0,1590,2026-09-21T13:08:57.693836+00:00,12680531223400,planner_process,326780.0,330088.0,psutil,
b3-soak-20260921T124212Z-03f43125,0,1591,2026-09-21T13:08:58.702397+00:00,12681539800700,planner_process,326780.0,330088.0,psutil,
b3-soak-20260921T124212Z-03f43125,0,1592,2026-09-21T13:08:59.707033+00:00,12682544464900,planner_process,326780.0,330088.0,psutil,
b3-soak-20260921T124212Z-03f43125,0,1593,2026-09-21T13:09:00.714445+00:00,12683552682900,planner_process,326780.0,330088.0,psutil,
b3-soak-20260921T124212Z-03f43125,0,1594,2026-09-21T13:09:01.733521+00:00,12684571603300,planner_process,326784.0,330088.0,psutil,
b3-soak-20260921T124212Z-03f43125,0,1595,2026-09-21T13:09:02.741571+00:00,12685579214500,planner_process,326784.0,330088.0,psutil,
b3-soak-20260921T124212Z-03f43125,0,1596,2026-09-21T13:09:03.743672+00:00,12686580999300,planner_process,326788.0,330088.0,psutil,
b3-soak-20260921T124212Z-03f43125,0,1597,2026-09-21T13:09:04.750464+00:00,12687588660800,planner_process,326788.0,330088.0,psutil,
b3-soak-20260921T124212Z-03f43125,0,1598,2026-09-21T13:09:05.755240+00:00,12688592591400,planner_process,326788.0,330088.0,psutil,
b3-soak-20260921T124212Z-03f43125,0,1599,2026-09-21T13:09:06.763373+00:00,12689601582200,planner_process,326792.0,330088.0,psutil,
b3-soak-20260921T124212Z-03f43125,0,1600,2026-09-21T13:09:07.778878+00:00,12690616307700,planner_process,326796.0,330088.0,psutil,
b3-soak-20260921T124212Z-03f43125,0,1601,2026-09-21T13:09:08.785793+00:00,12691623590800,planner_process,326796.0,330088.0,psutil,
b3-soak-20260921T124212Z-03f43125,0,1602,2026-09-21T13:09:09.789175+00:00,12692626514100,planner_process,326800.0,330088.0,psutil,
b3-soak-20260921T124212Z-03f43125,0,1603,2026-09-21T13:09:10.801028+00:00,12693638346500,planner_process,326800.0,330088.0,psutil,
b3-soak-20260921T124212Z-03f43125,0,1604,2026-09-21T13:09:11.803132+00:00,12694640455000,planner_process,323288.0,330088.0,psutil,
b3-soak-20260921T124212Z-03f43125,0,1605,2026-09-21T13:09:12.809385+00:00,12695646864500,planner_process,326808.0,330088.0,psutil,
b3-soak-20260921T124212Z-03f43125,0,1606,2026-09-21T13:09:13.812589+00:00,12696649955300,planner_process,326808.0,330088.0,psutil,
b3-soak-20260921T124212Z-03f43125,0,1607,2026-09-21T13:09:14.813602+00:00,12697650981000,planner_process,326808.0,330088.0,psutil,
b3-soak-20260921T124212Z-03f43125,0,1608,2026-09-21T13:09:15.816633+00:00,12698653945700,planner_process,326808.0,330088.0,psutil,
b3-soak-20260921T124212Z-03f43125,0,1609,2026-09-21T13:09:16.825259+00:00,12699662841700,planner_process,326812.0,330088.0,psutil,
b3-soak-20260921T124212Z-03f43125,0,1610,2026-09-21T13:09:17.836758+00:00,12700674358200,planner_process,326812.0,330088.0,psutil,
b3-soak-20260921T124212Z-03f43125,0,1611,2026-09-21T13:09:18.854717+00:00,12701692167900,planner_process,326812.0,330088.0,psutil,
b3-soak-20260921T124212Z-03f43125,0,1612,2026-09-21T13:09:19.854962+00:00,12702692309900,planner_process,326816.0,330088.0,psutil,
b3-soak-20260921T124212Z-03f43125,0,1613,2026-09-21T13:09:20.857802+00:00,12703695288200,planner_process,326816.0,330088.0,psutil,
b3-soak-20260921T124212Z-03f43125,0,1614,2026-09-21T13:09:21.863239+00:00,12704700738800,planner_process,326820.0,330088.0,psutil,
b3-soak-20260921T124212Z-03f43125,0,1615,2026-09-21T13:09:22.869139+00:00,12705706483500,planner_process,326820.0,330088.0,psutil,
b3-soak-20260921T124212Z-03f43125,0,1616,2026-09-21T13:09:23.873856+00:00,12706711822200,planner_process,326820.0,330088.0,psutil,
b3-soak-20260921T124212Z-03f43125,0,1617,2026-09-21T13:09:24.876226+00:00,12707714037900,planner_process,326820.0,330088.0,psutil,
b3-soak-20260921T124212Z-03f43125,0,1618,2026-09-21T13:09:25.891262+00:00,12708728765800,planner_process,326820.0,330088.0,psutil,
b3-soak-20260921T124212Z-03f43125,0,1619,2026-09-21T13:09:26.892673+00:00,12709730315800,planner_process,326824.0,330088.0,psutil,
b3-soak-20260921T124212Z-03f43125,0,1620,2026-09-21T13:09:27.900643+00:00,12710738145800,planner_process,326824.0,330088.0,psutil,
b3-soak-20260921T124212Z-03f43125,0,1621,2026-09-21T13:09:28.915553+00:00,12711752933700,planner_process,326828.0,330088.0,psutil,
b3-soak-20260921T124212Z-03f43125,0,1622,2026-09-21T13:09:29.920085+00:00,12712757409700,planner_process,326828.0,330088.0,psutil,
b3-soak-20260921T124212Z-03f43125,0,1623,2026-09-21T13:09:30.920731+00:00,12713758873100,planner_process,326828.0,330088.0,psutil,
b3-soak-20260921T124212Z-03f43125,0,1624,2026-09-21T13:09:31.925928+00:00,12714763459000,planner_process,326832.0,330088.0,psutil,
b3-soak-20260921T124212Z-03f43125,0,1625,2026-09-21T13:09:32.931022+00:00,12715768483200,planner_process,326836.0,330088.0,psutil,
b3-soak-20260921T124212Z-03f43125,0,1626,2026-09-21T13:09:33.937616+00:00,12716774916900,planner_process,326836.0,330088.0,psutil,
b3-soak-20260921T124212Z-03f43125,0,1627,2026-09-21T13:09:34.949856+00:00,12717787920700,planner_process,326836.0,330088.0,psutil,
b3-soak-20260921T124212Z-03f43125,0,1628,2026-09-21T13:09:35.951687+00:00,12718789000300,planner_process,326836.0,330088.0,psutil,
b3-soak-20260921T124212Z-03f43125,0,1629,2026-09-21T13:09:36.953836+00:00,12719791214300,planner_process,326840.0,330088.0,psutil,
b3-soak-20260921T124212Z-03f43125,0,1630,2026-09-21T13:09:37.959429+00:00,12720796789600,planner_process,326844.0,330088.0,psutil,
b3-soak-20260921T124212Z-03f43125,0,1631,2026-09-21T13:09:38.962538+00:00,12721799936100,planner_process,326844.0,330088.0,psutil,
b3-soak-20260921T124212Z-03f43125,0,1632,2026-09-21T13:09:39.962829+00:00,12722800205700,planner_process,326844.0,330088.0,psutil,
b3-soak-20260921T124212Z-03f43125,0,1633,2026-09-21T13:09:40.965412+00:00,12723802794600,planner_process,326844.0,330088.0,psutil,
b3-soak-20260921T124212Z-03f43125,0,1634,2026-09-21T13:09:41.966456+00:00,12724803788300,planner_process,326848.0,330088.0,psutil,
b3-soak-20260921T124212Z-03f43125,0,1635,2026-09-21T13:09:42.971975+00:00,12725809308100,planner_process,326848.0,330088.0,psutil,
b3-soak-20260921T124212Z-03f43125,0,1636,2026-09-21T13:09:43.975155+00:00,12726812980100,planner_process,326848.0,330088.0,psutil,
b3-soak-20260921T124212Z-03f43125,0,1637,2026-09-21T13:09:44.982926+00:00,12727820510700,planner_process,326848.0,330088.0,psutil,
b3-soak-20260921T124212Z-03f43125,0,1638,2026-09-21T13:09:45.986918+00:00,12728824269400,planner_process,326848.0,330088.0,psutil,
b3-soak-20260921T124212Z-03f43125,0,1639,2026-09-21T13:09:46.991261+00:00,12729828950100,planner_process,326852.0,330088.0,psutil,
b3-soak-20260921T124212Z-03f43125,0,1640,2026-09-21T13:09:47.996511+00:00,12730833860800,planner_process,326852.0,330088.0,psutil,
b3-soak-20260921T124212Z-03f43125,0,1641,2026-09-21T13:09:49.001328+00:00,12731838692900,planner_process,326856.0,330088.0,psutil,
b3-soak-20260921T124212Z-03f43125,0,1642,2026-09-21T13:09:50.008076+00:00,12732845433700,planner_process,326856.0,330088.0,psutil,
b3-soak-20260921T124212Z-03f43125,0,1643,2026-09-21T13:09:51.014715+00:00,12733852994600,planner_process,326856.0,330088.0,psutil,
b3-soak-20260921T124212Z-03f43125,0,1644,2026-09-21T13:09:52.027386+00:00,12734864795900,planner_process,326860.0,330088.0,psutil,
b3-soak-20260921T124212Z-03f43125,0,1645,2026-09-21T13:09:53.042944+00:00,12735880302500,planner_process,326860.0,330088.0,psutil,
b3-soak-20260921T124212Z-03f43125,0,1646,2026-09-21T13:09:54.049297+00:00,12736886673900,planner_process,326860.0,330088.0,psutil,
b3-soak-20260921T124212Z-03f43125,0,1647,2026-09-21T13:09:55.054806+00:00,12737892871200,planner_process,326864.0,330088.0,psutil,
b3-soak-20260921T124212Z-03f43125,0,1648,2026-09-21T13:09:56.067459+00:00,12738904870300,planner_process,323344.0,330088.0,psutil,
b3-soak-20260921T124212Z-03f43125,0,1649,2026-09-21T13:09:57.070414+00:00,12739908133100,planner_process,326872.0,330088.0,psutil,
b3-soak-20260921T124212Z-03f43125,0,1650,2026-09-21T13:09:58.079446+00:00,12740916784700,planner_process,326872.0,330088.0,psutil,
b3-soak-20260921T124212Z-03f43125,0,1651,2026-09-21T13:09:59.084081+00:00,12741921437500,planner_process,326872.0,330088.0,psutil,
b3-soak-20260921T124212Z-03f43125,0,1652,2026-09-21T13:10:00.085473+00:00,12742922820400,planner_process,326872.0,330088.0,psutil,
b3-soak-20260921T124212Z-03f43125,0,1653,2026-09-21T13:10:01.096155+00:00,12743933582400,planner_process,326872.0,330088.0,psutil,
b3-soak-20260921T124212Z-03f43125,0,1654,2026-09-21T13:10:02.101904+00:00,12744939652400,planner_process,326876.0,330088.0,psutil,
b3-soak-20260921T124212Z-03f43125,0,1655,2026-09-21T13:10:03.111032+00:00,12745948590800,planner_process,326880.0,330088.0,psutil,
b3-soak-20260921T124212Z-03f43125,0,1656,2026-09-21T13:10:04.113831+00:00,12746951159900,planner_process,326880.0,330088.0,psutil,
b3-soak-20260921T124212Z-03f43125,0,1657,2026-09-21T13:10:05.116121+00:00,12747953475800,planner_process,326880.0,330088.0,psutil,
b3-soak-20260921T124212Z-03f43125,0,1658,2026-09-21T13:10:06.120712+00:00,12748958083100,planner_process,326880.0,330088.0,psutil,
b3-soak-20260921T124212Z-03f43125,0,1659,2026-09-21T13:10:07.125880+00:00,12749963201900,planner_process,326884.0,330088.0,psutil,
b3-soak-20260921T124212Z-03f43125,0,1660,2026-09-21T13:10:08.143485+00:00,12750981334900,planner_process,326888.0,330088.0,psutil,
b3-soak-20260921T124212Z-03f43125,0,1661,2026-09-21T13:10:09.151198+00:00,12751988885600,planner_process,326888.0,330088.0,psutil,
b3-soak-20260921T124212Z-03f43125,0,1662,2026-09-21T13:10:10.152133+00:00,12752989478900,planner_process,326888.0,330088.0,psutil,
b3-soak-20260921T124212Z-03f43125,0,1663,2026-09-21T13:10:11.156248+00:00,12753993622800,planner_process,326892.0,330088.0,psutil,
b3-soak-20260921T124212Z-03f43125,0,1664,2026-09-21T13:10:12.159477+00:00,12754996807100,planner_process,326896.0,330088.0,psutil,
b3-soak-20260921T124212Z-03f43125,0,1665,2026-09-21T13:10:13.163638+00:00,12756001076500,planner_process,326896.0,330088.0,psutil,
b3-soak-20260921T124212Z-03f43125,0,1666,2026-09-21T13:10:14.169760+00:00,12757007118800,planner_process,326896.0,330088.0,psutil,
b3-soak-20260921T124212Z-03f43125,0,1667,2026-09-21T13:10:15.175913+00:00,12758013300300,planner_process,326896.0,330088.0,psutil,
b3-soak-20260921T124212Z-03f43125,0,1668,2026-09-21T13:10:16.186152+00:00,12759023628800,planner_process,326896.0,330088.0,psutil,
b3-soak-20260921T124212Z-03f43125,0,1669,2026-09-21T13:10:17.192228+00:00,12760030216500,planner_process,326900.0,330088.0,psutil,
b3-soak-20260921T124212Z-03f43125,0,1670,2026-09-21T13:10:18.194406+00:00,12761031722500,planner_process,326900.0,330088.0,psutil,
b3-soak-20260921T124212Z-03f43125,0,1671,2026-09-21T13:10:19.201740+00:00,12762039105100,planner_process,326900.0,330088.0,psutil,
b3-soak-20260921T124212Z-03f43125,0,1672,2026-09-21T13:10:20.209919+00:00,12763047260500,planner_process,326900.0,330088.0,psutil,
b3-soak-20260921T124212Z-03f43125,0,1673,2026-09-21T13:10:21.219696+00:00,12764057305400,planner_process,326900.0,330088.0,psutil,
b3-soak-20260921T124212Z-03f43125,0,1674,2026-09-21T13:10:22.221707+00:00,12765059796200,planner_process,326908.0,330088.0,psutil,
b3-soak-20260921T124212Z-03f43125,0,1675,2026-09-21T13:10:23.227669+00:00,12766065317200,planner_process,326908.0,330088.0,psutil,
b3-soak-20260921T124212Z-03f43125,0,1676,2026-09-21T13:10:24.234066+00:00,12767071424200,planner_process,326908.0,330088.0,psutil,
b3-soak-20260921T124212Z-03f43125,0,1677,2026-09-21T13:10:25.239957+00:00,12768077469700,planner_process,326908.0,330088.0,psutil,
b3-soak-20260921T124212Z-03f43125,0,1678,2026-09-21T13:10:26.247749+00:00,12769085198200,planner_process,326908.0,330088.0,psutil,
b3-soak-20260921T124212Z-03f43125,0,1679,2026-09-21T13:10:27.257635+00:00,12770095610000,planner_process,326916.0,330088.0,psutil,
b3-soak-20260921T124212Z-03f43125,0,1680,2026-09-21T13:10:28.264443+00:00,12771102474300,planner_process,326920.0,330088.0,psutil,
b3-soak-20260921T124212Z-03f43125,0,1681,2026-09-21T13:10:29.270316+00:00,12772108279000,planner_process,326920.0,330088.0,psutil,
b3-soak-20260921T124212Z-03f43125,0,1682,2026-09-21T13:10:30.274583+00:00,12773111898700,planner_process,326920.0,330088.0,psutil,
b3-soak-20260921T124212Z-03f43125,0,1683,2026-09-21T13:10:31.282638+00:00,12774120650000,planner_process,326920.0,330088.0,psutil,
b3-soak-20260921T124212Z-03f43125,0,1684,2026-09-21T13:10:32.288289+00:00,12775125690600,planner_process,326924.0,330088.0,psutil,
b3-soak-20260921T124212Z-03f43125,0,1685,2026-09-21T13:10:33.292294+00:00,12776129747900,planner_process,326924.0,330088.0,psutil,
b3-soak-20260921T124212Z-03f43125,0,1686,2026-09-21T13:10:34.296831+00:00,12777134815900,planner_process,326924.0,330088.0,psutil,
b3-soak-20260921T124212Z-03f43125,0,1687,2026-09-21T13:10:35.304877+00:00,12778143141000,planner_process,326924.0,330088.0,psutil,
b3-soak-20260921T124212Z-03f43125,0,1688,2026-09-21T13:10:36.305892+00:00,12779143260400,planner_process,326924.0,330088.0,psutil,
b3-soak-20260921T124212Z-03f43125,0,1689,2026-09-21T13:10:37.311936+00:00,12780149580700,planner_process,326928.0,330088.0,psutil,
b3-soak-20260921T124212Z-03f43125,0,1690,2026-09-21T13:10:38.313042+00:00,12781150399700,planner_process,326928.0,330088.0,psutil,
b3-soak-20260921T124212Z-03f43125,0,1691,2026-09-21T13:10:39.315708+00:00,12782153033300,planner_process,326928.0,330088.0,psutil,
b3-soak-20260921T124212Z-03f43125,0,1692,2026-09-21T13:10:40.325486+00:00,12783163455600,planner_process,326928.0,330088.0,psutil,
b3-soak-20260921T124212Z-03f43125,0,1693,2026-09-21T13:10:41.334283+00:00,12784171628200,planner_process,326928.0,330088.0,psutil,
b3-soak-20260921T124212Z-03f43125,0,1694,2026-09-21T13:10:42.338216+00:00,12785175621300,planner_process,326932.0,330088.0,psutil,
b3-soak-20260921T124212Z-03f43125,0,1695,2026-09-21T13:10:43.338308+00:00,12786175882600,planner_process,326936.0,330088.0,psutil,
b3-soak-20260921T124212Z-03f43125,0,1696,2026-09-21T13:10:44.343365+00:00,12787181419800,planner_process,326936.0,330088.0,psutil,
b3-soak-20260921T124212Z-03f43125,0,1697,2026-09-21T13:10:45.349100+00:00,12788186883400,planner_process,326940.0,330088.0,psutil,
b3-soak-20260921T124212Z-03f43125,0,1698,2026-09-21T13:10:46.354640+00:00,12789193004100,planner_process,326940.0,330088.0,psutil,
b3-soak-20260921T124212Z-03f43125,0,1699,2026-09-21T13:10:47.373557+00:00,12790210942900,planner_process,326948.0,330088.0,psutil,
b3-soak-20260921T124212Z-03f43125,0,1700,2026-09-21T13:10:48.375504+00:00,12791212823500,planner_process,326948.0,330088.0,psutil,
b3-soak-20260921T124212Z-03f43125,0,1701,2026-09-21T13:10:49.379117+00:00,12792216432100,planner_process,326948.0,330088.0,psutil,
b3-soak-20260921T124212Z-03f43125,0,1702,2026-09-21T13:10:50.392250+00:00,12793229590600,planner_process,326952.0,330088.0,psutil,
b3-soak-20260921T124212Z-03f43125,0,1703,2026-09-21T13:10:51.406958+00:00,12794244470700,planner_process,326952.0,330088.0,psutil,
b3-soak-20260921T124212Z-03f43125,0,1704,2026-09-21T13:10:52.412341+00:00,12795250166800,planner_process,326956.0,330088.0,psutil,
b3-soak-20260921T124212Z-03f43125,0,1705,2026-09-21T13:10:53.414985+00:00,12796252727200,planner_process,323436.0,330088.0,psutil,
b3-soak-20260921T124212Z-03f43125,0,1706,2026-09-21T13:10:54.417324+00:00,12797254634700,planner_process,326956.0,330088.0,psutil,
b3-soak-20260921T124212Z-03f43125,0,1707,2026-09-21T13:10:55.419689+00:00,12798257478100,planner_process,326956.0,330088.0,psutil,
b3-soak-20260921T124212Z-03f43125,0,1708,2026-09-21T13:10:56.425733+00:00,12799263147500,planner_process,326956.0,330088.0,psutil,
b3-soak-20260921T124212Z-03f43125,0,1709,2026-09-21T13:10:57.426857+00:00,12800264289600,planner_process,326964.0,330088.0,psutil,
b3-soak-20260921T124212Z-03f43125,0,1710,2026-09-21T13:10:58.443707+00:00,12801281250000,planner_process,326964.0,330088.0,psutil,
b3-soak-20260921T124212Z-03f43125,0,1711,2026-09-21T13:10:59.455985+00:00,12802293305700,planner_process,326964.0,330088.0,psutil,
b3-soak-20260921T124212Z-03f43125,0,1712,2026-09-21T13:11:00.456148+00:00,12803293524200,planner_process,326964.0,330088.0,psutil,
b3-soak-20260921T124212Z-03f43125,0,1713,2026-09-21T13:11:01.468731+00:00,12804306127500,planner_process,326964.0,330088.0,psutil,
b3-soak-20260921T124212Z-03f43125,0,1714,2026-09-21T13:11:02.478158+00:00,12805315487700,planner_process,326968.0,330088.0,psutil,
b3-soak-20260921T124212Z-03f43125,0,1715,2026-09-21T13:11:03.486088+00:00,12806323451900,planner_process,326968.0,330088.0,psutil,
b3-soak-20260921T124212Z-03f43125,0,1716,2026-09-21T13:11:04.491653+00:00,12807329014400,planner_process,326968.0,330088.0,psutil,
b3-soak-20260921T124212Z-03f43125,0,1717,2026-09-21T13:11:05.498452+00:00,12808336566900,planner_process,326968.0,330088.0,psutil,
b3-soak-20260921T124212Z-03f43125,0,1718,2026-09-21T13:11:06.498543+00:00,12809336736900,planner_process,326968.0,330088.0,psutil,
b3-soak-20260921T124212Z-03f43125,0,1719,2026-09-21T13:11:07.503324+00:00,12810340777100,planner_process,326976.0,330088.0,psutil,
b3-soak-20260921T124212Z-03f43125,0,1720,2026-09-21T13:11:08.506700+00:00,12811344015900,planner_process,326976.0,330088.0,psutil,
b3-soak-20260921T124212Z-03f43125,0,1721,2026-09-21T13:11:09.514702+00:00,12812352498600,planner_process,326980.0,330088.0,psutil,
b3-soak-20260921T124212Z-03f43125,0,1722,2026-09-21T13:11:10.518763+00:00,12813356256900,planner_process,326980.0,330088.0,psutil,
b3-soak-20260921T124212Z-03f43125,0,1723,2026-09-21T13:11:11.528882+00:00,12814366286600,planner_process,326980.0,330088.0,psutil,
b3-soak-20260921T124212Z-03f43125,0,1724,2026-09-21T13:11:12.534842+00:00,12815372166900,planner_process,326988.0,330088.0,psutil,
b3-soak-20260921T124212Z-03f43125,0,1725,2026-09-21T13:11:13.538377+00:00,12816376058300,planner_process,323468.0,330088.0,psutil,
b3-soak-20260921T124212Z-03f43125,0,1726,2026-09-21T13:11:14.549258+00:00,12817387269800,planner_process,326988.0,330088.0,psutil,
b3-soak-20260921T124212Z-03f43125,0,1727,2026-09-21T13:11:15.563951+00:00,12818401369600,planner_process,326988.0,330088.0,psutil,
b3-soak-20260921T124212Z-03f43125,0,1728,2026-09-21T13:11:16.572680+00:00,12819410600400,planner_process,326988.0,330088.0,psutil,
b3-soak-20260921T124212Z-03f43125,0,1729,2026-09-21T13:11:17.584783+00:00,12820422472900,planner_process,326992.0,330088.0,psutil,
b3-soak-20260921T124212Z-03f43125,0,1730,2026-09-21T13:11:18.587891+00:00,12821425251100,planner_process,326992.0,330088.0,psutil,
b3-soak-20260921T124212Z-03f43125,0,1731,2026-09-21T13:11:19.596182+00:00,12822433827100,planner_process,326992.0,330088.0,psutil,
b3-soak-20260921T124212Z-03f43125,0,1732,2026-09-21T13:11:20.596828+00:00,12823434188300,planner_process,326992.0,330088.0,psutil,
b3-soak-20260921T124212Z-03f43125,0,1733,2026-09-21T13:11:21.606059+00:00,12824443400600,planner_process,323472.0,330088.0,psutil,
b3-soak-20260921T124212Z-03f43125,0,1734,2026-09-21T13:11:22.611549+00:00,12825448990800,planner_process,327000.0,330088.0,psutil,
b3-soak-20260921T124212Z-03f43125,0,1735,2026-09-21T13:11:23.619734+00:00,12826457585300,planner_process,327000.0,330088.0,psutil,
b3-soak-20260921T124212Z-03f43125,0,1736,2026-09-21T13:11:24.621017+00:00,12827458888300,planner_process,327000.0,330088.0,psutil,
b3-soak-20260921T124212Z-03f43125,0,1737,2026-09-21T13:11:25.628197+00:00,12828465601400,planner_process,327000.0,330088.0,psutil,
b3-soak-20260921T124212Z-03f43125,0,1738,2026-09-21T13:11:26.643283+00:00,12829480709100,planner_process,327004.0,330088.0,psutil,
b3-soak-20260921T124212Z-03f43125,0,1739,2026-09-21T13:11:27.648932+00:00,12830486263500,planner_process,327008.0,330088.0,psutil,
b3-soak-20260921T124212Z-03f43125,0,1740,2026-09-21T13:11:28.652059+00:00,12831490286700,planner_process,327008.0,330088.0,psutil,
b3-soak-20260921T124212Z-03f43125,0,1741,2026-09-21T13:11:29.657302+00:00,12832494646600,planner_process,327008.0,330088.0,psutil,
b3-soak-20260921T124212Z-03f43125,0,1742,2026-09-21T13:11:30.663822+00:00,12833501141600,planner_process,327008.0,330088.0,psutil,
b3-soak-20260921T124212Z-03f43125,0,1743,2026-09-21T13:11:31.666765+00:00,12834504087300,planner_process,327008.0,330088.0,psutil,
b3-soak-20260921T124212Z-03f43125,0,1744,2026-09-21T13:11:32.674295+00:00,12835511609200,planner_process,327016.0,330088.0,psutil,
b3-soak-20260921T124212Z-03f43125,0,1745,2026-09-21T13:11:33.681654+00:00,12836519050300,planner_process,327016.0,330088.0,psutil,
b3-soak-20260921T124212Z-03f43125,0,1746,2026-09-21T13:11:34.689601+00:00,12837527130500,planner_process,327016.0,330088.0,psutil,
b3-soak-20260921T124212Z-03f43125,0,1747,2026-09-21T13:11:35.692628+00:00,12838529939500,planner_process,327016.0,330088.0,psutil,
b3-soak-20260921T124212Z-03f43125,0,1748,2026-09-21T13:11:36.697472+00:00,12839535365900,planner_process,327016.0,330088.0,psutil,
b3-soak-20260921T124212Z-03f43125,0,1749,2026-09-21T13:11:37.697876+00:00,12840535466000,planner_process,327020.0,330088.0,psutil,
b3-soak-20260921T124212Z-03f43125,0,1750,2026-09-21T13:11:38.698589+00:00,12841536271800,planner_process,327020.0,330088.0,psutil,
b3-soak-20260921T124212Z-03f43125,0,1751,2026-09-21T13:11:39.709460+00:00,12842546836800,planner_process,327020.0,330088.0,psutil,
b3-soak-20260921T124212Z-03f43125,0,1752,2026-09-21T13:11:40.712283+00:00,12843549667500,planner_process,327020.0,330088.0,psutil,
b3-soak-20260921T124212Z-03f43125,0,1753,2026-09-21T13:11:41.717764+00:00,12844555091500,planner_process,327024.0,330088.0,psutil,
b3-soak-20260921T124212Z-03f43125,0,1754,2026-09-21T13:11:42.727034+00:00,12845564449100,planner_process,327032.0,330088.0,psutil,
b3-soak-20260921T124212Z-03f43125,0,1755,2026-09-21T13:11:43.730595+00:00,12846567941700,planner_process,327032.0,330088.0,psutil,
b3-soak-20260921T124212Z-03f43125,0,1756,2026-09-21T13:11:44.745937+00:00,12847583249700,planner_process,327032.0,330088.0,psutil,
b3-soak-20260921T124212Z-03f43125,0,1757,2026-09-21T13:11:45.763461+00:00,12848601426700,planner_process,327032.0,330088.0,psutil,
b3-soak-20260921T124212Z-03f43125,0,1758,2026-09-21T13:11:46.780477+00:00,12849618205300,planner_process,327036.0,330088.0,psutil,
b3-soak-20260921T124212Z-03f43125,0,1759,2026-09-21T13:11:47.786009+00:00,12850623584400,planner_process,327040.0,330088.0,psutil,
b3-soak-20260921T124212Z-03f43125,0,1760,2026-09-21T13:11:48.801058+00:00,12851638426500,planner_process,327040.0,330088.0,psutil,
b3-soak-20260921T124212Z-03f43125,0,1761,2026-09-21T13:11:49.815194+00:00,12852652603500,planner_process,327040.0,330088.0,psutil,
b3-soak-20260921T124212Z-03f43125,0,1762,2026-09-21T13:11:50.821705+00:00,12853659100500,planner_process,327040.0,330088.0,psutil,
b3-soak-20260921T124212Z-03f43125,0,1763,2026-09-21T13:11:51.836071+00:00,12854674115200,planner_process,327040.0,330088.0,psutil,
b3-soak-20260921T124212Z-03f43125,0,1764,2026-09-21T13:11:52.840968+00:00,12855678338100,planner_process,327044.0,330088.0,psutil,
b3-soak-20260921T124212Z-03f43125,0,1765,2026-09-21T13:11:53.842015+00:00,12856679390900,planner_process,327048.0,330088.0,psutil,
b3-soak-20260921T124212Z-03f43125,0,1766,2026-09-21T13:11:54.844840+00:00,12857682828100,planner_process,327048.0,330088.0,psutil,
b3-soak-20260921T124212Z-03f43125,0,1767,2026-09-21T13:11:55.849523+00:00,12858686911500,planner_process,327048.0,330088.0,psutil,
b3-soak-20260921T124212Z-03f43125,0,1768,2026-09-21T13:11:56.858635+00:00,12859696425500,planner_process,327048.0,330088.0,psutil,
b3-soak-20260921T124212Z-03f43125,0,1769,2026-09-21T13:11:57.870634+00:00,12860708145300,planner_process,327052.0,330088.0,psutil,
b3-soak-20260921T124212Z-03f43125,0,1770,2026-09-21T13:11:58.888390+00:00,12861726313900,planner_process,327052.0,330088.0,psutil,
b3-soak-20260921T124212Z-03f43125,0,1771,2026-09-21T13:11:59.900939+00:00,12862738352000,planner_process,327052.0,330088.0,psutil,
b3-soak-20260921T124212Z-03f43125,0,1772,2026-09-21T13:12:00.919665+00:00,12863757791300,planner_process,327052.0,330088.0,psutil,
b3-soak-20260921T124212Z-03f43125,0,1773,2026-09-21T13:12:01.934014+00:00,12864771826800,planner_process,327052.0,330088.0,psutil,
b3-soak-20260921T124212Z-03f43125,0,1774,2026-09-21T13:12:02.937397+00:00,12865774756600,planner_process,327056.0,330088.0,psutil,
b3-soak-20260921T124212Z-03f43125,0,1775,2026-09-21T13:12:03.946183+00:00,12866783849300,planner_process,327056.0,330088.0,psutil,
b3-soak-20260921T124212Z-03f43125,0,1776,2026-09-21T13:12:04.949935+00:00,12867787264700,planner_process,327056.0,330088.0,psutil,
b3-soak-20260921T124212Z-03f43125,0,1777,2026-09-21T13:12:05.957962+00:00,12868795278400,planner_process,327064.0,330088.0,psutil,
b3-soak-20260921T124212Z-03f43125,0,1778,2026-09-21T13:12:06.971552+00:00,12869809503500,planner_process,327064.0,330088.0,psutil,
b3-soak-20260921T124212Z-03f43125,0,1779,2026-09-21T13:12:07.980554+00:00,12870818601700,planner_process,327068.0,330088.0,psutil,
b3-soak-20260921T124212Z-03f43125,0,1780,2026-09-21T13:12:08.983071+00:00,12871820382900,planner_process,327068.0,330088.0,psutil,
b3-soak-20260921T124212Z-03f43125,0,1781,2026-09-21T13:12:09.989812+00:00,12872828024000,planner_process,327068.0,330088.0,psutil,
b3-soak-20260921T124212Z-03f43125,0,1782,2026-09-21T13:12:10.996178+00:00,12873833495600,planner_process,327068.0,330088.0,psutil,
b3-soak-20260921T124212Z-03f43125,0,1783,2026-09-21T13:12:12.001279+00:00,12874839150300,planner_process,327068.0,330088.0,psutil,
b3-soak-20260921T124212Z-03f43125,0,1784,2026-09-21T13:12:13.008064+00:00,12875845411500,planner_process,327072.0,330088.0,psutil,
b3-soak-20260921T124212Z-03f43125,0,1785,2026-09-21T13:12:14.014369+00:00,12876851704400,planner_process,327076.0,330088.0,psutil,
b3-soak-20260921T124212Z-03f43125,0,1786,2026-09-21T13:12:15.027372+00:00,12877864829900,planner_process,327076.0,330088.0,psutil,
b3-soak-20260921T124212Z-03f43125,0,1787,2026-09-21T13:12:16.028869+00:00,12878866298300,planner_process,327076.0,330088.0,psutil,
b3-soak-20260921T124212Z-03f43125,0,1788,2026-09-21T13:12:16.471859+00:00,12879309856500,planner_process,327072.0,330088.0,psutil,
