run_id,round,sample_index,wall_time_utc,monotonic_ns,scope,rss_kib,peak_rss_kib,source,notes
b3-soak-20260925T055126Z-3e8873cb,0,0,2026-09-25T05:51:35.296160+00:00,13229029477500,planner_process,320792.0,321952.0,psutil,
b3-soak-20260925T055126Z-3e8873cb,0,1,2026-09-25T05:51:36.311443+00:00,13230044267000,planner_process,320996.0,322176.0,psutil,
b3-soak-20260925T055126Z-3e8873cb,0,2,2026-09-25T05:51:37.315172+00:00,13231048429000,planner_process,321008.0,322188.0,psutil,
b3-soak-20260925T055126Z-3e8873cb,0,3,2026-09-25T05:51:38.327256+00:00,13232060307800,planner_process,317492.0,322192.0,psutil,
b3-soak-20260925T055126Z-3e8873cb,0,4,2026-09-25T05:51:39.328697+00:00,13233062114100,planner_process,321016.0,322196.0,psutil,
b3-soak-20260925T055126Z-3e8873cb,0,5,2026-09-25T05:51:40.348794+00:00,13234081972600,planner_process,321020.0,322200.0,psutil,
b3-soak-20260925T055126Z-3e8873cb,0,6,2026-09-25T05:51:41.378649+00:00,13235112181300,planner_process,321024.0,322204.0,psutil,
b3-soak-20260925T055126Z-3e8873cb,0,7,2026-09-25T05:51:42.381601+00:00,13236114435600,planner_process,321028.0,322208.0,psutil,
b3-soak-20260925T055126Z-3e8873cb,0,8,2026-09-25T05:51:43.419967+00:00,13237152655100,planner_process,321032.0,322212.0,psutil,
b3-soak-20260925T055126Z-3e8873cb,0,9,2026-09-25T05:51:44.445883+00:00,13238179251100,planner_process,317524.0,322224.0,psutil,
b3-soak-20260925T055126Z-3e8873cb,0,10,2026-09-25T05:51:45.475115+00:00,13239208290800,planner_process,317528.0,322228.0,psutil,
b3-soak-20260925T055126Z-3e8873cb,0,11,2026-09-25T05:51:46.488010+00:00,13240220986700,planner_process,321052.0,322232.0,psutil,
b3-soak-20260925T055126Z-3e8873cb,0,12,2026-09-25T05:51:47.522682+00:00,13241256143700,planner_process,317536.0,322236.0,psutil,
b3-soak-20260925T055126Z-3e8873cb,0,13,2026-09-25T05:51:48.534435+00:00,13242267287500,planner_process,321060.0,322240.0,psutil,
b3-soak-20260925T055126Z-3e8873cb,0,14,2026-09-25T05:51:49.553132+00:00,13243286666300,planner_process,321064.0,322244.0,psutil,
b3-soak-20260925T055126Z-3e8873cb,0,15,2026-09-25T05:51:50.568977+00:00,13244301805200,planner_process,317548.0,322248.0,psutil,
b3-soak-20260925T055126Z-3e8873cb,0,16,2026-09-25T05:51:51.580908+00:00,13245313804400,planner_process,321076.0,322256.0,psutil,
b3-soak-20260925T055126Z-3e8873cb,0,17,2026-09-25T05:51:52.593001+00:00,13246326564000,planner_process,317556.0,322256.0,psutil,
b3-soak-20260925T055126Z-3e8873cb,0,18,2026-09-25T05:51:53.620131+00:00,13247353361300,planner_process,321080.0,322260.0,psutil,
b3-soak-20260925T055126Z-3e8873cb,0,19,2026-09-25T05:51:54.628811+00:00,13248361588500,planner_process,321092.0,322272.0,psutil,
b3-soak-20260925T055126Z-3e8873cb,0,20,2026-09-25T05:51:55.664339+00:00,13249397856900,planner_process,317572.0,322272.0,psutil,
b3-soak-20260925T055126Z-3e8873cb,0,21,2026-09-25T05:51:56.669828+00:00,13250403466400,planner_process,317584.0,322284.0,psutil,
b3-soak-20260925T055126Z-3e8873cb,0,22,2026-09-25T05:51:57.682808+00:00,13251415610100,planner_process,317588.0,322288.0,psutil,
b3-soak-20260925T055126Z-3e8873cb,0,23,2026-09-25T05:51:58.716545+00:00,13252449685100,planner_process,321108.0,322288.0,psutil,
b3-soak-20260925T055126Z-3e8873cb,0,24,2026-09-25T05:51:59.722678+00:00,13253455699700,planner_process,321116.0,322296.0,psutil,
b3-soak-20260925T055126Z-3e8873cb,0,25,2026-09-25T05:52:00.741915+00:00,13254475324900,planner_process,317596.0,322296.0,psutil,
b3-soak-20260925T055126Z-3e8873cb,0,26,2026-09-25T05:52:01.746155+00:00,13255479042600,planner_process,321120.0,322300.0,psutil,
b3-soak-20260925T055126Z-3e8873cb,0,27,2026-09-25T05:52:02.774154+00:00,13256507759800,planner_process,321124.0,322304.0,psutil,
b3-soak-20260925T055126Z-3e8873cb,0,28,2026-09-25T05:52:03.776890+00:00,13257509631400,planner_process,317608.0,322308.0,psutil,
b3-soak-20260925T055126Z-3e8873cb,0,29,2026-09-25T05:52:04.786927+00:00,13258519894700,planner_process,321136.0,322316.0,psutil,
b3-soak-20260925T055126Z-3e8873cb,0,30,2026-09-25T05:52:05.798776+00:00,13259532367900,planner_process,321136.0,322316.0,psutil,
b3-soak-20260925T055126Z-3e8873cb,0,31,2026-09-25T05:52:06.811558+00:00,13260544783900,planner_process,317620.0,322320.0,psutil,
b3-soak-20260925T055126Z-3e8873cb,0,32,2026-09-25T05:52:07.816698+00:00,13261549770300,planner_process,317620.0,322320.0,psutil,
b3-soak-20260925T055126Z-3e8873cb,0,33,2026-09-25T05:52:08.827595+00:00,13262560441800,planner_process,321152.0,322332.0,psutil,
b3-soak-20260925T055126Z-3e8873cb,0,34,2026-09-25T05:52:09.838914+00:00,13263571650000,planner_process,321156.0,322336.0,psutil,
b3-soak-20260925T055126Z-3e8873cb,0,35,2026-09-25T05:52:10.884403+00:00,13264617688000,planner_process,317640.0,322340.0,psutil,
b3-soak-20260925T055126Z-3e8873cb,0,36,2026-09-25T05:52:11.902375+00:00,13265635023200,planner_process,317640.0,322340.0,psutil,
b3-soak-20260925T055126Z-3e8873cb,0,37,2026-09-25T05:52:12.922623+00:00,13266655876700,planner_process,321160.0,322340.0,psutil,
b3-soak-20260925T055126Z-3e8873cb,0,38,2026-09-25T05:52:13.935070+00:00,13267667819200,planner_process,317648.0,322348.0,psutil,
b3-soak-20260925T055126Z-3e8873cb,0,39,2026-09-25T05:52:14.946879+00:00,13268679717000,planner_process,321176.0,322356.0,psutil,
b3-soak-20260925T055126Z-3e8873cb,0,40,2026-09-25T05:52:15.957244+00:00,13269690705600,planner_process,321192.0,322372.0,psutil,
b3-soak-20260925T055126Z-3e8873cb,0,41,2026-09-25T05:52:16.969607+00:00,13270702818100,planner_process,317672.0,322372.0,psutil,
b3-soak-20260925T055126Z-3e8873cb,0,42,2026-09-25T05:52:17.997596+00:00,13271730233700,planner_process,321196.0,322376.0,psutil,
b3-soak-20260925T055126Z-3e8873cb,0,43,2026-09-25T05:52:19.022688+00:00,13272755543200,planner_process,321196.0,322376.0,psutil,
b3-soak-20260925T055126Z-3e8873cb,0,44,2026-09-25T05:52:20.030853+00:00,13273763762500,planner_process,321204.0,322384.0,psutil,
b3-soak-20260925T055126Z-3e8873cb,0,45,2026-09-25T05:52:21.050165+00:00,13274783665900,planner_process,317684.0,322384.0,psutil,
b3-soak-20260925T055126Z-3e8873cb,0,46,2026-09-25T05:52:22.057297+00:00,13275790636100,planner_process,317688.0,322388.0,psutil,
b3-soak-20260925T055126Z-3e8873cb,0,47,2026-09-25T05:52:23.086016+00:00,13276819521300,planner_process,317692.0,322392.0,psutil,
b3-soak-20260925T055126Z-3e8873cb,0,48,2026-09-25T05:52:24.103563+00:00,13277836353500,planner_process,317692.0,322392.0,psutil,
b3-soak-20260925T055126Z-3e8873cb,0,49,2026-09-25T05:52:25.116111+00:00,13278848779100,planner_process,321216.0,322396.0,psutil,
b3-soak-20260925T055126Z-3e8873cb,0,50,2026-09-25T05:52:26.122718+00:00,13279855617000,planner_process,321152.0,322400.0,psutil,
b3-soak-20260925T055126Z-3e8873cb,0,51,2026-09-25T05:52:27.135431+00:00,13280868448700,planner_process,321152.0,322400.0,psutil,
b3-soak-20260925T055126Z-3e8873cb,0,52,2026-09-25T05:52:28.153713+00:00,13281886865700,planner_process,321156.0,322400.0,psutil,
b3-soak-20260925T055126Z-3e8873cb,0,53,2026-09-25T05:52:29.163738+00:00,13282896533800,planner_process,317636.0,322400.0,psutil,
b3-soak-20260925T055126Z-3e8873cb,0,54,2026-09-25T05:52:30.178418+00:00,13283911555600,planner_process,321164.0,322400.0,psutil,
b3-soak-20260925T055126Z-3e8873cb,0,55,2026-09-25T05:52:31.213535+00:00,13284946222400,planner_process,321168.0,322400.0,psutil,
b3-soak-20260925T055126Z-3e8873cb,0,56,2026-09-25T05:52:32.221344+00:00,13285954076300,planner_process,321168.0,322400.0,psutil,
b3-soak-20260925T055126Z-3e8873cb,0,57,2026-09-25T05:52:33.226465+00:00,13286959510800,planner_process,321172.0,322400.0,psutil,
b3-soak-20260925T055126Z-3e8873cb,0,58,2026-09-25T05:52:34.254645+00:00,13287988022500,planner_process,317656.0,322400.0,psutil,
b3-soak-20260925T055126Z-3e8873cb,0,59,2026-09-25T05:52:35.267941+00:00,13289000952400,planner_process,321180.0,322400.0,psutil,
b3-soak-20260925T055126Z-3e8873cb,0,60,2026-09-25T05:52:36.280474+00:00,13290013529700,planner_process,321184.0,322400.0,psutil,
b3-soak-20260925T055126Z-3e8873cb,0,61,2026-09-25T05:52:37.294171+00:00,13291027417500,planner_process,317668.0,322400.0,psutil,
b3-soak-20260925T055126Z-3e8873cb,0,62,2026-09-25T05:52:38.300945+00:00,13292033693300,planner_process,317672.0,322400.0,psutil,
b3-soak-20260925T055126Z-3e8873cb,0,63,2026-09-25T05:52:39.323898+00:00,13293056851100,planner_process,321196.0,322400.0,psutil,
b3-soak-20260925T055126Z-3e8873cb,0,64,2026-09-25T05:52:40.337950+00:00,13294070806100,planner_process,321200.0,322400.0,psutil,
b3-soak-20260925T055126Z-3e8873cb,0,65,2026-09-25T05:52:41.364610+00:00,13295097428600,planner_process,321200.0,322400.0,psutil,
b3-soak-20260925T055126Z-3e8873cb,0,66,2026-09-25T05:52:42.377306+00:00,13296110613800,planner_process,321208.0,322400.0,psutil,
b3-soak-20260925T055126Z-3e8873cb,0,67,2026-09-25T05:52:43.391162+00:00,13297124109300,planner_process,317688.0,322400.0,psutil,
b3-soak-20260925T055126Z-3e8873cb,0,68,2026-09-25T05:52:44.402759+00:00,13298135710300,planner_process,317688.0,322400.0,psutil,
b3-soak-20260925T055126Z-3e8873cb,0,69,2026-09-25T05:52:45.417168+00:00,13299150183500,planner_process,321216.0,322400.0,psutil,
b3-soak-20260925T055126Z-3e8873cb,0,70,2026-09-25T05:52:46.432568+00:00,13300165439800,planner_process,321216.0,322400.0,psutil,
b3-soak-20260925T055126Z-3e8873cb,0,71,2026-09-25T05:52:47.443504+00:00,13301176321500,planner_process,321216.0,322400.0,psutil,
b3-soak-20260925T055126Z-3e8873cb,0,72,2026-09-25T05:52:48.451276+00:00,13302184379500,planner_process,321216.0,322400.0,psutil,
b3-soak-20260925T055126Z-3e8873cb,0,73,2026-09-25T05:52:49.463971+00:00,13303197289900,planner_process,317704.0,322404.0,psutil,
b3-soak-20260925T055126Z-3e8873cb,0,74,2026-09-25T05:52:50.499989+00:00,13304232868100,planner_process,317708.0,322408.0,psutil,
b3-soak-20260925T055126Z-3e8873cb,0,75,2026-09-25T05:52:51.507334+00:00,13305240495200,planner_process,321228.0,322408.0,psutil,
b3-soak-20260925T055126Z-3e8873cb,0,76,2026-09-25T05:52:52.509641+00:00,13306243287900,planner_process,321232.0,322412.0,psutil,
b3-soak-20260925T055126Z-3e8873cb,0,77,2026-09-25T05:52:53.514393+00:00,13307247210400,planner_process,317712.0,322412.0,psutil,
b3-soak-20260925T055126Z-3e8873cb,0,78,2026-09-25T05:52:54.530066+00:00,13308262816200,planner_process,317712.0,322412.0,psutil,
b3-soak-20260925T055126Z-3e8873cb,0,79,2026-09-25T05:52:55.547802+00:00,13309280980400,planner_process,321240.0,322420.0,psutil,
b3-soak-20260925T055126Z-3e8873cb,0,80,2026-09-25T05:52:56.573985+00:00,13310307072400,planner_process,317724.0,322424.0,psutil,
b3-soak-20260925T055126Z-3e8873cb,0,81,2026-09-25T05:52:57.617377+00:00,13311350246100,planner_process,317728.0,322428.0,psutil,
b3-soak-20260925T055126Z-3e8873cb,0,82,2026-09-25T05:52:58.626626+00:00,13312359495400,planner_process,317728.0,322428.0,psutil,
b3-soak-20260925T055126Z-3e8873cb,0,83,2026-09-25T05:52:59.668602+00:00,13313401661200,planner_process,317732.0,322432.0,psutil,
b3-soak-20260925T055126Z-3e8873cb,0,84,2026-09-25T05:53:00.691986+00:00,13314424846500,planner_process,317736.0,322436.0,psutil,
b3-soak-20260925T055126Z-3e8873cb,0,85,2026-09-25T05:53:01.701572+00:00,13315434579100,planner_process,317736.0,322436.0,psutil,
b3-soak-20260925T055126Z-3e8873cb,0,86,2026-09-25T05:53:02.716163+00:00,13316449496300,planner_process,317740.0,322440.0,psutil,
b3-soak-20260925T055126Z-3e8873cb,0,87,2026-09-25T05:53:03.724053+00:00,13317456932600,planner_process,321264.0,322444.0,psutil,
b3-soak-20260925T055126Z-3e8873cb,0,88,2026-09-25T05:53:04.725293+00:00,13318458212200,planner_process,321264.0,322444.0,psutil,
b3-soak-20260925T055126Z-3e8873cb,0,89,2026-09-25T05:53:05.725533+00:00,13319458901200,planner_process,317748.0,322448.0,psutil,
b3-soak-20260925T055126Z-3e8873cb,0,90,2026-09-25T05:53:06.735657+00:00,13320468687600,planner_process,317752.0,322452.0,psutil,
b3-soak-20260925T055126Z-3e8873cb,0,91,2026-09-25T05:53:07.742376+00:00,13321475107300,planner_process,321272.0,322452.0,psutil,
b3-soak-20260925T055126Z-3e8873cb,0,92,2026-09-25T05:53:08.753357+00:00,13322486139000,planner_process,321276.0,322452.0,psutil,
b3-soak-20260925T055126Z-3e8873cb,0,93,2026-09-25T05:53:09.798793+00:00,13323532045000,planner_process,317756.0,322456.0,psutil,
b3-soak-20260925T055126Z-3e8873cb,0,94,2026-09-25T05:53:10.812153+00:00,13324544803000,planner_process,321284.0,322464.0,psutil,
b3-soak-20260925T055126Z-3e8873cb,0,95,2026-09-25T05:53:11.820895+00:00,13325553899800,planner_process,321288.0,322468.0,psutil,
b3-soak-20260925T055126Z-3e8873cb,0,96,2026-09-25T05:53:12.829604+00:00,13326562849700,planner_process,317772.0,322472.0,psutil,
b3-soak-20260925T055126Z-3e8873cb,0,97,2026-09-25T05:53:13.858860+00:00,13327591786300,planner_process,321296.0,322476.0,psutil,
b3-soak-20260925T055126Z-3e8873cb,0,98,2026-09-25T05:53:14.868709+00:00,13328601644300,planner_process,317780.0,322480.0,psutil,
b3-soak-20260925T055126Z-3e8873cb,0,99,2026-09-25T05:53:15.899219+00:00,13329632256600,planner_process,321304.0,322484.0,psutil,
b3-soak-20260925T055126Z-3e8873cb,0,100,2026-09-25T05:53:16.899874+00:00,13330633417800,planner_process,321308.0,322488.0,psutil,
b3-soak-20260925T055126Z-3e8873cb,0,101,2026-09-25T05:53:17.920773+00:00,13331654215900,planner_process,321312.0,322492.0,psutil,
b3-soak-20260925T055126Z-3e8873cb,0,102,2026-09-25T05:53:18.960885+00:00,13332694001500,planner_process,317792.0,322492.0,psutil,
b3-soak-20260925T055126Z-3e8873cb,0,103,2026-09-25T05:53:19.974441+00:00,13333707420600,planner_process,317812.0,322512.0,psutil,
b3-soak-20260925T055126Z-3e8873cb,0,104,2026-09-25T05:53:20.990424+00:00,13334723686800,planner_process,317820.0,322520.0,psutil,
b3-soak-20260925T055126Z-3e8873cb,0,105,2026-09-25T05:53:22.001884+00:00,13335734591100,planner_process,321340.0,322520.0,psutil,
b3-soak-20260925T055126Z-3e8873cb,0,106,2026-09-25T05:53:23.048050+00:00,13336780823900,planner_process,321340.0,322520.0,psutil,
b3-soak-20260925T055126Z-3e8873cb,0,107,2026-09-25T05:53:24.063125+00:00,13337796017200,planner_process,321340.0,322520.0,psutil,
b3-soak-20260925T055126Z-3e8873cb,0,108,2026-09-25T05:53:25.068063+00:00,13338800844700,planner_process,321344.0,322524.0,psutil,
b3-soak-20260925T055126Z-3e8873cb,0,109,2026-09-25T05:53:26.095471+00:00,13339828390100,planner_process,317832.0,322532.0,psutil,
b3-soak-20260925T055126Z-3e8873cb,0,110,2026-09-25T05:53:27.108915+00:00,13340841615000,planner_process,317832.0,322532.0,psutil,
b3-soak-20260925T055126Z-3e8873cb,0,111,2026-09-25T05:53:28.123804+00:00,13341857340000,planner_process,317832.0,322532.0,psutil,
b3-soak-20260925T055126Z-3e8873cb,0,112,2026-09-25T05:53:29.124798+00:00,13342858203300,planner_process,317824.0,322536.0,psutil,
b3-soak-20260925T055126Z-3e8873cb,0,113,2026-09-25T05:53:30.163860+00:00,13343896791500,planner_process,321344.0,322536.0,psutil,
b3-soak-20260925T055126Z-3e8873cb,0,114,2026-09-25T05:53:31.170114+00:00,13344903730000,planner_process,321352.0,322536.0,psutil,
b3-soak-20260925T055126Z-3e8873cb,0,115,2026-09-25T05:53:32.183673+00:00,13345917293000,planner_process,321356.0,322536.0,psutil,
b3-soak-20260925T055126Z-3e8873cb,0,116,2026-09-25T05:53:33.197292+00:00,13346929963100,planner_process,321360.0,322540.0,psutil,
b3-soak-20260925T055126Z-3e8873cb,0,117,2026-09-25T05:53:34.211701+00:00,13347944622900,planner_process,321364.0,322544.0,psutil,
b3-soak-20260925T055126Z-3e8873cb,0,118,2026-09-25T05:53:35.216625+00:00,13348949431800,planner_process,321364.0,322544.0,psutil,
b3-soak-20260925T055126Z-3e8873cb,0,119,2026-09-25T05:53:36.254315+00:00,13349987636300,planner_process,321372.0,322552.0,psutil,
b3-soak-20260925T055126Z-3e8873cb,0,120,2026-09-25T05:53:37.261010+00:00,13350994440000,planner_process,321384.0,322564.0,psutil,
b3-soak-20260925T055126Z-3e8873cb,0,121,2026-09-25T05:53:38.275795+00:00,13352009140100,planner_process,317864.0,322564.0,psutil,
b3-soak-20260925T055126Z-3e8873cb,0,122,2026-09-25T05:53:39.302580+00:00,13353036045900,planner_process,321384.0,322564.0,psutil,
b3-soak-20260925T055126Z-3e8873cb,0,123,2026-09-25T05:53:40.304836+00:00,13354037715900,planner_process,321348.0,322564.0,psutil,
b3-soak-20260925T055126Z-3e8873cb,0,124,2026-09-25T05:53:41.310450+00:00,13355043944300,planner_process,321356.0,322564.0,psutil,
b3-soak-20260925T055126Z-3e8873cb,0,125,2026-09-25T05:53:42.335594+00:00,13356068616100,planner_process,321356.0,322564.0,psutil,
b3-soak-20260925T055126Z-3e8873cb,0,126,2026-09-25T05:53:43.337973+00:00,13357071023500,planner_process,321356.0,322564.0,psutil,
b3-soak-20260925T055126Z-3e8873cb,0,127,2026-09-25T05:53:44.364381+00:00,13358097891800,planner_process,321360.0,322564.0,psutil,
b3-soak-20260925T055126Z-3e8873cb,0,128,2026-09-25T05:53:45.372318+00:00,13359105852500,planner_process,321360.0,322564.0,psutil,
b3-soak-20260925T055126Z-3e8873cb,0,129,2026-09-25T05:53:46.388893+00:00,13360122249100,planner_process,317844.0,322564.0,psutil,
b3-soak-20260925T055126Z-3e8873cb,0,130,2026-09-25T05:53:47.400124+00:00,13361133552600,planner_process,317848.0,322564.0,psutil,
b3-soak-20260925T055126Z-3e8873cb,0,131,2026-09-25T05:53:48.413564+00:00,13362147041900,planner_process,321368.0,322564.0,psutil,
b3-soak-20260925T055126Z-3e8873cb,0,132,2026-09-25T05:53:49.427450+00:00,13363161052600,planner_process,321372.0,322564.0,psutil,
b3-soak-20260925T055126Z-3e8873cb,0,133,2026-09-25T05:53:50.443601+00:00,13364176600800,planner_process,317864.0,322564.0,psutil,
b3-soak-20260925T055126Z-3e8873cb,0,134,2026-09-25T05:53:51.449315+00:00,13365182803700,planner_process,321388.0,322568.0,psutil,
b3-soak-20260925T055126Z-3e8873cb,0,135,2026-09-25T05:53:52.463397+00:00,13366196325800,planner_process,321388.0,322568.0,psutil,
b3-soak-20260925T055126Z-3e8873cb,0,136,2026-09-25T05:53:53.487349+00:00,13367220521400,planner_process,321392.0,322572.0,psutil,
b3-soak-20260925T055126Z-3e8873cb,0,137,2026-09-25T05:53:54.493728+00:00,13368226709500,planner_process,321392.0,322572.0,psutil,
b3-soak-20260925T055126Z-3e8873cb,0,138,2026-09-25T05:53:55.523554+00:00,13369257113600,planner_process,321404.0,322584.0,psutil,
b3-soak-20260925T055126Z-3e8873cb,0,139,2026-09-25T05:53:56.538736+00:00,13370271718400,planner_process,321412.0,322592.0,psutil,
b3-soak-20260925T055126Z-3e8873cb,0,140,2026-09-25T05:53:57.553656+00:00,13371286553800,planner_process,321416.0,322596.0,psutil,
b3-soak-20260925T055126Z-3e8873cb,0,141,2026-09-25T05:53:58.575995+00:00,13372309271200,planner_process,321416.0,322596.0,psutil,
b3-soak-20260925T055126Z-3e8873cb,0,142,2026-09-25T05:53:59.592138+00:00,13373325388600,planner_process,321416.0,322596.0,psutil,
b3-soak-20260925T055126Z-3e8873cb,0,143,2026-09-25T05:54:00.619769+00:00,13374352505400,planner_process,317896.0,322596.0,psutil,
b3-soak-20260925T055126Z-3e8873cb,0,144,2026-09-25T05:54:01.657994+00:00,13375390757000,planner_process,321420.0,322600.0,psutil,
b3-soak-20260925T055126Z-3e8873cb,0,145,2026-09-25T05:54:02.661513+00:00,13376395150100,planner_process,321420.0,322600.0,psutil,
b3-soak-20260925T055126Z-3e8873cb,0,146,2026-09-25T05:54:03.700107+00:00,13377433176700,planner_process,317904.0,322600.0,psutil,
b3-soak-20260925T055126Z-3e8873cb,0,147,2026-09-25T05:54:04.701165+00:00,13378434288000,planner_process,321424.0,322604.0,psutil,
b3-soak-20260925T055126Z-3e8873cb,0,148,2026-09-25T05:54:05.732343+00:00,13379465596600,planner_process,317904.0,322604.0,psutil,
b3-soak-20260925T055126Z-3e8873cb,0,149,2026-09-25T05:54:06.745152+00:00,13380477955100,planner_process,317908.0,322608.0,psutil,
b3-soak-20260925T055126Z-3e8873cb,0,150,2026-09-25T05:54:07.757936+00:00,13381491566000,planner_process,321428.0,322608.0,psutil,
b3-soak-20260925T055126Z-3e8873cb,0,151,2026-09-25T05:54:08.777291+00:00,13382510237000,planner_process,321428.0,322608.0,psutil,
b3-soak-20260925T055126Z-3e8873cb,0,152,2026-09-25T05:54:09.782903+00:00,13383515984900,planner_process,321428.0,322608.0,psutil,
b3-soak-20260925T055126Z-3e8873cb,0,153,2026-09-25T05:54:10.784268+00:00,13384517089000,planner_process,321436.0,322616.0,psutil,
b3-soak-20260925T055126Z-3e8873cb,0,154,2026-09-25T05:54:11.801560+00:00,13385534360800,planner_process,317924.0,322624.0,psutil,
b3-soak-20260925T055126Z-3e8873cb,0,155,2026-09-25T05:54:12.808330+00:00,13386541805100,planner_process,317924.0,322624.0,psutil,
b3-soak-20260925T055126Z-3e8873cb,0,156,2026-09-25T05:54:13.820500+00:00,13387553314100,planner_process,321444.0,322624.0,psutil,
b3-soak-20260925T055126Z-3e8873cb,0,157,2026-09-25T05:54:14.834390+00:00,13388567857700,planner_process,321448.0,322628.0,psutil,
b3-soak-20260925T055126Z-3e8873cb,0,158,2026-09-25T05:54:15.851490+00:00,13389584264500,planner_process,321448.0,322628.0,psutil,
b3-soak-20260925T055126Z-3e8873cb,0,159,2026-09-25T05:54:16.874311+00:00,13390607488500,planner_process,321456.0,322636.0,psutil,
b3-soak-20260925T055126Z-3e8873cb,0,160,2026-09-25T05:54:17.887634+00:00,13391620482900,planner_process,317936.0,322636.0,psutil,
b3-soak-20260925T055126Z-3e8873cb,0,161,2026-09-25T05:54:18.921268+00:00,13392654149600,planner_process,321456.0,322636.0,psutil,
b3-soak-20260925T055126Z-3e8873cb,0,162,2026-09-25T05:54:19.930380+00:00,13393663180400,planner_process,321456.0,322636.0,psutil,
b3-soak-20260925T055126Z-3e8873cb,0,163,2026-09-25T05:54:20.964010+00:00,13394697241800,planner_process,321456.0,322636.0,psutil,
b3-soak-20260925T055126Z-3e8873cb,0,164,2026-09-25T05:54:21.973811+00:00,13395706580200,planner_process,321460.0,322640.0,psutil,
b3-soak-20260925T055126Z-3e8873cb,0,165,2026-09-25T05:54:23.005954+00:00,13396738915700,planner_process,321464.0,322644.0,psutil,
b3-soak-20260925T055126Z-3e8873cb,0,166,2026-09-25T05:54:24.023270+00:00,13397756763900,planner_process,321464.0,322644.0,psutil,
b3-soak-20260925T055126Z-3e8873cb,0,167,2026-09-25T05:54:25.029766+00:00,13398762589700,planner_process,317944.0,322644.0,psutil,
b3-soak-20260925T055126Z-3e8873cb,0,168,2026-09-25T05:54:26.030881+00:00,13399764447500,planner_process,321464.0,322644.0,psutil,
b3-soak-20260925T055126Z-3e8873cb,0,169,2026-09-25T05:54:27.043489+00:00,13400776392700,planner_process,321472.0,322652.0,psutil,
b3-soak-20260925T055126Z-3e8873cb,0,170,2026-09-25T05:54:28.057072+00:00,13401789958200,planner_process,317952.0,322652.0,psutil,
b3-soak-20260925T055126Z-3e8873cb,0,171,2026-09-25T05:54:29.065673+00:00,13402798830800,planner_process,321476.0,322656.0,psutil,
b3-soak-20260925T055126Z-3e8873cb,0,172,2026-09-25T05:54:30.076666+00:00,13403809725900,planner_process,317956.0,322656.0,psutil,
b3-soak-20260925T055126Z-3e8873cb,0,173,2026-09-25T05:54:31.090046+00:00,13404823194800,planner_process,321476.0,322656.0,psutil,
b3-soak-20260925T055126Z-3e8873cb,0,174,2026-09-25T05:54:32.111925+00:00,13405844622500,planner_process,321480.0,322660.0,psutil,
b3-soak-20260925T055126Z-3e8873cb,0,175,2026-09-25T05:54:33.123277+00:00,13406855916500,planner_process,321484.0,322664.0,psutil,
b3-soak-20260925T055126Z-3e8873cb,0,176,2026-09-25T05:54:34.137602+00:00,13407870499800,planner_process,317964.0,322664.0,psutil,
b3-soak-20260925T055126Z-3e8873cb,0,177,2026-09-25T05:54:35.151646+00:00,13408884405200,planner_process,321484.0,322664.0,psutil,
b3-soak-20260925T055126Z-3e8873cb,0,178,2026-09-25T05:54:36.178007+00:00,13409911217700,planner_process,321488.0,322668.0,psutil,
b3-soak-20260925T055126Z-3e8873cb,0,179,2026-09-25T05:54:37.208230+00:00,13410941611200,planner_process,321492.0,322672.0,psutil,
b3-soak-20260925T055126Z-3e8873cb,0,180,2026-09-25T05:54:38.217136+00:00,13411949880200,planner_process,321492.0,322672.0,psutil,
b3-soak-20260925T055126Z-3e8873cb,0,181,2026-09-25T05:54:39.230617+00:00,13412963955700,planner_process,321492.0,322672.0,psutil,
b3-soak-20260925T055126Z-3e8873cb,0,182,2026-09-25T05:54:40.242683+00:00,13413975660900,planner_process,317972.0,322672.0,psutil,
b3-soak-20260925T055126Z-3e8873cb,0,183,2026-09-25T05:54:41.272305+00:00,13415005802800,planner_process,321492.0,322672.0,psutil,
b3-soak-20260925T055126Z-3e8873cb,0,184,2026-09-25T05:54:42.293760+00:00,13416027213900,planner_process,321500.0,322680.0,psutil,
b3-soak-20260925T055126Z-3e8873cb,0,185,2026-09-25T05:54:43.305326+00:00,13417038560700,planner_process,321500.0,322680.0,psutil,
b3-soak-20260925T055126Z-3e8873cb,0,186,2026-09-25T05:54:44.333016+00:00,13418065863900,planner_process,317984.0,322684.0,psutil,
b3-soak-20260925T055126Z-3e8873cb,0,187,2026-09-25T05:54:45.360468+00:00,13419093791800,planner_process,317984.0,322684.0,psutil,
b3-soak-20260925T055126Z-3e8873cb,0,188,2026-09-25T05:54:46.366030+00:00,13420099526400,planner_process,321504.0,322684.0,psutil,
b3-soak-20260925T055126Z-3e8873cb,0,189,2026-09-25T05:54:47.379600+00:00,13421113010500,planner_process,321508.0,322688.0,psutil,
b3-soak-20260925T055126Z-3e8873cb,0,190,2026-09-25T05:54:48.387539+00:00,13422120672100,planner_process,321508.0,322688.0,psutil,
b3-soak-20260925T055126Z-3e8873cb,0,191,2026-09-25T05:54:49.393507+00:00,13423126274800,planner_process,321512.0,322692.0,psutil,
b3-soak-20260925T055126Z-3e8873cb,0,192,2026-09-25T05:54:50.407508+00:00,13424141119800,planner_process,321512.0,322692.0,psutil,
b3-soak-20260925T055126Z-3e8873cb,0,193,2026-09-25T05:54:51.420245+00:00,13425153121200,planner_process,321512.0,322692.0,psutil,
b3-soak-20260925T055126Z-3e8873cb,0,194,2026-09-25T05:54:52.447739+00:00,13426181322900,planner_process,317996.0,322696.0,psutil,
b3-soak-20260925T055126Z-3e8873cb,0,195,2026-09-25T05:54:53.453487+00:00,13427186396000,planner_process,321520.0,322700.0,psutil,
b3-soak-20260925T055126Z-3e8873cb,0,196,2026-09-25T05:54:54.482092+00:00,13428214919800,planner_process,318004.0,322700.0,psutil,
b3-soak-20260925T055126Z-3e8873cb,0,197,2026-09-25T05:54:55.511219+00:00,13429244711100,planner_process,318004.0,322704.0,psutil,
b3-soak-20260925T055126Z-3e8873cb,0,198,2026-09-25T05:54:56.541606+00:00,13430274364300,planner_process,318004.0,322704.0,psutil,
b3-soak-20260925T055126Z-3e8873cb,0,199,2026-09-25T05:54:57.556467+00:00,13431289625600,planner_process,318008.0,322708.0,psutil,
b3-soak-20260925T055126Z-3e8873cb,0,200,2026-09-25T05:54:58.572755+00:00,13432305610800,planner_process,318008.0,322708.0,psutil,
b3-soak-20260925T055126Z-3e8873cb,0,201,2026-09-25T05:54:59.584900+00:00,13433317932700,planner_process,318012.0,322712.0,psutil,
b3-soak-20260925T055126Z-3e8873cb,0,202,2026-09-25T05:55:00.602853+00:00,13434336440000,planner_process,318012.0,322712.0,psutil,
b3-soak-20260925T055126Z-3e8873cb,0,203,2026-09-25T05:55:01.616596+00:00,13435349345700,planner_process,321536.0,322716.0,psutil,
b3-soak-20260925T055126Z-3e8873cb,0,204,2026-09-25T05:55:02.626636+00:00,13436359492300,planner_process,321540.0,322720.0,psutil,
b3-soak-20260925T055126Z-3e8873cb,0,205,2026-09-25T05:55:03.638051+00:00,13437370903800,planner_process,321540.0,322720.0,psutil,
b3-soak-20260925T055126Z-3e8873cb,0,206,2026-09-25T05:55:04.657307+00:00,13438390541300,planner_process,318020.0,322720.0,psutil,
b3-soak-20260925T055126Z-3e8873cb,0,207,2026-09-25T05:55:05.658765+00:00,13439391779000,planner_process,321540.0,322720.0,psutil,
b3-soak-20260925T055126Z-3e8873cb,0,208,2026-09-25T05:55:06.672687+00:00,13440405432100,planner_process,321540.0,322720.0,psutil,
b3-soak-20260925T055126Z-3e8873cb,0,209,2026-09-25T05:55:07.688845+00:00,13441422176600,planner_process,321544.0,322724.0,psutil,
b3-soak-20260925T055126Z-3e8873cb,0,210,2026-09-25T05:55:08.704733+00:00,13442437898500,planner_process,318028.0,322728.0,psutil,
b3-soak-20260925T055126Z-3e8873cb,0,211,2026-09-25T05:55:09.728395+00:00,13443461635500,planner_process,321548.0,322728.0,psutil,
b3-soak-20260925T055126Z-3e8873cb,0,212,2026-09-25T05:55:10.733185+00:00,13444466203500,planner_process,318028.0,322728.0,psutil,
b3-soak-20260925T055126Z-3e8873cb,0,213,2026-09-25T05:55:11.745558+00:00,13445479159500,planner_process,321548.0,322728.0,psutil,
b3-soak-20260925T055126Z-3e8873cb,0,214,2026-09-25T05:55:12.751564+00:00,13446484491100,planner_process,318036.0,322736.0,psutil,
b3-soak-20260925T055126Z-3e8873cb,0,215,2026-09-25T05:55:13.769699+00:00,13447502433100,planner_process,321556.0,322736.0,psutil,
b3-soak-20260925T055126Z-3e8873cb,0,216,2026-09-25T05:55:14.784055+00:00,13448517238000,planner_process,321564.0,322744.0,psutil,
b3-soak-20260925T055126Z-3e8873cb,0,217,2026-09-25T05:55:15.790838+00:00,13449523737300,planner_process,321568.0,322748.0,psutil,
b3-soak-20260925T055126Z-3e8873cb,0,218,2026-09-25T05:55:16.799116+00:00,13450532496700,planner_process,321568.0,322748.0,psutil,
b3-soak-20260925T055126Z-3e8873cb,0,219,2026-09-25T05:55:17.818761+00:00,13451551575200,planner_process,318052.0,322752.0,psutil,
b3-soak-20260925T055126Z-3e8873cb,0,220,2026-09-25T05:55:18.828621+00:00,13452561545200,planner_process,321572.0,322752.0,psutil,
b3-soak-20260925T055126Z-3e8873cb,0,221,2026-09-25T05:55:19.831941+00:00,13453564978800,planner_process,321572.0,322752.0,psutil,
b3-soak-20260925T055126Z-3e8873cb,0,222,2026-09-25T05:55:20.845232+00:00,13454578643100,planner_process,321576.0,322756.0,psutil,
b3-soak-20260925T055126Z-3e8873cb,0,223,2026-09-25T05:55:21.869425+00:00,13455602383600,planner_process,318056.0,322756.0,psutil,
b3-soak-20260925T055126Z-3e8873cb,0,224,2026-09-25T05:55:22.871681+00:00,13456605185400,planner_process,321580.0,322760.0,psutil,
b3-soak-20260925T055126Z-3e8873cb,0,225,2026-09-25T05:55:23.880936+00:00,13457614117600,planner_process,321580.0,322760.0,psutil,
b3-soak-20260925T055126Z-3e8873cb,0,226,2026-09-25T05:55:24.906154+00:00,13458638903400,planner_process,321580.0,322760.0,psutil,
b3-soak-20260925T055126Z-3e8873cb,0,227,2026-09-25T05:55:25.919652+00:00,13459652515500,planner_process,321580.0,322760.0,psutil,
b3-soak-20260925T055126Z-3e8873cb,0,228,2026-09-25T05:55:26.950940+00:00,13460683642900,planner_process,321588.0,322768.0,psutil,
b3-soak-20260925T055126Z-3e8873cb,0,229,2026-09-25T05:55:27.966581+00:00,13461699991500,planner_process,318072.0,322772.0,psutil,
b3-soak-20260925T055126Z-3e8873cb,0,230,2026-09-25T05:55:28.983833+00:00,13462717297300,planner_process,321592.0,322772.0,psutil,
b3-soak-20260925T055126Z-3e8873cb,0,231,2026-09-25T05:55:29.998172+00:00,13463731382000,planner_process,321596.0,322776.0,psutil,
b3-soak-20260925T055126Z-3e8873cb,0,232,2026-09-25T05:55:31.005278+00:00,13464738845400,planner_process,321596.0,322776.0,psutil,
b3-soak-20260925T055126Z-3e8873cb,0,233,2026-09-25T05:55:32.013690+00:00,13465747080200,planner_process,318076.0,322776.0,psutil,
b3-soak-20260925T055126Z-3e8873cb,0,234,2026-09-25T05:55:33.024931+00:00,13466758240900,planner_process,321600.0,322780.0,psutil,
b3-soak-20260925T055126Z-3e8873cb,0,235,2026-09-25T05:55:34.032316+00:00,13467765274700,planner_process,321608.0,322788.0,psutil,
b3-soak-20260925T055126Z-3e8873cb,0,236,2026-09-25T05:55:35.045109+00:00,13468778167800,planner_process,321608.0,322788.0,psutil,
b3-soak-20260925T055126Z-3e8873cb,0,237,2026-09-25T05:55:36.056403+00:00,13469789591100,planner_process,321608.0,322788.0,psutil,
b3-soak-20260925T055126Z-3e8873cb,0,238,2026-09-25T05:55:37.071362+00:00,13470804394900,planner_process,318088.0,322788.0,psutil,
b3-soak-20260925T055126Z-3e8873cb,0,239,2026-09-25T05:55:38.082637+00:00,13471815492400,planner_process,321612.0,322792.0,psutil,
b3-soak-20260925T055126Z-3e8873cb,0,240,2026-09-25T05:55:39.091156+00:00,13472824635300,planner_process,321616.0,322796.0,psutil,
b3-soak-20260925T055126Z-3e8873cb,0,241,2026-09-25T05:55:40.100982+00:00,13473834563200,planner_process,321616.0,322796.0,psutil,
b3-soak-20260925T055126Z-3e8873cb,0,242,2026-09-25T05:55:41.116640+00:00,13474849291700,planner_process,321620.0,322800.0,psutil,
b3-soak-20260925T055126Z-3e8873cb,0,243,2026-09-25T05:55:42.139168+00:00,13475872498300,planner_process,321620.0,322800.0,psutil,
b3-soak-20260925T055126Z-3e8873cb,0,244,2026-09-25T05:55:43.148833+00:00,13476882129600,planner_process,321624.0,322804.0,psutil,
b3-soak-20260925T055126Z-3e8873cb,0,245,2026-09-25T05:55:44.158399+00:00,13477891557100,planner_process,318104.0,322804.0,psutil,
b3-soak-20260925T055126Z-3e8873cb,0,246,2026-09-25T05:55:45.167718+00:00,13478900427000,planner_process,321624.0,322804.0,psutil,
b3-soak-20260925T055126Z-3e8873cb,0,247,2026-09-25T05:55:46.180398+00:00,13479913245100,planner_process,318104.0,322804.0,psutil,
b3-soak-20260925T055126Z-3e8873cb,0,248,2026-09-25T05:55:47.193414+00:00,13480926836200,planner_process,318104.0,322804.0,psutil,
b3-soak-20260925T055126Z-3e8873cb,0,249,2026-09-25T05:55:48.216013+00:00,13481948790700,planner_process,318112.0,322812.0,psutil,
b3-soak-20260925T055126Z-3e8873cb,0,250,2026-09-25T05:55:49.231020+00:00,13482963774200,planner_process,321632.0,322812.0,psutil,
b3-soak-20260925T055126Z-3e8873cb,0,251,2026-09-25T05:55:50.236992+00:00,13483969981700,planner_process,318116.0,322816.0,psutil,
b3-soak-20260925T055126Z-3e8873cb,0,252,2026-09-25T05:55:51.249307+00:00,13484982346800,planner_process,321636.0,322816.0,psutil,
b3-soak-20260925T055126Z-3e8873cb,0,253,2026-09-25T05:55:52.252585+00:00,13485985643400,planner_process,321640.0,322820.0,psutil,
b3-soak-20260925T055126Z-3e8873cb,0,254,2026-09-25T05:55:53.263979+00:00,13486996979600,planner_process,321644.0,322824.0,psutil,
b3-soak-20260925T055126Z-3e8873cb,0,255,2026-09-25T05:55:54.275694+00:00,13488008936700,planner_process,321648.0,322828.0,psutil,
b3-soak-20260925T055126Z-3e8873cb,0,256,2026-09-25T05:55:55.282927+00:00,13489016388200,planner_process,318128.0,322828.0,psutil,
b3-soak-20260925T055126Z-3e8873cb,0,257,2026-09-25T05:55:56.293215+00:00,13490026123200,planner_process,321648.0,322828.0,psutil,
b3-soak-20260925T055126Z-3e8873cb,0,258,2026-09-25T05:55:57.308129+00:00,13491041081800,planner_process,318128.0,322828.0,psutil,
b3-soak-20260925T055126Z-3e8873cb,0,259,2026-09-25T05:55:58.322370+00:00,13492055741800,planner_process,321652.0,322832.0,psutil,
b3-soak-20260925T055126Z-3e8873cb,0,260,2026-09-25T05:55:59.342517+00:00,13493075191400,planner_process,321656.0,322836.0,psutil,
b3-soak-20260925T055126Z-3e8873cb,0,261,2026-09-25T05:56:00.343154+00:00,13494076284500,planner_process,321656.0,322836.0,psutil,
b3-soak-20260925T055126Z-3e8873cb,0,262,2026-09-25T05:56:01.352694+00:00,13495085322000,planner_process,321660.0,322840.0,psutil,
b3-soak-20260925T055126Z-3e8873cb,0,263,2026-09-25T05:56:02.383311+00:00,13496116249900,planner_process,321660.0,322840.0,psutil,
b3-soak-20260925T055126Z-3e8873cb,0,264,2026-09-25T05:56:03.387269+00:00,13497120745400,planner_process,321664.0,322844.0,psutil,
b3-soak-20260925T055126Z-3e8873cb,0,265,2026-09-25T05:56:04.398567+00:00,13498131222400,planner_process,321664.0,322844.0,psutil,
b3-soak-20260925T055126Z-3e8873cb,0,266,2026-09-25T05:56:05.400980+00:00,13499133667700,planner_process,321668.0,322848.0,psutil,
b3-soak-20260925T055126Z-3e8873cb,0,267,2026-09-25T05:56:06.416018+00:00,13500148697700,planner_process,321672.0,322852.0,psutil,
b3-soak-20260925T055126Z-3e8873cb,0,268,2026-09-25T05:56:07.427891+00:00,13501160730000,planner_process,321676.0,322856.0,psutil,
b3-soak-20260925T055126Z-3e8873cb,0,269,2026-09-25T05:56:08.442733+00:00,13502176259700,planner_process,321680.0,322860.0,psutil,
b3-soak-20260925T055126Z-3e8873cb,0,270,2026-09-25T05:56:09.444754+00:00,13503177606600,planner_process,321680.0,322860.0,psutil,
b3-soak-20260925T055126Z-3e8873cb,0,271,2026-09-25T05:56:10.457916+00:00,13504191448800,planner_process,321684.0,322864.0,psutil,
b3-soak-20260925T055126Z-3e8873cb,0,272,2026-09-25T05:56:11.462942+00:00,13505196342400,planner_process,318164.0,322864.0,psutil,
b3-soak-20260925T055126Z-3e8873cb,0,273,2026-09-25T05:56:12.475046+00:00,13506208642200,planner_process,321688.0,322868.0,psutil,
b3-soak-20260925T055126Z-3e8873cb,0,274,2026-09-25T05:56:13.486450+00:00,13507219205300,planner_process,318172.0,322872.0,psutil,
b3-soak-20260925T055126Z-3e8873cb,0,275,2026-09-25T05:56:14.498867+00:00,13508231856900,planner_process,321696.0,322876.0,psutil,
b3-soak-20260925T055126Z-3e8873cb,0,276,2026-09-25T05:56:15.507368+00:00,13509240073100,planner_process,321696.0,322876.0,psutil,
b3-soak-20260925T055126Z-3e8873cb,0,277,2026-09-25T05:56:16.509186+00:00,13510241968400,planner_process,321696.0,322876.0,psutil,
b3-soak-20260925T055126Z-3e8873cb,0,278,2026-09-25T05:56:17.523545+00:00,13511256815900,planner_process,321700.0,322880.0,psutil,
b3-soak-20260925T055126Z-3e8873cb,0,279,2026-09-25T05:56:18.539687+00:00,13512272599000,planner_process,318184.0,322884.0,psutil,
b3-soak-20260925T055126Z-3e8873cb,0,280,2026-09-25T05:56:19.553039+00:00,13513285680500,planner_process,318188.0,322888.0,psutil,
b3-soak-20260925T055126Z-3e8873cb,0,281,2026-09-25T05:56:20.559616+00:00,13514292288300,planner_process,321708.0,322888.0,psutil,
b3-soak-20260925T055126Z-3e8873cb,0,282,2026-09-25T05:56:21.571694+00:00,13515304526800,planner_process,321712.0,322892.0,psutil,
b3-soak-20260925T055126Z-3e8873cb,0,283,2026-09-25T05:56:22.584238+00:00,13516317184100,planner_process,321716.0,322896.0,psutil,
b3-soak-20260925T055126Z-3e8873cb,0,284,2026-09-25T05:56:23.593030+00:00,13517325708400,planner_process,321720.0,322900.0,psutil,
b3-soak-20260925T055126Z-3e8873cb,0,285,2026-09-25T05:56:24.604771+00:00,13518337439700,planner_process,318200.0,322900.0,psutil,
b3-soak-20260925T055126Z-3e8873cb,0,286,2026-09-25T05:56:25.623886+00:00,13519356864600,planner_process,321904.0,323084.0,psutil,
b3-soak-20260925T055126Z-3e8873cb,0,287,2026-09-25T05:56:26.635478+00:00,13520368365500,planner_process,321908.0,323088.0,psutil,
b3-soak-20260925T055126Z-3e8873cb,0,288,2026-09-25T05:56:27.645311+00:00,13521378079900,planner_process,321916.0,323096.0,psutil,
b3-soak-20260925T055126Z-3e8873cb,0,289,2026-09-25T05:56:28.654493+00:00,13522387781500,planner_process,321924.0,323104.0,psutil,
b3-soak-20260925T055126Z-3e8873cb,0,290,2026-09-25T05:56:29.669614+00:00,13523402337900,planner_process,321928.0,323108.0,psutil,
b3-soak-20260925T055126Z-3e8873cb,0,291,2026-09-25T05:56:30.683801+00:00,13524416795400,planner_process,321932.0,323112.0,psutil,
b3-soak-20260925T055126Z-3e8873cb,0,292,2026-09-25T05:56:31.693728+00:00,13525426631600,planner_process,318420.0,323120.0,psutil,
b3-soak-20260925T055126Z-3e8873cb,0,293,2026-09-25T05:56:32.711297+00:00,13526444708700,planner_process,321940.0,323120.0,psutil,
b3-soak-20260925T055126Z-3e8873cb,0,294,2026-09-25T05:56:33.721273+00:00,13527454482800,planner_process,318424.0,323124.0,psutil,
b3-soak-20260925T055126Z-3e8873cb,0,295,2026-09-25T05:56:34.738633+00:00,13528471592200,planner_process,318424.0,323124.0,psutil,
b3-soak-20260925T055126Z-3e8873cb,0,296,2026-09-25T05:56:35.744095+00:00,13529477444100,planner_process,321948.0,323128.0,psutil,
b3-soak-20260925T055126Z-3e8873cb,0,297,2026-09-25T05:56:36.771272+00:00,13530504177800,planner_process,321948.0,323128.0,psutil,
b3-soak-20260925T055126Z-3e8873cb,0,298,2026-09-25T05:56:37.786597+00:00,13531519417400,planner_process,321952.0,323132.0,psutil,
b3-soak-20260925T055126Z-3e8873cb,0,299,2026-09-25T05:56:38.791128+00:00,13532523862100,planner_process,321956.0,323136.0,psutil,
b3-soak-20260925T055126Z-3e8873cb,0,300,2026-09-25T05:56:39.801156+00:00,13533534164100,planner_process,318436.0,323136.0,psutil,
b3-soak-20260925T055126Z-3e8873cb,0,301,2026-09-25T05:56:40.850069+00:00,13534582842000,planner_process,322008.0,323188.0,psutil,
b3-soak-20260925T055126Z-3e8873cb,0,302,2026-09-25T05:56:41.855936+00:00,13535588864800,planner_process,322012.0,323192.0,psutil,
b3-soak-20260925T055126Z-3e8873cb,0,303,2026-09-25T05:56:42.862378+00:00,13536595739400,planner_process,322012.0,323192.0,psutil,
b3-soak-20260925T055126Z-3e8873cb,0,304,2026-09-25T05:56:43.871887+00:00,13537606433300,planner_process,318496.0,323196.0,psutil,
b3-soak-20260925T055126Z-3e8873cb,0,305,2026-09-25T05:56:44.886709+00:00,13538619930600,planner_process,322020.0,323200.0,psutil,
b3-soak-20260925T055126Z-3e8873cb,0,306,2026-09-25T05:56:45.901435+00:00,13539634358900,planner_process,319972.0,323200.0,psutil,
b3-soak-20260925T055126Z-3e8873cb,0,307,2026-09-25T05:56:46.921076+00:00,13540654611200,planner_process,318500.0,323200.0,psutil,
b3-soak-20260925T055126Z-3e8873cb,0,308,2026-09-25T05:56:47.927244+00:00,13541659983900,planner_process,322020.0,323200.0,psutil,
b3-soak-20260925T055126Z-3e8873cb,0,309,2026-09-25T05:56:48.958726+00:00,13542691597800,planner_process,318504.0,323204.0,psutil,
b3-soak-20260925T055126Z-3e8873cb,0,310,2026-09-25T05:56:50.023695+00:00,13543756739500,planner_process,318504.0,323204.0,psutil,
b3-soak-20260925T055126Z-3e8873cb,0,311,2026-09-25T05:56:51.034270+00:00,13544767716600,planner_process,322024.0,323204.0,psutil,
b3-soak-20260925T055126Z-3e8873cb,0,312,2026-09-25T05:56:52.065009+00:00,13545798190800,planner_process,322028.0,323208.0,psutil,
b3-soak-20260925T055126Z-3e8873cb,0,313,2026-09-25T05:56:53.065788+00:00,13546799046900,planner_process,322032.0,323212.0,psutil,
b3-soak-20260925T055126Z-3e8873cb,0,314,2026-09-25T05:56:54.080313+00:00,13547813390100,planner_process,322036.0,323216.0,psutil,
b3-soak-20260925T055126Z-3e8873cb,0,315,2026-09-25T05:56:55.095497+00:00,13548828190200,planner_process,322036.0,323216.0,psutil,
b3-soak-20260925T055126Z-3e8873cb,0,316,2026-09-25T05:56:56.112228+00:00,13549844875600,planner_process,318516.0,323216.0,psutil,
b3-soak-20260925T055126Z-3e8873cb,0,317,2026-09-25T05:56:57.121212+00:00,13550854011600,planner_process,322036.0,323216.0,psutil,
b3-soak-20260925T055126Z-3e8873cb,0,318,2026-09-25T05:56:58.127116+00:00,13551860442700,planner_process,322040.0,323220.0,psutil,
b3-soak-20260925T055126Z-3e8873cb,0,319,2026-09-25T05:56:59.172188+00:00,13552905318800,planner_process,322048.0,323228.0,psutil,
b3-soak-20260925T055126Z-3e8873cb,0,320,2026-09-25T05:57:00.202763+00:00,13553935467100,planner_process,322048.0,323228.0,psutil,
b3-soak-20260925T055126Z-3e8873cb,0,321,2026-09-25T05:57:01.214697+00:00,13554947636500,planner_process,318528.0,323228.0,psutil,
b3-soak-20260925T055126Z-3e8873cb,0,322,2026-09-25T05:57:02.253274+00:00,13555986641600,planner_process,322048.0,323228.0,psutil,
b3-soak-20260925T055126Z-3e8873cb,0,323,2026-09-25T05:57:03.275264+00:00,13557007921200,planner_process,322052.0,323232.0,psutil,
b3-soak-20260925T055126Z-3e8873cb,0,324,2026-09-25T05:57:04.299544+00:00,13558032956800,planner_process,322056.0,323236.0,psutil,
b3-soak-20260925T055126Z-3e8873cb,0,325,2026-09-25T05:57:05.328984+00:00,13559062326700,planner_process,322056.0,323236.0,psutil,
b3-soak-20260925T055126Z-3e8873cb,0,326,2026-09-25T05:57:06.333444+00:00,13560066331100,planner_process,318536.0,323236.0,psutil,
b3-soak-20260925T055126Z-3e8873cb,0,327,2026-09-25T05:57:07.345676+00:00,13561078758500,planner_process,318540.0,323240.0,psutil,
b3-soak-20260925T055126Z-3e8873cb,0,328,2026-09-25T05:57:08.357324+00:00,13562090599600,planner_process,322060.0,323240.0,psutil,
b3-soak-20260925T055126Z-3e8873cb,0,329,2026-09-25T05:57:09.359371+00:00,13563092322800,planner_process,318548.0,323244.0,psutil,
b3-soak-20260925T055126Z-3e8873cb,0,330,2026-09-25T05:57:10.372543+00:00,13564106112900,planner_process,322064.0,323244.0,psutil,
b3-soak-20260925T055126Z-3e8873cb,0,331,2026-09-25T05:57:11.380413+00:00,13565113707700,planner_process,322068.0,323248.0,psutil,
b3-soak-20260925T055126Z-3e8873cb,0,332,2026-09-25T05:57:12.398349+00:00,13566131123900,planner_process,322068.0,323248.0,psutil,
b3-soak-20260925T055126Z-3e8873cb,0,333,2026-09-25T05:57:13.407499+00:00,13567140975600,planner_process,318552.0,323252.0,psutil,
b3-soak-20260925T055126Z-3e8873cb,0,334,2026-09-25T05:57:14.418532+00:00,13568151803100,planner_process,318556.0,323256.0,psutil,
b3-soak-20260925T055126Z-3e8873cb,0,335,2026-09-25T05:57:15.432050+00:00,13569165571900,planner_process,322080.0,323260.0,psutil,
b3-soak-20260925T055126Z-3e8873cb,0,336,2026-09-25T05:57:16.447083+00:00,13570180318600,planner_process,318560.0,323260.0,psutil,
b3-soak-20260925T055126Z-3e8873cb,0,337,2026-09-25T05:57:17.460604+00:00,13571193752500,planner_process,322080.0,323260.0,psutil,
b3-soak-20260925T055126Z-3e8873cb,0,338,2026-09-25T05:57:18.479747+00:00,13572212887600,planner_process,322080.0,323260.0,psutil,
b3-soak-20260925T055126Z-3e8873cb,0,339,2026-09-25T05:57:19.484702+00:00,13573217655200,planner_process,322084.0,323264.0,psutil,
b3-soak-20260925T055126Z-3e8873cb,0,340,2026-09-25T05:57:20.510326+00:00,13574243436500,planner_process,322084.0,323264.0,psutil,
b3-soak-20260925T055126Z-3e8873cb,0,341,2026-09-25T05:57:21.525895+00:00,13575259123000,planner_process,322084.0,323264.0,psutil,
b3-soak-20260925T055126Z-3e8873cb,0,342,2026-09-25T05:57:22.527423+00:00,13576260238500,planner_process,322084.0,323264.0,psutil,
b3-soak-20260925T055126Z-3e8873cb,0,343,2026-09-25T05:57:23.540130+00:00,13577273227400,planner_process,318568.0,323268.0,psutil,
b3-soak-20260925T055126Z-3e8873cb,0,344,2026-09-25T05:57:24.574860+00:00,13578308400400,planner_process,322092.0,323272.0,psutil,
b3-soak-20260925T055126Z-3e8873cb,0,345,2026-09-25T05:57:25.595687+00:00,13579328377300,planner_process,322092.0,323272.0,psutil,
b3-soak-20260925T055126Z-3e8873cb,0,346,2026-09-25T05:57:26.628142+00:00,13580361660000,planner_process,322092.0,323272.0,psutil,
b3-soak-20260925T055126Z-3e8873cb,0,347,2026-09-25T05:57:27.649020+00:00,13581381982900,planner_process,322092.0,323272.0,psutil,
b3-soak-20260925T055126Z-3e8873cb,0,348,2026-09-25T05:57:28.662258+00:00,13582395732600,planner_process,318572.0,323272.0,psutil,
b3-soak-20260925T055126Z-3e8873cb,0,349,2026-09-25T05:57:29.683430+00:00,13583416556200,planner_process,318580.0,323280.0,psutil,
b3-soak-20260925T055126Z-3e8873cb,0,350,2026-09-25T05:57:30.690955+00:00,13584423769400,planner_process,322100.0,323280.0,psutil,
b3-soak-20260925T055126Z-3e8873cb,0,351,2026-09-25T05:57:31.699952+00:00,13585433091800,planner_process,322108.0,323288.0,psutil,
b3-soak-20260925T055126Z-3e8873cb,0,352,2026-09-25T05:57:32.713471+00:00,13586446506000,planner_process,318588.0,323288.0,psutil,
b3-soak-20260925T055126Z-3e8873cb,0,353,2026-09-25T05:57:33.726803+00:00,13587459567200,planner_process,318588.0,323288.0,psutil,
b3-soak-20260925T055126Z-3e8873cb,0,354,2026-09-25T05:57:34.747737+00:00,13588480784800,planner_process,318592.0,323292.0,psutil,
b3-soak-20260925T055126Z-3e8873cb,0,355,2026-09-25T05:57:35.753967+00:00,13589486596600,planner_process,322112.0,323292.0,psutil,
b3-soak-20260925T055126Z-3e8873cb,0,356,2026-09-25T05:57:36.767314+00:00,13590500380700,planner_process,322112.0,323292.0,psutil,
b3-soak-20260925T055126Z-3e8873cb,0,357,2026-09-25T05:57:37.781589+00:00,13591515013900,planner_process,322116.0,323296.0,psutil,
b3-soak-20260925T055126Z-3e8873cb,0,358,2026-09-25T05:57:38.834152+00:00,13592567653000,planner_process,322116.0,323296.0,psutil,
b3-soak-20260925T055126Z-3e8873cb,0,359,2026-09-25T05:57:39.837161+00:00,13593570304900,planner_process,322124.0,323304.0,psutil,
b3-soak-20260925T055126Z-3e8873cb,0,360,2026-09-25T05:57:40.849136+00:00,13594582042500,planner_process,322124.0,323304.0,psutil,
b3-soak-20260925T055126Z-3e8873cb,0,361,2026-09-25T05:57:41.906947+00:00,13595639888600,planner_process,322124.0,323304.0,psutil,
b3-soak-20260925T055126Z-3e8873cb,0,362,2026-09-25T05:57:42.916092+00:00,13596649602400,planner_process,318604.0,323304.0,psutil,
b3-soak-20260925T055126Z-3e8873cb,0,363,2026-09-25T05:57:43.925248+00:00,13597658404700,planner_process,322124.0,323304.0,psutil,
b3-soak-20260925T055126Z-3e8873cb,0,364,2026-09-25T05:57:44.955067+00:00,13598687884900,planner_process,322128.0,323308.0,psutil,
b3-soak-20260925T055126Z-3e8873cb,0,365,2026-09-25T05:57:45.989484+00:00,13599722679900,planner_process,322132.0,323312.0,psutil,
b3-soak-20260925T055126Z-3e8873cb,0,366,2026-09-25T05:57:46.996567+00:00,13600729375200,planner_process,322132.0,323312.0,psutil,
b3-soak-20260925T055126Z-3e8873cb,0,367,2026-09-25T05:57:48.009855+00:00,13601742823900,planner_process,322136.0,323316.0,psutil,
b3-soak-20260925T055126Z-3e8873cb,0,368,2026-09-25T05:57:49.022605+00:00,13602755753100,planner_process,322136.0,323316.0,psutil,
b3-soak-20260925T055126Z-3e8873cb,0,369,2026-09-25T05:57:50.046906+00:00,13603779588000,planner_process,318620.0,323320.0,psutil,
b3-soak-20260925T055126Z-3e8873cb,0,370,2026-09-25T05:57:51.049188+00:00,13604782222500,planner_process,318624.0,323324.0,psutil,
b3-soak-20260925T055126Z-3e8873cb,0,371,2026-09-25T05:57:52.061437+00:00,13605794569800,planner_process,322144.0,323324.0,psutil,
b3-soak-20260925T055126Z-3e8873cb,0,372,2026-09-25T05:57:53.082234+00:00,13606815663900,planner_process,318624.0,323324.0,psutil,
b3-soak-20260925T055126Z-3e8873cb,0,373,2026-09-25T05:57:54.089800+00:00,13607822784900,planner_process,322144.0,323324.0,psutil,
b3-soak-20260925T055126Z-3e8873cb,0,374,2026-09-25T05:57:55.092866+00:00,13608825836000,planner_process,322148.0,323328.0,psutil,
b3-soak-20260925T055126Z-3e8873cb,0,375,2026-09-25T05:57:56.108365+00:00,13609841720200,planner_process,322152.0,323332.0,psutil,
b3-soak-20260925T055126Z-3e8873cb,0,376,2026-09-25T05:57:57.113113+00:00,13610846056400,planner_process,318632.0,323332.0,psutil,
b3-soak-20260925T055126Z-3e8873cb,0,377,2026-09-25T05:57:58.150659+00:00,13611883368100,planner_process,322152.0,323332.0,psutil,
b3-soak-20260925T055126Z-3e8873cb,0,378,2026-09-25T05:57:59.159273+00:00,13612892474600,planner_process,322152.0,323332.0,psutil,
b3-soak-20260925T055126Z-3e8873cb,0,379,2026-09-25T05:58:00.172595+00:00,13613905652900,planner_process,318636.0,323336.0,psutil,
b3-soak-20260925T055126Z-3e8873cb,0,380,2026-09-25T05:58:01.182233+00:00,13614915199100,planner_process,318640.0,323340.0,psutil,
b3-soak-20260925T055126Z-3e8873cb,0,381,2026-09-25T05:58:02.209416+00:00,13615942582700,planner_process,322164.0,323344.0,psutil,
b3-soak-20260925T055126Z-3e8873cb,0,382,2026-09-25T05:58:03.216723+00:00,13616950031600,planner_process,322164.0,323344.0,psutil,
b3-soak-20260925T055126Z-3e8873cb,0,383,2026-09-25T05:58:04.228378+00:00,13617961609700,planner_process,322164.0,323344.0,psutil,
b3-soak-20260925T055126Z-3e8873cb,0,384,2026-09-25T05:58:05.241601+00:00,13618974516200,planner_process,322168.0,323348.0,psutil,
b3-soak-20260925T055126Z-3e8873cb,0,385,2026-09-25T05:58:06.253783+00:00,13619986708600,planner_process,322168.0,323348.0,psutil,
b3-soak-20260925T055126Z-3e8873cb,0,386,2026-09-25T05:58:07.269140+00:00,13621002076300,planner_process,318648.0,323348.0,psutil,
b3-soak-20260925T055126Z-3e8873cb,0,387,2026-09-25T05:58:08.269989+00:00,13622003061700,planner_process,322212.0,323392.0,psutil,
b3-soak-20260925T055126Z-3e8873cb,0,388,2026-09-25T05:58:09.281744+00:00,13623014852000,planner_process,318696.0,323396.0,psutil,
b3-soak-20260925T055126Z-3e8873cb,0,389,2026-09-25T05:58:10.310891+00:00,13624044493200,planner_process,322224.0,323404.0,psutil,
b3-soak-20260925T055126Z-3e8873cb,0,390,2026-09-25T05:58:11.314519+00:00,13625047406000,planner_process,322224.0,323404.0,psutil,
b3-soak-20260925T055126Z-3e8873cb,0,391,2026-09-25T05:58:12.326219+00:00,13626059341400,planner_process,322228.0,323408.0,psutil,
b3-soak-20260925T055126Z-3e8873cb,0,392,2026-09-25T05:58:13.338898+00:00,13627071629900,planner_process,318708.0,323408.0,psutil,
b3-soak-20260925T055126Z-3e8873cb,0,393,2026-09-25T05:58:14.366769+00:00,13628099720900,planner_process,322228.0,323408.0,psutil,
b3-soak-20260925T055126Z-3e8873cb,0,394,2026-09-25T05:58:15.392401+00:00,13629125851300,planner_process,322232.0,323412.0,psutil,
b3-soak-20260925T055126Z-3e8873cb,0,395,2026-09-25T05:58:16.414990+00:00,13630148485400,planner_process,318712.0,323412.0,psutil,
b3-soak-20260925T055126Z-3e8873cb,0,396,2026-09-25T05:58:17.435988+00:00,13631169447300,planner_process,322236.0,323416.0,psutil,
b3-soak-20260925T055126Z-3e8873cb,0,397,2026-09-25T05:58:18.438916+00:00,13632172098400,planner_process,322240.0,323420.0,psutil,
b3-soak-20260925T055126Z-3e8873cb,0,398,2026-09-25T05:58:19.464305+00:00,13633197194900,planner_process,322240.0,323420.0,psutil,
b3-soak-20260925T055126Z-3e8873cb,0,399,2026-09-25T05:58:20.476730+00:00,13634209980300,planner_process,322244.0,323424.0,psutil,
b3-soak-20260925T055126Z-3e8873cb,0,400,2026-09-25T05:58:21.477404+00:00,13635210574900,planner_process,322244.0,323424.0,psutil,
b3-soak-20260925T055126Z-3e8873cb,0,401,2026-09-25T05:58:22.530014+00:00,13636262690500,planner_process,322244.0,323424.0,psutil,
b3-soak-20260925T055126Z-3e8873cb,0,402,2026-09-25T05:58:23.559949+00:00,13637293102000,planner_process,322244.0,323424.0,psutil,
b3-soak-20260925T055126Z-3e8873cb,0,403,2026-09-25T05:58:24.572741+00:00,13638306352600,planner_process,322244.0,323424.0,psutil,
b3-soak-20260925T055126Z-3e8873cb,0,404,2026-09-25T05:58:25.576734+00:00,13639310028700,planner_process,322248.0,323428.0,psutil,
b3-soak-20260925T055126Z-3e8873cb,0,405,2026-09-25T05:58:26.633008+00:00,13640366158800,planner_process,322252.0,323432.0,psutil,
b3-soak-20260925T055126Z-3e8873cb,0,406,2026-09-25T05:58:27.636030+00:00,13641369032800,planner_process,322252.0,323432.0,psutil,
b3-soak-20260925T055126Z-3e8873cb,0,407,2026-09-25T05:58:28.670759+00:00,13642404186800,planner_process,318732.0,323432.0,psutil,
b3-soak-20260925T055126Z-3e8873cb,0,408,2026-09-25T05:58:29.675442+00:00,13643408346700,planner_process,322252.0,323432.0,psutil,
b3-soak-20260925T055126Z-3e8873cb,0,409,2026-09-25T05:58:30.703402+00:00,13644436284700,planner_process,322260.0,323440.0,psutil,
b3-soak-20260925T055126Z-3e8873cb,0,410,2026-09-25T05:58:31.718311+00:00,13645450941700,planner_process,322260.0,323440.0,psutil,
b3-soak-20260925T055126Z-3e8873cb,0,411,2026-09-25T05:58:32.733733+00:00,13646467318800,planner_process,322264.0,323444.0,psutil,
b3-soak-20260925T055126Z-3e8873cb,0,412,2026-09-25T05:58:33.746362+00:00,13647479611100,planner_process,322264.0,323444.0,psutil,
b3-soak-20260925T055126Z-3e8873cb,0,413,2026-09-25T05:58:34.747378+00:00,13648480569300,planner_process,322268.0,323448.0,psutil,
b3-soak-20260925T055126Z-3e8873cb,0,414,2026-09-25T05:58:35.759232+00:00,13649492794400,planner_process,322272.0,323452.0,psutil,
b3-soak-20260925T055126Z-3e8873cb,0,415,2026-09-25T05:58:36.771518+00:00,13650504873300,planner_process,318752.0,323452.0,psutil,
b3-soak-20260925T055126Z-3e8873cb,0,416,2026-09-25T05:58:37.806661+00:00,13651540204900,planner_process,322272.0,323452.0,psutil,
b3-soak-20260925T055126Z-3e8873cb,0,417,2026-09-25T05:58:38.812004+00:00,13652545517900,planner_process,318752.0,323452.0,psutil,
b3-soak-20260925T055126Z-3e8873cb,0,418,2026-09-25T05:58:39.828175+00:00,13653561322100,planner_process,318752.0,323452.0,psutil,
b3-soak-20260925T055126Z-3e8873cb,0,419,2026-09-25T05:58:40.841569+00:00,13654574451200,planner_process,318756.0,323456.0,psutil,
b3-soak-20260925T055126Z-3e8873cb,0,420,2026-09-25T05:58:41.859342+00:00,13655592877800,planner_process,322280.0,323460.0,psutil,
b3-soak-20260925T055126Z-3e8873cb,0,421,2026-09-25T05:58:42.868866+00:00,13656601767300,planner_process,322288.0,323468.0,psutil,
b3-soak-20260925T055126Z-3e8873cb,0,422,2026-09-25T05:58:43.874363+00:00,13657607262200,planner_process,322288.0,323468.0,psutil,
b3-soak-20260925T055126Z-3e8873cb,0,423,2026-09-25T05:58:44.898410+00:00,13658631923500,planner_process,322288.0,323468.0,psutil,
b3-soak-20260925T055126Z-3e8873cb,0,424,2026-09-25T05:58:45.930317+00:00,13659663374800,planner_process,322292.0,323472.0,psutil,
b3-soak-20260925T055126Z-3e8873cb,0,425,2026-09-25T05:58:46.965275+00:00,13660698402200,planner_process,322292.0,323472.0,psutil,
b3-soak-20260925T055126Z-3e8873cb,0,426,2026-09-25T05:58:47.970688+00:00,13661703538600,planner_process,318772.0,323472.0,psutil,
b3-soak-20260925T055126Z-3e8873cb,0,427,2026-09-25T05:58:48.977048+00:00,13662710553300,planner_process,322296.0,323476.0,psutil,
b3-soak-20260925T055126Z-3e8873cb,0,428,2026-09-25T05:58:49.992845+00:00,13663725963700,planner_process,318780.0,323480.0,psutil,
b3-soak-20260925T055126Z-3e8873cb,0,429,2026-09-25T05:58:51.006012+00:00,13664739194000,planner_process,322308.0,323488.0,psutil,
b3-soak-20260925T055126Z-3e8873cb,0,430,2026-09-25T05:58:52.047584+00:00,13665781226900,planner_process,322308.0,323488.0,psutil,
b3-soak-20260925T055126Z-3e8873cb,0,431,2026-09-25T05:58:53.070324+00:00,13666803495800,planner_process,318788.0,323488.0,psutil,
b3-soak-20260925T055126Z-3e8873cb,0,432,2026-09-25T05:58:54.075316+00:00,13667808152500,planner_process,322308.0,323488.0,psutil,
b3-soak-20260925T055126Z-3e8873cb,0,433,2026-09-25T05:58:55.075950+00:00,13668809101300,planner_process,318788.0,323488.0,psutil,
b3-soak-20260925T055126Z-3e8873cb,0,434,2026-09-25T05:58:56.087796+00:00,13669820577900,planner_process,322312.0,323492.0,psutil,
b3-soak-20260925T055126Z-3e8873cb,0,435,2026-09-25T05:58:57.098307+00:00,13670831229200,planner_process,322312.0,323492.0,psutil,
b3-soak-20260925T055126Z-3e8873cb,0,436,2026-09-25T05:58:58.114258+00:00,13671847535600,planner_process,318796.0,323496.0,psutil,
b3-soak-20260925T055126Z-3e8873cb,0,437,2026-09-25T05:58:59.151854+00:00,13672885082100,planner_process,318796.0,323496.0,psutil,
b3-soak-20260925T055126Z-3e8873cb,0,438,2026-09-25T05:59:00.154483+00:00,13673887499500,planner_process,322316.0,323496.0,psutil,
b3-soak-20260925T055126Z-3e8873cb,0,439,2026-09-25T05:59:01.170383+00:00,13674903637300,planner_process,322320.0,323500.0,psutil,
b3-soak-20260925T055126Z-3e8873cb,0,440,2026-09-25T05:59:02.182962+00:00,13675916357500,planner_process,318800.0,323500.0,psutil,
b3-soak-20260925T055126Z-3e8873cb,0,441,2026-09-25T05:59:03.197070+00:00,13676929817000,planner_process,322324.0,323504.0,psutil,
b3-soak-20260925T055126Z-3e8873cb,0,442,2026-09-25T05:59:04.221438+00:00,13677954286900,planner_process,318804.0,323504.0,psutil,
b3-soak-20260925T055126Z-3e8873cb,0,443,2026-09-25T05:59:05.259643+00:00,13678992283900,planner_process,318804.0,323504.0,psutil,
b3-soak-20260925T055126Z-3e8873cb,0,444,2026-09-25T05:59:06.283942+00:00,13680017210200,planner_process,318816.0,323516.0,psutil,
b3-soak-20260925T055126Z-3e8873cb,0,445,2026-09-25T05:59:07.298774+00:00,13681031632800,planner_process,322336.0,323516.0,psutil,
b3-soak-20260925T055126Z-3e8873cb,0,446,2026-09-25T05:59:08.315220+00:00,13682047934700,planner_process,318816.0,323516.0,psutil,
b3-soak-20260925T055126Z-3e8873cb,0,447,2026-09-25T05:59:09.358633+00:00,13683091788800,planner_process,322336.0,323516.0,psutil,
b3-soak-20260925T055126Z-3e8873cb,0,448,2026-09-25T05:59:10.363056+00:00,13684096101400,planner_process,322340.0,323520.0,psutil,
b3-soak-20260925T055126Z-3e8873cb,0,449,2026-09-25T05:59:11.392568+00:00,13685125423600,planner_process,318824.0,323524.0,psutil,
b3-soak-20260925T055126Z-3e8873cb,0,450,2026-09-25T05:59:12.393755+00:00,13686126609300,planner_process,322344.0,323524.0,psutil,
b3-soak-20260925T055126Z-3e8873cb,0,451,2026-09-25T05:59:13.407186+00:00,13687140611200,planner_process,322344.0,323524.0,psutil,
b3-soak-20260925T055126Z-3e8873cb,0,452,2026-09-25T05:59:14.415789+00:00,13688148631400,planner_process,318828.0,323528.0,psutil,
b3-soak-20260925T055126Z-3e8873cb,0,453,2026-09-25T05:59:15.431151+00:00,13689164450800,planner_process,318828.0,323528.0,psutil,
b3-soak-20260925T055126Z-3e8873cb,0,454,2026-09-25T05:59:16.458513+00:00,13690191898400,planner_process,322352.0,323532.0,psutil,
b3-soak-20260925T055126Z-3e8873cb,0,455,2026-09-25T05:59:17.483715+00:00,13691216902800,planner_process,322352.0,323532.0,psutil,
b3-soak-20260925T055126Z-3e8873cb,0,456,2026-09-25T05:59:18.500301+00:00,13692233851900,planner_process,322352.0,323532.0,psutil,
b3-soak-20260925T055126Z-3e8873cb,0,457,2026-09-25T05:59:19.535952+00:00,13693269270900,planner_process,322352.0,323532.0,psutil,
b3-soak-20260925T055126Z-3e8873cb,0,458,2026-09-25T05:59:20.549382+00:00,13694282275000,planner_process,318832.0,323532.0,psutil,
b3-soak-20260925T055126Z-3e8873cb,0,459,2026-09-25T05:59:21.557719+00:00,13695291236800,planner_process,322356.0,323536.0,psutil,
b3-soak-20260925T055126Z-3e8873cb,0,460,2026-09-25T05:59:22.573386+00:00,13696306492500,planner_process,322364.0,323544.0,psutil,
b3-soak-20260925T055126Z-3e8873cb,0,461,2026-09-25T05:59:23.585304+00:00,13697318405100,planner_process,318844.0,323544.0,psutil,
b3-soak-20260925T055126Z-3e8873cb,0,462,2026-09-25T05:59:24.598668+00:00,13698332198600,planner_process,318844.0,323544.0,psutil,
b3-soak-20260925T055126Z-3e8873cb,0,463,2026-09-25T05:59:25.620491+00:00,13699353666800,planner_process,322364.0,323544.0,psutil,
b3-soak-20260925T055126Z-3e8873cb,0,464,2026-09-25T05:59:26.626341+00:00,13700359341700,planner_process,322368.0,323548.0,psutil,
b3-soak-20260925T055126Z-3e8873cb,0,465,2026-09-25T05:59:27.639185+00:00,13701372313500,planner_process,322368.0,323548.0,psutil,
b3-soak-20260925T055126Z-3e8873cb,0,466,2026-09-25T05:59:28.661388+00:00,13702394429400,planner_process,322368.0,323548.0,psutil,
b3-soak-20260925T055126Z-3e8873cb,0,467,2026-09-25T05:59:29.666977+00:00,13703399958000,planner_process,322368.0,323548.0,psutil,
b3-soak-20260925T055126Z-3e8873cb,0,468,2026-09-25T05:59:30.680021+00:00,13704413435300,planner_process,322372.0,323552.0,psutil,
b3-soak-20260925T055126Z-3e8873cb,0,469,2026-09-25T05:59:31.684216+00:00,13705416859900,planner_process,318860.0,323560.0,psutil,
b3-soak-20260925T055126Z-3e8873cb,0,470,2026-09-25T05:59:32.718671+00:00,13706451799300,planner_process,318860.0,323560.0,psutil,
b3-soak-20260925T055126Z-3e8873cb,0,471,2026-09-25T05:59:33.721923+00:00,13707454694000,planner_process,322380.0,323560.0,psutil,
b3-soak-20260925T055126Z-3e8873cb,0,472,2026-09-25T05:59:34.722777+00:00,13708456147700,planner_process,318860.0,323560.0,psutil,
b3-soak-20260925T055126Z-3e8873cb,0,473,2026-09-25T05:59:35.734240+00:00,13709467532100,planner_process,322384.0,323564.0,psutil,
b3-soak-20260925T055126Z-3e8873cb,0,474,2026-09-25T05:59:36.761855+00:00,13710494643800,planner_process,322388.0,323568.0,psutil,
b3-soak-20260925T055126Z-3e8873cb,0,475,2026-09-25T05:59:37.764435+00:00,13711498170200,planner_process,322388.0,323568.0,psutil,
b3-soak-20260925T055126Z-3e8873cb,0,476,2026-09-25T05:59:38.779648+00:00,13712512491600,planner_process,322392.0,323572.0,psutil,
b3-soak-20260925T055126Z-3e8873cb,0,477,2026-09-25T05:59:39.817242+00:00,13713550496200,planner_process,322392.0,323572.0,psutil,
b3-soak-20260925T055126Z-3e8873cb,0,478,2026-09-25T05:59:40.827781+00:00,13714560898300,planner_process,318872.0,323572.0,psutil,
b3-soak-20260925T055126Z-3e8873cb,0,479,2026-09-25T05:59:41.841383+00:00,13715574393600,planner_process,322396.0,323576.0,psutil,
b3-soak-20260925T055126Z-3e8873cb,0,480,2026-09-25T05:59:42.868160+00:00,13716601650500,planner_process,322396.0,323576.0,psutil,
b3-soak-20260925T055126Z-3e8873cb,0,481,2026-09-25T05:59:43.884117+00:00,13717617342300,planner_process,322396.0,323576.0,psutil,
b3-soak-20260925T055126Z-3e8873cb,0,482,2026-09-25T05:59:44.894262+00:00,13718627181900,planner_process,322396.0,323576.0,psutil,
b3-soak-20260925T055126Z-3e8873cb,0,483,2026-09-25T05:59:45.929589+00:00,13719663131500,planner_process,322396.0,323576.0,psutil,
b3-soak-20260925T055126Z-3e8873cb,0,484,2026-09-25T05:59:46.956462+00:00,13720689166600,planner_process,322404.0,323584.0,psutil,
b3-soak-20260925T055126Z-3e8873cb,0,485,2026-09-25T05:59:47.962798+00:00,13721695597400,planner_process,322404.0,323584.0,psutil,
b3-soak-20260925T055126Z-3e8873cb,0,486,2026-09-25T05:59:49.000195+00:00,13722732853200,planner_process,322404.0,323584.0,psutil,
b3-soak-20260925T055126Z-3e8873cb,0,487,2026-09-25T05:59:50.016323+00:00,13723749315100,planner_process,318888.0,323588.0,psutil,
b3-soak-20260925T055126Z-3e8873cb,0,488,2026-09-25T05:59:51.021219+00:00,13724754497600,planner_process,322408.0,323588.0,psutil,
b3-soak-20260925T055126Z-3e8873cb,0,489,2026-09-25T05:59:52.031747+00:00,13725764606200,planner_process,318892.0,323592.0,psutil,
b3-soak-20260925T055126Z-3e8873cb,0,490,2026-09-25T05:59:53.034388+00:00,13726767554900,planner_process,322416.0,323596.0,psutil,
b3-soak-20260925T055126Z-3e8873cb,0,491,2026-09-25T05:59:54.051780+00:00,13727785020600,planner_process,322420.0,323600.0,psutil,
b3-soak-20260925T055126Z-3e8873cb,0,492,2026-09-25T05:59:55.060789+00:00,13728794241000,planner_process,322420.0,323600.0,psutil,
b3-soak-20260925T055126Z-3e8873cb,0,493,2026-09-25T05:59:56.080400+00:00,13729813196700,planner_process,322420.0,323600.0,psutil,
b3-soak-20260925T055126Z-3e8873cb,0,494,2026-09-25T05:59:57.094905+00:00,13730827825500,planner_process,322424.0,323604.0,psutil,
b3-soak-20260925T055126Z-3e8873cb,0,495,2026-09-25T05:59:58.115494+00:00,13731848829200,planner_process,318904.0,323604.0,psutil,
b3-soak-20260925T055126Z-3e8873cb,0,496,2026-09-25T05:59:59.135899+00:00,13732868919200,planner_process,318916.0,323616.0,psutil,
b3-soak-20260925T055126Z-3e8873cb,0,497,2026-09-25T06:00:00.147735+00:00,13733881149100,planner_process,322436.0,323616.0,psutil,
b3-soak-20260925T055126Z-3e8873cb,0,498,2026-09-25T06:00:01.178161+00:00,13734911417700,planner_process,318916.0,323616.0,psutil,
b3-soak-20260925T055126Z-3e8873cb,0,499,2026-09-25T06:00:02.179106+00:00,13735912144400,planner_process,322444.0,323624.0,psutil,
b3-soak-20260925T055126Z-3e8873cb,0,500,2026-09-25T06:00:03.203013+00:00,13736936155300,planner_process,322444.0,323624.0,psutil,
b3-soak-20260925T055126Z-3e8873cb,0,501,2026-09-25T06:00:04.216737+00:00,13737949445700,planner_process,322444.0,323624.0,psutil,
b3-soak-20260925T055126Z-3e8873cb,0,502,2026-09-25T06:00:05.230462+00:00,13738963854000,planner_process,318928.0,323628.0,psutil,
b3-soak-20260925T055126Z-3e8873cb,0,503,2026-09-25T06:00:06.247091+00:00,13739980148900,planner_process,318928.0,323628.0,psutil,
b3-soak-20260925T055126Z-3e8873cb,0,504,2026-09-25T06:00:07.253905+00:00,13740986710500,planner_process,318932.0,323632.0,psutil,
b3-soak-20260925T055126Z-3e8873cb,0,505,2026-09-25T06:00:08.282339+00:00,13742015474800,planner_process,322456.0,323636.0,psutil,
b3-soak-20260925T055126Z-3e8873cb,0,506,2026-09-25T06:00:09.299812+00:00,13743032834500,planner_process,322456.0,323636.0,psutil,
b3-soak-20260925T055126Z-3e8873cb,0,507,2026-09-25T06:00:10.313487+00:00,13744046787100,planner_process,322464.0,323644.0,psutil,
b3-soak-20260925T055126Z-3e8873cb,0,508,2026-09-25T06:00:11.321197+00:00,13745054191400,planner_process,322464.0,323644.0,psutil,
b3-soak-20260925T055126Z-3e8873cb,0,509,2026-09-25T06:00:12.326525+00:00,13746059276400,planner_process,322468.0,323648.0,psutil,
b3-soak-20260925T055126Z-3e8873cb,0,510,2026-09-25T06:00:13.350568+00:00,13747083518500,planner_process,318948.0,323648.0,psutil,
b3-soak-20260925T055126Z-3e8873cb,0,511,2026-09-25T06:00:14.366855+00:00,13748099998100,planner_process,318948.0,323648.0,psutil,
b3-soak-20260925T055126Z-3e8873cb,0,512,2026-09-25T06:00:15.377211+00:00,13749110615700,planner_process,322468.0,323648.0,psutil,
b3-soak-20260925T055126Z-3e8873cb,0,513,2026-09-25T06:00:16.389853+00:00,13750122715900,planner_process,322468.0,323648.0,psutil,
b3-soak-20260925T055126Z-3e8873cb,0,514,2026-09-25T06:00:17.424432+00:00,13751157291800,planner_process,322472.0,323652.0,psutil,
b3-soak-20260925T055126Z-3e8873cb,0,515,2026-09-25T06:00:18.464871+00:00,13752198114300,planner_process,322476.0,323656.0,psutil,
b3-soak-20260925T055126Z-3e8873cb,0,516,2026-09-25T06:00:19.490243+00:00,13753223612400,planner_process,322476.0,323656.0,psutil,
b3-soak-20260925T055126Z-3e8873cb,0,517,2026-09-25T06:00:20.493436+00:00,13754226298300,planner_process,322476.0,323656.0,psutil,
b3-soak-20260925T055126Z-3e8873cb,0,518,2026-09-25T06:00:21.520882+00:00,13755254484100,planner_process,322476.0,323656.0,psutil,
b3-soak-20260925T055126Z-3e8873cb,0,519,2026-09-25T06:00:22.545945+00:00,13756278984600,planner_process,318964.0,323664.0,psutil,
b3-soak-20260925T055126Z-3e8873cb,0,520,2026-09-25T06:00:23.549681+00:00,13757282832300,planner_process,322484.0,323664.0,psutil,
b3-soak-20260925T055126Z-3e8873cb,0,521,2026-09-25T06:00:24.592099+00:00,13758325215300,planner_process,322484.0,323664.0,psutil,
b3-soak-20260925T055126Z-3e8873cb,0,522,2026-09-25T06:00:25.625341+00:00,13759358025600,planner_process,322484.0,323664.0,psutil,
b3-soak-20260925T055126Z-3e8873cb,0,523,2026-09-25T06:00:26.669132+00:00,13760401822800,planner_process,322488.0,323668.0,psutil,
b3-soak-20260925T055126Z-3e8873cb,0,524,2026-09-25T06:00:27.685410+00:00,13761418107600,planner_process,322492.0,323672.0,psutil,
b3-soak-20260925T055126Z-3e8873cb,0,525,2026-09-25T06:00:28.693548+00:00,13762426408500,planner_process,318972.0,323672.0,psutil,
b3-soak-20260925T055126Z-3e8873cb,0,526,2026-09-25T06:00:29.724831+00:00,13763457900600,planner_process,322496.0,323676.0,psutil,
b3-soak-20260925T055126Z-3e8873cb,0,527,2026-09-25T06:00:30.740339+00:00,13764473300700,planner_process,322496.0,323676.0,psutil,
b3-soak-20260925T055126Z-3e8873cb,0,528,2026-09-25T06:00:31.754952+00:00,13765487932300,planner_process,318976.0,323676.0,psutil,
b3-soak-20260925T055126Z-3e8873cb,0,529,2026-09-25T06:00:32.769220+00:00,13766502594800,planner_process,322500.0,323680.0,psutil,
b3-soak-20260925T055126Z-3e8873cb,0,530,2026-09-25T06:00:33.803608+00:00,13767536470600,planner_process,322500.0,323680.0,psutil,
b3-soak-20260925T055126Z-3e8873cb,0,531,2026-09-25T06:00:34.819940+00:00,13768553440400,planner_process,322500.0,323680.0,psutil,
b3-soak-20260925T055126Z-3e8873cb,0,532,2026-09-25T06:00:35.832359+00:00,13769565807000,planner_process,322508.0,323688.0,psutil,
b3-soak-20260925T055126Z-3e8873cb,0,533,2026-09-25T06:00:36.865657+00:00,13770598823900,planner_process,318988.0,323688.0,psutil,
b3-soak-20260925T055126Z-3e8873cb,0,534,2026-09-25T06:00:37.895973+00:00,13771629217800,planner_process,322512.0,323692.0,psutil,
b3-soak-20260925T055126Z-3e8873cb,0,535,2026-09-25T06:00:38.927532+00:00,13772660568000,planner_process,318992.0,323692.0,psutil,
b3-soak-20260925T055126Z-3e8873cb,0,536,2026-09-25T06:00:39.979520+00:00,13773712280700,planner_process,322512.0,323692.0,psutil,
b3-soak-20260925T055126Z-3e8873cb,0,537,2026-09-25T06:00:40.997845+00:00,13774731369500,planner_process,322512.0,323692.0,psutil,
b3-soak-20260925T055126Z-3e8873cb,0,538,2026-09-25T06:00:42.047810+00:00,13775780545900,planner_process,322512.0,323692.0,psutil,
b3-soak-20260925T055126Z-3e8873cb,0,539,2026-09-25T06:00:43.054345+00:00,13776787155100,planner_process,322520.0,323700.0,psutil,
b3-soak-20260925T055126Z-3e8873cb,0,540,2026-09-25T06:00:44.076453+00:00,13777809123700,planner_process,322520.0,323700.0,psutil,
b3-soak-20260925T055126Z-3e8873cb,0,541,2026-09-25T06:00:45.087231+00:00,13778820792600,planner_process,322520.0,323700.0,psutil,
b3-soak-20260925T055126Z-3e8873cb,0,542,2026-09-25T06:00:46.099607+00:00,13779832721800,planner_process,319000.0,323700.0,psutil,
b3-soak-20260925T055126Z-3e8873cb,0,543,2026-09-25T06:00:47.128882+00:00,13780862383600,planner_process,319000.0,323700.0,psutil,
b3-soak-20260925T055126Z-3e8873cb,0,544,2026-09-25T06:00:48.137908+00:00,13781871166100,planner_process,319004.0,323704.0,psutil,
b3-soak-20260925T055126Z-3e8873cb,0,545,2026-09-25T06:00:49.162240+00:00,13782894941000,planner_process,319004.0,323704.0,psutil,
b3-soak-20260925T055126Z-3e8873cb,0,546,2026-09-25T06:00:50.183566+00:00,13783916742000,planner_process,322524.0,323704.0,psutil,
b3-soak-20260925T055126Z-3e8873cb,0,547,2026-09-25T06:00:51.216255+00:00,13784949838000,planner_process,322536.0,323716.0,psutil,
b3-soak-20260925T055126Z-3e8873cb,0,548,2026-09-25T06:00:52.225016+00:00,13785958135100,planner_process,322536.0,323716.0,psutil,
b3-soak-20260925T055126Z-3e8873cb,0,549,2026-09-25T06:00:53.237675+00:00,13786970763200,planner_process,322540.0,323720.0,psutil,
b3-soak-20260925T055126Z-3e8873cb,0,550,2026-09-25T06:00:54.266566+00:00,13788000040600,planner_process,319020.0,323720.0,psutil,
b3-soak-20260925T055126Z-3e8873cb,0,551,2026-09-25T06:00:55.297369+00:00,13789030394100,planner_process,322540.0,323720.0,psutil,
b3-soak-20260925T055126Z-3e8873cb,0,552,2026-09-25T06:00:56.316765+00:00,13790049384700,planner_process,322540.0,323720.0,psutil,
b3-soak-20260925T055126Z-3e8873cb,0,553,2026-09-25T06:00:57.343271+00:00,13791076074700,planner_process,322540.0,323720.0,psutil,
b3-soak-20260925T055126Z-3e8873cb,0,554,2026-09-25T06:00:58.344664+00:00,13792077790900,planner_process,319028.0,323728.0,psutil,
b3-soak-20260925T055126Z-3e8873cb,0,555,2026-09-25T06:00:59.353590+00:00,13793086996100,planner_process,322552.0,323732.0,psutil,
b3-soak-20260925T055126Z-3e8873cb,0,556,2026-09-25T06:01:00.398207+00:00,13794131603400,planner_process,319032.0,323732.0,psutil,
b3-soak-20260925T055126Z-3e8873cb,0,557,2026-09-25T06:01:01.407800+00:00,13795140549100,planner_process,319032.0,323732.0,psutil,
b3-soak-20260925T055126Z-3e8873cb,0,558,2026-09-25T06:01:02.420305+00:00,13796153918200,planner_process,322552.0,323732.0,psutil,
b3-soak-20260925T055126Z-3e8873cb,0,559,2026-09-25T06:01:03.453067+00:00,13797186531400,planner_process,319036.0,323736.0,psutil,
b3-soak-20260925T055126Z-3e8873cb,0,560,2026-09-25T06:01:04.462083+00:00,13798195111900,planner_process,322556.0,323736.0,psutil,
b3-soak-20260925T055126Z-3e8873cb,0,561,2026-09-25T06:01:05.465425+00:00,13799198958100,planner_process,322560.0,323740.0,psutil,
b3-soak-20260925T055126Z-3e8873cb,0,562,2026-09-25T06:01:06.473234+00:00,13800206425500,planner_process,322560.0,323740.0,psutil,
b3-soak-20260925T055126Z-3e8873cb,0,563,2026-09-25T06:01:07.483282+00:00,13801215991900,planner_process,322564.0,323744.0,psutil,
b3-soak-20260925T055126Z-3e8873cb,0,564,2026-09-25T06:01:08.495297+00:00,13802228265500,planner_process,322568.0,323748.0,psutil,
b3-soak-20260925T055126Z-3e8873cb,0,565,2026-09-25T06:01:09.508102+00:00,13803241426800,planner_process,322572.0,323752.0,psutil,
b3-soak-20260925T055126Z-3e8873cb,0,566,2026-09-25T06:01:10.520997+00:00,13804253846000,planner_process,322572.0,323752.0,psutil,
b3-soak-20260925T055126Z-3e8873cb,0,567,2026-09-25T06:01:11.540131+00:00,13805273132800,planner_process,319052.0,323752.0,psutil,
b3-soak-20260925T055126Z-3e8873cb,0,568,2026-09-25T06:01:12.541064+00:00,13806273982800,planner_process,319052.0,323752.0,psutil,
b3-soak-20260925T055126Z-3e8873cb,0,569,2026-09-25T06:01:13.553281+00:00,13807286259200,planner_process,322580.0,323760.0,psutil,
b3-soak-20260925T055126Z-3e8873cb,0,570,2026-09-25T06:01:14.568880+00:00,13808301800900,planner_process,322548.0,323760.0,psutil,
b3-soak-20260925T055126Z-3e8873cb,0,571,2026-09-25T06:01:15.582459+00:00,13809315362800,planner_process,319028.0,323760.0,psutil,
b3-soak-20260925T055126Z-3e8873cb,0,572,2026-09-25T06:01:16.597993+00:00,13810330844800,planner_process,322548.0,323760.0,psutil,
b3-soak-20260925T055126Z-3e8873cb,0,573,2026-09-25T06:01:17.609525+00:00,13811342358500,planner_process,322548.0,323760.0,psutil,
b3-soak-20260925T055126Z-3e8873cb,0,574,2026-09-25T06:01:18.610728+00:00,13812343605200,planner_process,319036.0,323760.0,psutil,
b3-soak-20260925T055126Z-3e8873cb,0,575,2026-09-25T06:01:19.624190+00:00,13813357141900,planner_process,319040.0,323760.0,psutil,
b3-soak-20260925T055126Z-3e8873cb,0,576,2026-09-25T06:01:20.646604+00:00,13814380101300,planner_process,322564.0,323760.0,psutil,
b3-soak-20260925T055126Z-3e8873cb,0,577,2026-09-25T06:01:21.650205+00:00,13815383320400,planner_process,322564.0,323760.0,psutil,
b3-soak-20260925T055126Z-3e8873cb,0,578,2026-09-25T06:01:22.661995+00:00,13816394917300,planner_process,318248.0,323760.0,psutil,
b3-soak-20260925T055126Z-3e8873cb,0,579,2026-09-25T06:01:23.693806+00:00,13817427416300,planner_process,319416.0,323760.0,psutil,
b3-soak-20260925T055126Z-3e8873cb,0,580,2026-09-25T06:01:24.701126+00:00,13818433952400,planner_process,318364.0,323760.0,psutil,
b3-soak-20260925T055126Z-3e8873cb,0,581,2026-09-25T06:01:25.725305+00:00,13819457966700,planner_process,318368.0,323760.0,psutil,
b3-soak-20260925T055126Z-3e8873cb,0,582,2026-09-25T06:01:26.739664+00:00,13820472494300,planner_process,318368.0,323760.0,psutil,
b3-soak-20260925T055126Z-3e8873cb,0,583,2026-09-25T06:01:27.752572+00:00,13821485901100,planner_process,314848.0,323760.0,psutil,
b3-soak-20260925T055126Z-3e8873cb,0,584,2026-09-25T06:01:28.780108+00:00,13822513519600,planner_process,314852.0,323760.0,psutil,
b3-soak-20260925T055126Z-3e8873cb,0,585,2026-09-25T06:01:29.816921+00:00,13823550568300,planner_process,314856.0,323760.0,psutil,
b3-soak-20260925T055126Z-3e8873cb,0,586,2026-09-25T06:01:30.822897+00:00,13824555553800,planner_process,318376.0,323760.0,psutil,
b3-soak-20260925T055126Z-3e8873cb,0,587,2026-09-25T06:01:31.862503+00:00,13825595749600,planner_process,318380.0,323760.0,psutil,
b3-soak-20260925T055126Z-3e8873cb,0,588,2026-09-25T06:01:32.864545+00:00,13826597311600,planner_process,318380.0,323760.0,psutil,
b3-soak-20260925T055126Z-3e8873cb,0,589,2026-09-25T06:01:33.882093+00:00,13827614797100,planner_process,314868.0,323760.0,psutil,
b3-soak-20260925T055126Z-3e8873cb,0,590,2026-09-25T06:01:34.892683+00:00,13828625657000,planner_process,318388.0,323760.0,psutil,
b3-soak-20260925T055126Z-3e8873cb,0,591,2026-09-25T06:01:35.906937+00:00,13829640100400,planner_process,318388.0,323760.0,psutil,
b3-soak-20260925T055126Z-3e8873cb,0,592,2026-09-25T06:01:36.919814+00:00,13830652688100,planner_process,314872.0,323760.0,psutil,
b3-soak-20260925T055126Z-3e8873cb,0,593,2026-09-25T06:01:37.944428+00:00,13831677096700,planner_process,318396.0,323760.0,psutil,
b3-soak-20260925T055126Z-3e8873cb,0,594,2026-09-25T06:01:38.948385+00:00,13832681277200,planner_process,318400.0,323760.0,psutil,
b3-soak-20260925T055126Z-3e8873cb,0,595,2026-09-25T06:01:39.963977+00:00,13833696610600,planner_process,318400.0,323760.0,psutil,
b3-soak-20260925T055126Z-3e8873cb,0,596,2026-09-25T06:01:40.976224+00:00,13834709066500,planner_process,318400.0,323760.0,psutil,
b3-soak-20260925T055126Z-3e8873cb,0,597,2026-09-25T06:01:42.016608+00:00,13835749502000,planner_process,318404.0,323760.0,psutil,
b3-soak-20260925T055126Z-3e8873cb,0,598,2026-09-25T06:01:43.039216+00:00,13836772441200,planner_process,318404.0,323760.0,psutil,
b3-soak-20260925T055126Z-3e8873cb,0,599,2026-09-25T06:01:44.046432+00:00,13837779314100,planner_process,318408.0,323760.0,psutil,
b3-soak-20260925T055126Z-3e8873cb,0,600,2026-09-25T06:01:45.087588+00:00,13838820895300,planner_process,318412.0,323760.0,psutil,
b3-soak-20260925T055126Z-3e8873cb,0,601,2026-09-25T06:01:46.090084+00:00,13839823270900,planner_process,318412.0,323760.0,psutil,
b3-soak-20260925T055126Z-3e8873cb,0,602,2026-09-25T06:01:47.104297+00:00,13840837147100,planner_process,314892.0,323760.0,psutil,
b3-soak-20260925T055126Z-3e8873cb,0,603,2026-09-25T06:01:48.116991+00:00,13841850399300,planner_process,314892.0,323760.0,psutil,
b3-soak-20260925T055126Z-3e8873cb,0,604,2026-09-25T06:01:49.132462+00:00,13842865732300,planner_process,318420.0,323760.0,psutil,
b3-soak-20260925T055126Z-3e8873cb,0,605,2026-09-25T06:01:50.145732+00:00,13843878680900,planner_process,318428.0,323760.0,psutil,
b3-soak-20260925T055126Z-3e8873cb,0,606,2026-09-25T06:01:51.183268+00:00,13844916533600,planner_process,318432.0,323760.0,psutil,
b3-soak-20260925T055126Z-3e8873cb,0,607,2026-09-25T06:01:52.204156+00:00,13845937068200,planner_process,318432.0,323760.0,psutil,
b3-soak-20260925T055126Z-3e8873cb,0,608,2026-09-25T06:01:53.234861+00:00,13846968095300,planner_process,318436.0,323760.0,psutil,
b3-soak-20260925T055126Z-3e8873cb,0,609,2026-09-25T06:01:54.255215+00:00,13847987881200,planner_process,318440.0,323760.0,psutil,
b3-soak-20260925T055126Z-3e8873cb,0,610,2026-09-25T06:01:55.270095+00:00,13849003211300,planner_process,318440.0,323760.0,psutil,
b3-soak-20260925T055126Z-3e8873cb,0,611,2026-09-25T06:01:56.285024+00:00,13850018058400,planner_process,318440.0,323760.0,psutil,
b3-soak-20260925T055126Z-3e8873cb,0,612,2026-09-25T06:01:57.298102+00:00,13851031477100,planner_process,318440.0,323760.0,psutil,
b3-soak-20260925T055126Z-3e8873cb,0,613,2026-09-25T06:01:58.310063+00:00,13852042937500,planner_process,318444.0,323760.0,psutil,
b3-soak-20260925T055126Z-3e8873cb,0,614,2026-09-25T06:01:59.320391+00:00,13853054030100,planner_process,318452.0,323760.0,psutil,
b3-soak-20260925T055126Z-3e8873cb,0,615,2026-09-25T06:02:00.331134+00:00,13854065621900,planner_process,318452.0,323760.0,psutil,
b3-soak-20260925T055126Z-3e8873cb,0,616,2026-09-25T06:02:01.341403+00:00,13855074319700,planner_process,318452.0,323760.0,psutil,
b3-soak-20260925T055126Z-3e8873cb,0,617,2026-09-25T06:02:02.367414+00:00,13856100401000,planner_process,318452.0,323760.0,psutil,
b3-soak-20260925T055126Z-3e8873cb,0,618,2026-09-25T06:02:03.382116+00:00,13857115102600,planner_process,318452.0,323760.0,psutil,
b3-soak-20260925T055126Z-3e8873cb,0,619,2026-09-25T06:02:04.383682+00:00,13858116748200,planner_process,318460.0,323760.0,psutil,
b3-soak-20260925T055126Z-3e8873cb,0,620,2026-09-25T06:02:05.418904+00:00,13859152511300,planner_process,318460.0,323760.0,psutil,
b3-soak-20260925T055126Z-3e8873cb,0,621,2026-09-25T06:02:06.422399+00:00,13860155905000,planner_process,318460.0,323760.0,psutil,
b3-soak-20260925T055126Z-3e8873cb,0,622,2026-09-25T06:02:07.423389+00:00,13861156281300,planner_process,318464.0,323760.0,psutil,
b3-soak-20260925T055126Z-3e8873cb,0,623,2026-09-25T06:02:08.426148+00:00,13862159221400,planner_process,318468.0,323760.0,psutil,
b3-soak-20260925T055126Z-3e8873cb,0,624,2026-09-25T06:02:09.440323+00:00,13863173257600,planner_process,314952.0,323760.0,psutil,
b3-soak-20260925T055126Z-3e8873cb,0,625,2026-09-25T06:02:10.448184+00:00,13864181747800,planner_process,314956.0,323760.0,psutil,
b3-soak-20260925T055126Z-3e8873cb,0,626,2026-09-25T06:02:11.455592+00:00,13865188628000,planner_process,314960.0,323760.0,psutil,
b3-soak-20260925T055126Z-3e8873cb,0,627,2026-09-25T06:02:12.470579+00:00,13866203940300,planner_process,314960.0,323760.0,psutil,
b3-soak-20260925T055126Z-3e8873cb,0,628,2026-09-25T06:02:13.499579+00:00,13867232957200,planner_process,318480.0,323760.0,psutil,
b3-soak-20260925T055126Z-3e8873cb,0,629,2026-09-25T06:02:14.509156+00:00,13868242059700,planner_process,316436.0,323760.0,psutil,
b3-soak-20260925T055126Z-3e8873cb,0,630,2026-09-25T06:02:15.520093+00:00,13869253045600,planner_process,314964.0,323760.0,psutil,
b3-soak-20260925T055126Z-3e8873cb,0,631,2026-09-25T06:02:16.533374+00:00,13870266090300,planner_process,318488.0,323760.0,psutil,
b3-soak-20260925T055126Z-3e8873cb,0,632,2026-09-25T06:02:17.544957+00:00,13871278270800,planner_process,318492.0,323760.0,psutil,
b3-soak-20260925T055126Z-3e8873cb,0,633,2026-09-25T06:02:18.555333+00:00,13872288225200,planner_process,318492.0,323760.0,psutil,
b3-soak-20260925T055126Z-3e8873cb,0,634,2026-09-25T06:02:19.589581+00:00,13873322813500,planner_process,318496.0,323760.0,psutil,
b3-soak-20260925T055126Z-3e8873cb,0,635,2026-09-25T06:02:20.600241+00:00,13874333115000,planner_process,318496.0,323760.0,psutil,
b3-soak-20260925T055126Z-3e8873cb,0,636,2026-09-25T06:02:21.635540+00:00,13875368729100,planner_process,318496.0,323760.0,psutil,
b3-soak-20260925T055126Z-3e8873cb,0,637,2026-09-25T06:02:22.658397+00:00,13876391500400,planner_process,318496.0,323760.0,psutil,
b3-soak-20260925T055126Z-3e8873cb,0,638,2026-09-25T06:02:23.678506+00:00,13877411873300,planner_process,318500.0,323760.0,psutil,
b3-soak-20260925T055126Z-3e8873cb,0,639,2026-09-25T06:02:24.698801+00:00,13878431612700,planner_process,318508.0,323760.0,psutil,
b3-soak-20260925T055126Z-3e8873cb,0,640,2026-09-25T06:02:25.735962+00:00,13879469013600,planner_process,318512.0,323760.0,psutil,
b3-soak-20260925T055126Z-3e8873cb,0,641,2026-09-25T06:02:26.753052+00:00,13880485892100,planner_process,318512.0,323760.0,psutil,
b3-soak-20260925T055126Z-3e8873cb,0,642,2026-09-25T06:02:27.758329+00:00,13881491663100,planner_process,318512.0,323760.0,psutil,
b3-soak-20260925T055126Z-3e8873cb,0,643,2026-09-25T06:02:28.768234+00:00,13882501414100,planner_process,314996.0,323760.0,psutil,
b3-soak-20260925T055126Z-3e8873cb,0,644,2026-09-25T06:02:29.796133+00:00,13883528952200,planner_process,318520.0,323760.0,psutil,
b3-soak-20260925T055126Z-3e8873cb,0,645,2026-09-25T06:02:30.805689+00:00,13884538330700,planner_process,315008.0,323760.0,psutil,
b3-soak-20260925T055126Z-3e8873cb,0,646,2026-09-25T06:02:31.809489+00:00,13885542555400,planner_process,318528.0,323760.0,psutil,
b3-soak-20260925T055126Z-3e8873cb,0,647,2026-09-25T06:02:32.844495+00:00,13886577693500,planner_process,318528.0,323760.0,psutil,
b3-soak-20260925T055126Z-3e8873cb,0,648,2026-09-25T06:02:33.852619+00:00,13887585510100,planner_process,318528.0,323760.0,psutil,
b3-soak-20260925T055126Z-3e8873cb,0,649,2026-09-25T06:02:34.871111+00:00,13888603752200,planner_process,315016.0,323760.0,psutil,
b3-soak-20260925T055126Z-3e8873cb,0,650,2026-09-25T06:02:35.881933+00:00,13889614978000,planner_process,318572.0,323760.0,psutil,
b3-soak-20260925T055126Z-3e8873cb,0,651,2026-09-25T06:02:36.896759+00:00,13890630582700,planner_process,318580.0,323760.0,psutil,
b3-soak-20260925T055126Z-3e8873cb,0,652,2026-09-25T06:02:37.916161+00:00,13891649700300,planner_process,318580.0,323760.0,psutil,
b3-soak-20260925T055126Z-3e8873cb,0,653,2026-09-25T06:02:38.919995+00:00,13892652827400,planner_process,318584.0,323760.0,psutil,
b3-soak-20260925T055126Z-3e8873cb,0,654,2026-09-25T06:02:39.959851+00:00,13893693206900,planner_process,318588.0,323760.0,psutil,
b3-soak-20260925T055126Z-3e8873cb,0,655,2026-09-25T06:02:40.976717+00:00,13894709620400,planner_process,318588.0,323760.0,psutil,
b3-soak-20260925T055126Z-3e8873cb,0,656,2026-09-25T06:02:41.980227+00:00,13895713060800,planner_process,315068.0,323760.0,psutil,
b3-soak-20260925T055126Z-3e8873cb,0,657,2026-09-25T06:02:42.993432+00:00,13896726452200,planner_process,315068.0,323760.0,psutil,
b3-soak-20260925T055126Z-3e8873cb,0,658,2026-09-25T06:02:44.003546+00:00,13897736563800,planner_process,318596.0,323760.0,psutil,
b3-soak-20260925T055126Z-3e8873cb,0,659,2026-09-25T06:02:45.003907+00:00,13898737243500,planner_process,318600.0,323760.0,psutil,
b3-soak-20260925T055126Z-3e8873cb,0,660,2026-09-25T06:02:46.023190+00:00,13899755987200,planner_process,315080.0,323760.0,psutil,
b3-soak-20260925T055126Z-3e8873cb,0,661,2026-09-25T06:02:47.030606+00:00,13900763880100,planner_process,318600.0,323760.0,psutil,
b3-soak-20260925T055126Z-3e8873cb,0,662,2026-09-25T06:02:48.046464+00:00,13901780008000,planner_process,318600.0,323760.0,psutil,
b3-soak-20260925T055126Z-3e8873cb,0,663,2026-09-25T06:02:49.051570+00:00,13902784691700,planner_process,318604.0,323760.0,psutil,
b3-soak-20260925T055126Z-3e8873cb,0,664,2026-09-25T06:02:50.063026+00:00,13903796188100,planner_process,315088.0,323760.0,psutil,
b3-soak-20260925T055126Z-3e8873cb,0,665,2026-09-25T06:02:51.092653+00:00,13904825681800,planner_process,318612.0,323760.0,psutil,
b3-soak-20260925T055126Z-3e8873cb,0,666,2026-09-25T06:02:52.114769+00:00,13905848187700,planner_process,318616.0,323760.0,psutil,
b3-soak-20260925T055126Z-3e8873cb,0,667,2026-09-25T06:02:53.117048+00:00,13906850581600,planner_process,315096.0,323760.0,psutil,
b3-soak-20260925T055126Z-3e8873cb,0,668,2026-09-25T06:02:54.131890+00:00,13907865370900,planner_process,315096.0,323760.0,psutil,
b3-soak-20260925T055126Z-3e8873cb,0,669,2026-09-25T06:02:55.162383+00:00,13908895464000,planner_process,315104.0,323760.0,psutil,
b3-soak-20260925T055126Z-3e8873cb,0,670,2026-09-25T06:02:56.195986+00:00,13909928619500,planner_process,315108.0,323760.0,psutil,
b3-soak-20260925T055126Z-3e8873cb,0,671,2026-09-25T06:02:57.228257+00:00,13910961433800,planner_process,318632.0,323760.0,psutil,
b3-soak-20260925T055126Z-3e8873cb,0,672,2026-09-25T06:02:58.228348+00:00,13911961760300,planner_process,318632.0,323760.0,psutil,
b3-soak-20260925T055126Z-3e8873cb,0,673,2026-09-25T06:02:59.259063+00:00,13912991901600,planner_process,318632.0,323760.0,psutil,
b3-soak-20260925T055126Z-3e8873cb,0,674,2026-09-25T06:03:00.268328+00:00,13914001549900,planner_process,315116.0,323760.0,psutil,
b3-soak-20260925T055126Z-3e8873cb,0,675,2026-09-25T06:03:01.282932+00:00,13915015578500,planner_process,315120.0,323760.0,psutil,
b3-soak-20260925T055126Z-3e8873cb,0,676,2026-09-25T06:03:02.293747+00:00,13916026390300,planner_process,318640.0,323760.0,psutil,
b3-soak-20260925T055126Z-3e8873cb,0,677,2026-09-25T06:03:03.305407+00:00,13917038406000,planner_process,318644.0,323760.0,psutil,
b3-soak-20260925T055126Z-3e8873cb,0,678,2026-09-25T06:03:04.316943+00:00,13918050350500,planner_process,315124.0,323760.0,psutil,
b3-soak-20260925T055126Z-3e8873cb,0,679,2026-09-25T06:03:05.334111+00:00,13919067511300,planner_process,318648.0,323760.0,psutil,
b3-soak-20260925T055126Z-3e8873cb,0,680,2026-09-25T06:03:06.344424+00:00,13920077343400,planner_process,318648.0,323760.0,psutil,
b3-soak-20260925T055126Z-3e8873cb,0,681,2026-09-25T06:03:07.374024+00:00,13921106900700,planner_process,315128.0,323760.0,psutil,
b3-soak-20260925T055126Z-3e8873cb,0,682,2026-09-25T06:03:08.400443+00:00,13922133310600,planner_process,318652.0,323760.0,psutil,
b3-soak-20260925T055126Z-3e8873cb,0,683,2026-09-25T06:03:09.408594+00:00,13923142132800,planner_process,315136.0,323760.0,psutil,
b3-soak-20260925T055126Z-3e8873cb,0,684,2026-09-25T06:03:10.423908+00:00,13924156868000,planner_process,318664.0,323760.0,psutil,
b3-soak-20260925T055126Z-3e8873cb,0,685,2026-09-25T06:03:11.437505+00:00,13925171081200,planner_process,318664.0,323760.0,psutil,
b3-soak-20260925T055126Z-3e8873cb,0,686,2026-09-25T06:03:12.455356+00:00,13926188123200,planner_process,318664.0,323760.0,psutil,
b3-soak-20260925T055126Z-3e8873cb,0,687,2026-09-25T06:03:13.476062+00:00,13927208759600,planner_process,318664.0,323760.0,psutil,
b3-soak-20260925T055126Z-3e8873cb,0,688,2026-09-25T06:03:14.509659+00:00,13928242984900,planner_process,315148.0,323760.0,psutil,
b3-soak-20260925T055126Z-3e8873cb,0,689,2026-09-25T06:03:15.535000+00:00,13929267756600,planner_process,315152.0,323760.0,psutil,
b3-soak-20260925T055126Z-3e8873cb,0,690,2026-09-25T06:03:16.560049+00:00,13930292951400,planner_process,318672.0,323760.0,psutil,
b3-soak-20260925T055126Z-3e8873cb,0,691,2026-09-25T06:03:17.594302+00:00,13931327720500,planner_process,318676.0,323760.0,psutil,
b3-soak-20260925T055126Z-3e8873cb,0,692,2026-09-25T06:03:18.628754+00:00,13932361924600,planner_process,315156.0,323760.0,psutil,
b3-soak-20260925T055126Z-3e8873cb,0,693,2026-09-25T06:03:19.634718+00:00,13933367715500,planner_process,318680.0,323760.0,psutil,
b3-soak-20260925T055126Z-3e8873cb,0,694,2026-09-25T06:03:20.646360+00:00,13934379674700,planner_process,315164.0,323760.0,psutil,
b3-soak-20260925T055126Z-3e8873cb,0,695,2026-09-25T06:03:21.662054+00:00,13935394985200,planner_process,318684.0,323760.0,psutil,
b3-soak-20260925T055126Z-3e8873cb,0,696,2026-09-25T06:03:22.682842+00:00,13936416167600,planner_process,318684.0,323760.0,psutil,
b3-soak-20260925T055126Z-3e8873cb,0,697,2026-09-25T06:03:23.691466+00:00,13937424483500,planner_process,318688.0,323760.0,psutil,
b3-soak-20260925T055126Z-3e8873cb,0,698,2026-09-25T06:03:24.692542+00:00,13938425719900,planner_process,318688.0,323760.0,psutil,
b3-soak-20260925T055126Z-3e8873cb,0,699,2026-09-25T06:03:25.705903+00:00,13939438671700,planner_process,315172.0,323760.0,psutil,
b3-soak-20260925T055126Z-3e8873cb,0,700,2026-09-25T06:03:26.722690+00:00,13940456001200,planner_process,318692.0,323760.0,psutil,
b3-soak-20260925T055126Z-3e8873cb,0,701,2026-09-25T06:03:27.734442+00:00,13941467953400,planner_process,318692.0,323760.0,psutil,
b3-soak-20260925T055126Z-3e8873cb,0,702,2026-09-25T06:03:28.744189+00:00,13942477287500,planner_process,315176.0,323760.0,psutil,
b3-soak-20260925T055126Z-3e8873cb,0,703,2026-09-25T06:03:29.786782+00:00,13943519658600,planner_process,315184.0,323760.0,psutil,
b3-soak-20260925T055126Z-3e8873cb,0,704,2026-09-25T06:03:30.787012+00:00,13944519970700,planner_process,318708.0,323760.0,psutil,
b3-soak-20260925T055126Z-3e8873cb,0,705,2026-09-25T06:03:31.787192+00:00,13945520447800,planner_process,315192.0,323760.0,psutil,
b3-soak-20260925T055126Z-3e8873cb,0,706,2026-09-25T06:03:32.801586+00:00,13946534229100,planner_process,318712.0,323760.0,psutil,
b3-soak-20260925T055126Z-3e8873cb,0,707,2026-09-25T06:03:33.812919+00:00,13947546485700,planner_process,318712.0,323760.0,psutil,
b3-soak-20260925T055126Z-3e8873cb,0,708,2026-09-25T06:03:34.826016+00:00,13948559475600,planner_process,318712.0,323760.0,psutil,
b3-soak-20260925T055126Z-3e8873cb,0,709,2026-09-25T06:03:35.837467+00:00,13949571014200,planner_process,318716.0,323760.0,psutil,
b3-soak-20260925T055126Z-3e8873cb,0,710,2026-09-25T06:03:36.863194+00:00,13950596410400,planner_process,315196.0,323760.0,psutil,
b3-soak-20260925T055126Z-3e8873cb,0,711,2026-09-25T06:03:37.866228+00:00,13951599058600,planner_process,318716.0,323760.0,psutil,
b3-soak-20260925T055126Z-3e8873cb,0,712,2026-09-25T06:03:38.903887+00:00,13952637245300,planner_process,318720.0,323760.0,psutil,
b3-soak-20260925T055126Z-3e8873cb,0,713,2026-09-25T06:03:39.917215+00:00,13953650183000,planner_process,315204.0,323760.0,psutil,
b3-soak-20260925T055126Z-3e8873cb,0,714,2026-09-25T06:03:40.930872+00:00,13954663670800,planner_process,318728.0,323760.0,psutil,
b3-soak-20260925T055126Z-3e8873cb,0,715,2026-09-25T06:03:41.944934+00:00,13955677741300,planner_process,318728.0,323760.0,psutil,
b3-soak-20260925T055126Z-3e8873cb,0,716,2026-09-25T06:03:42.967916+00:00,13956701169300,planner_process,318728.0,323760.0,psutil,
b3-soak-20260925T055126Z-3e8873cb,0,717,2026-09-25T06:03:43.973465+00:00,13957706533500,planner_process,318728.0,323760.0,psutil,
b3-soak-20260925T055126Z-3e8873cb,0,718,2026-09-25T06:03:44.987863+00:00,13958721380700,planner_process,318728.0,323760.0,psutil,
b3-soak-20260925T055126Z-3e8873cb,0,719,2026-09-25T06:03:46.022279+00:00,13959755552100,planner_process,318740.0,323760.0,psutil,
b3-soak-20260925T055126Z-3e8873cb,0,720,2026-09-25T06:03:47.028494+00:00,13960761372900,planner_process,318740.0,323760.0,psutil,
b3-soak-20260925T055126Z-3e8873cb,0,721,2026-09-25T06:03:48.064750+00:00,13961798403800,planner_process,318744.0,323760.0,psutil,
b3-soak-20260925T055126Z-3e8873cb,0,722,2026-09-25T06:03:49.103043+00:00,13962836137200,planner_process,318744.0,323760.0,psutil,
b3-soak-20260925T055126Z-3e8873cb,0,723,2026-09-25T06:03:50.109665+00:00,13963843203600,planner_process,318616.0,323760.0,psutil,
b3-soak-20260925T055126Z-3e8873cb,0,724,2026-09-25T06:03:51.133582+00:00,13964867206400,planner_process,318752.0,323760.0,psutil,
b3-soak-20260925T055126Z-3e8873cb,0,725,2026-09-25T06:03:52.149630+00:00,13965882911800,planner_process,315232.0,323760.0,psutil,
b3-soak-20260925T055126Z-3e8873cb,0,726,2026-09-25T06:03:53.154554+00:00,13966887702900,planner_process,315232.0,323760.0,psutil,
b3-soak-20260925T055126Z-3e8873cb,0,727,2026-09-25T06:03:54.170564+00:00,13967903329600,planner_process,318756.0,323760.0,psutil,
b3-soak-20260925T055126Z-3e8873cb,0,728,2026-09-25T06:03:55.184560+00:00,13968917827700,planner_process,318756.0,323760.0,psutil,
b3-soak-20260925T055126Z-3e8873cb,0,729,2026-09-25T06:03:56.200516+00:00,13969933502600,planner_process,318760.0,323760.0,psutil,
b3-soak-20260925T055126Z-3e8873cb,0,730,2026-09-25T06:03:57.210791+00:00,13970943772400,planner_process,318760.0,323760.0,psutil,
b3-soak-20260925T055126Z-3e8873cb,0,731,2026-09-25T06:03:58.215032+00:00,13971948261800,planner_process,318760.0,323760.0,psutil,
b3-soak-20260925T055126Z-3e8873cb,0,732,2026-09-25T06:03:59.225812+00:00,13972959228500,planner_process,318760.0,323760.0,psutil,
b3-soak-20260925T055126Z-3e8873cb,0,733,2026-09-25T06:04:00.256985+00:00,13973990275300,planner_process,318760.0,323760.0,psutil,
b3-soak-20260925T055126Z-3e8873cb,0,734,2026-09-25T06:04:01.268711+00:00,13975002298400,planner_process,318784.0,323760.0,psutil,
b3-soak-20260925T055126Z-3e8873cb,0,735,2026-09-25T06:04:02.284798+00:00,13976017895800,planner_process,318796.0,323760.0,psutil,
b3-soak-20260925T055126Z-3e8873cb,0,736,2026-09-25T06:04:03.308575+00:00,13977041680000,planner_process,318796.0,323760.0,psutil,
b3-soak-20260925T055126Z-3e8873cb,0,737,2026-09-25T06:04:04.313700+00:00,13978046963900,planner_process,318796.0,323760.0,psutil,
b3-soak-20260925T055126Z-3e8873cb,0,738,2026-09-25T06:04:05.336139+00:00,13979069180000,planner_process,318796.0,323760.0,psutil,
b3-soak-20260925T055126Z-3e8873cb,0,739,2026-09-25T06:04:06.342111+00:00,13980074982400,planner_process,318800.0,323760.0,psutil,
b3-soak-20260925T055126Z-3e8873cb,0,740,2026-09-25T06:04:07.357108+00:00,13981090111900,planner_process,318800.0,323760.0,psutil,
b3-soak-20260925T055126Z-3e8873cb,0,741,2026-09-25T06:04:08.358597+00:00,13982091580800,planner_process,318804.0,323760.0,psutil,
b3-soak-20260925T055126Z-3e8873cb,0,742,2026-09-25T06:04:09.392805+00:00,13983125635400,planner_process,318804.0,323760.0,psutil,
b3-soak-20260925T055126Z-3e8873cb,0,743,2026-09-25T06:04:10.400105+00:00,13984132826800,planner_process,318808.0,323760.0,psutil,
b3-soak-20260925T055126Z-3e8873cb,0,744,2026-09-25T06:04:11.452882+00:00,13985185884000,planner_process,318812.0,323760.0,psutil,
b3-soak-20260925T055126Z-3e8873cb,0,745,2026-09-25T06:04:12.500293+00:00,13986233349100,planner_process,318812.0,323760.0,psutil,
b3-soak-20260925T055126Z-3e8873cb,0,746,2026-09-25T06:04:13.503693+00:00,13987236862300,planner_process,318812.0,323760.0,psutil,
b3-soak-20260925T055126Z-3e8873cb,0,747,2026-09-25T06:04:14.517585+00:00,13988250836300,planner_process,318816.0,323760.0,psutil,
b3-soak-20260925T055126Z-3e8873cb,0,748,2026-09-25T06:04:15.533973+00:00,13989266761900,planner_process,315296.0,323760.0,psutil,
b3-soak-20260925T055126Z-3e8873cb,0,749,2026-09-25T06:04:16.567682+00:00,13990300939600,planner_process,315300.0,323760.0,psutil,
b3-soak-20260925T055126Z-3e8873cb,0,750,2026-09-25T06:04:17.591860+00:00,13991325215900,planner_process,318824.0,323760.0,psutil,
b3-soak-20260925T055126Z-3e8873cb,0,751,2026-09-25T06:04:18.607554+00:00,13992340980700,planner_process,315308.0,323760.0,psutil,
b3-soak-20260925T055126Z-3e8873cb,0,752,2026-09-25T06:04:19.624695+00:00,13993358245800,planner_process,315308.0,323760.0,psutil,
b3-soak-20260925T055126Z-3e8873cb,0,753,2026-09-25T06:04:20.640645+00:00,13994374334700,planner_process,315308.0,323760.0,psutil,
b3-soak-20260925T055126Z-3e8873cb,0,754,2026-09-25T06:04:21.673264+00:00,13995406514400,planner_process,318832.0,323760.0,psutil,
b3-soak-20260925T055126Z-3e8873cb,0,755,2026-09-25T06:04:22.678506+00:00,13996411571600,planner_process,315312.0,323760.0,psutil,
b3-soak-20260925T055126Z-3e8873cb,0,756,2026-09-25T06:04:23.691453+00:00,13997424868100,planner_process,318836.0,323760.0,psutil,
b3-soak-20260925T055126Z-3e8873cb,0,757,2026-09-25T06:04:24.704003+00:00,13998436657300,planner_process,315316.0,323760.0,psutil,
b3-soak-20260925T055126Z-3e8873cb,0,758,2026-09-25T06:04:25.716053+00:00,13999449458300,planner_process,318844.0,323760.0,psutil,
b3-soak-20260925T055126Z-3e8873cb,0,759,2026-09-25T06:04:26.748698+00:00,14000481327900,planner_process,318848.0,323760.0,psutil,
b3-soak-20260925T055126Z-3e8873cb,0,760,2026-09-25T06:04:27.774689+00:00,14001507786900,planner_process,315332.0,323760.0,psutil,
b3-soak-20260925T055126Z-3e8873cb,0,761,2026-09-25T06:04:28.787681+00:00,14002520701700,planner_process,315332.0,323760.0,psutil,
b3-soak-20260925T055126Z-3e8873cb,0,762,2026-09-25T06:04:29.800299+00:00,14003533502900,planner_process,318852.0,323760.0,psutil,
b3-soak-20260925T055126Z-3e8873cb,0,763,2026-09-25T06:04:30.801169+00:00,14004534227200,planner_process,318856.0,323760.0,psutil,
b3-soak-20260925T055126Z-3e8873cb,0,764,2026-09-25T06:04:31.808821+00:00,14005541769900,planner_process,318860.0,323760.0,psutil,
b3-soak-20260925T055126Z-3e8873cb,0,765,2026-09-25T06:04:32.809587+00:00,14006542452600,planner_process,318860.0,323760.0,psutil,
b3-soak-20260925T055126Z-3e8873cb,0,766,2026-09-25T06:04:33.822927+00:00,14007555722600,planner_process,318864.0,323760.0,psutil,
b3-soak-20260925T055126Z-3e8873cb,0,767,2026-09-25T06:04:34.836408+00:00,14008569914800,planner_process,318864.0,323760.0,psutil,
b3-soak-20260925T055126Z-3e8873cb,0,768,2026-09-25T06:04:35.838227+00:00,14009571159500,planner_process,318864.0,323760.0,psutil,
b3-soak-20260925T055126Z-3e8873cb,0,769,2026-09-25T06:04:36.860603+00:00,14010593450900,planner_process,315348.0,323760.0,psutil,
b3-soak-20260925T055126Z-3e8873cb,0,770,2026-09-25T06:04:37.866342+00:00,14011599101500,planner_process,315352.0,323760.0,psutil,
b3-soak-20260925T055126Z-3e8873cb,0,771,2026-09-25T06:04:38.881907+00:00,14012614791900,planner_process,318872.0,323760.0,psutil,
b3-soak-20260925T055126Z-3e8873cb,0,772,2026-09-25T06:04:39.906108+00:00,14013639517300,planner_process,315352.0,323760.0,psutil,
b3-soak-20260925T055126Z-3e8873cb,0,773,2026-09-25T06:04:40.919100+00:00,14014652276700,planner_process,318872.0,323760.0,psutil,
b3-soak-20260925T055126Z-3e8873cb,0,774,2026-09-25T06:04:41.925778+00:00,14015659203900,planner_process,315360.0,323760.0,psutil,
b3-soak-20260925T055126Z-3e8873cb,0,775,2026-09-25T06:04:42.941980+00:00,14016675474600,planner_process,318880.0,323760.0,psutil,
b3-soak-20260925T055126Z-3e8873cb,0,776,2026-09-25T06:04:43.953881+00:00,14017687024800,planner_process,316392.0,323760.0,psutil,
b3-soak-20260925T055126Z-3e8873cb,0,777,2026-09-25T06:04:44.963549+00:00,14018696902500,planner_process,318880.0,323760.0,psutil,
b3-soak-20260925T055126Z-3e8873cb,0,778,2026-09-25T06:04:45.976947+00:00,14019709663400,planner_process,315360.0,323760.0,psutil,
b3-soak-20260925T055126Z-3e8873cb,0,779,2026-09-25T06:04:46.991066+00:00,14020723721000,planner_process,318884.0,323760.0,psutil,
b3-soak-20260925T055126Z-3e8873cb,0,780,2026-09-25T06:04:48.004085+00:00,14021737472500,planner_process,318888.0,323760.0,psutil,
b3-soak-20260925T055126Z-3e8873cb,0,781,2026-09-25T06:04:49.011184+00:00,14022744804500,planner_process,318896.0,323760.0,psutil,
b3-soak-20260925T055126Z-3e8873cb,0,782,2026-09-25T06:04:50.032848+00:00,14023765657300,planner_process,315380.0,323760.0,psutil,
b3-soak-20260925T055126Z-3e8873cb,0,783,2026-09-25T06:04:51.041580+00:00,14024774544600,planner_process,315380.0,323760.0,psutil,
b3-soak-20260925T055126Z-3e8873cb,0,784,2026-09-25T06:04:52.075408+00:00,14025808414500,planner_process,318904.0,323760.0,psutil,
b3-soak-20260925T055126Z-3e8873cb,0,785,2026-09-25T06:04:53.099239+00:00,14026832034500,planner_process,318904.0,323760.0,psutil,
b3-soak-20260925T055126Z-3e8873cb,0,786,2026-09-25T06:04:54.101713+00:00,14027834760000,planner_process,318904.0,323760.0,psutil,
b3-soak-20260925T055126Z-3e8873cb,0,787,2026-09-25T06:04:55.116099+00:00,14028849052700,planner_process,318904.0,323760.0,psutil,
b3-soak-20260925T055126Z-3e8873cb,0,788,2026-09-25T06:04:56.141825+00:00,14029875292700,planner_process,318908.0,323760.0,psutil,
b3-soak-20260925T055126Z-3e8873cb,0,789,2026-09-25T06:04:57.156316+00:00,14030889596700,planner_process,315396.0,323760.0,psutil,
b3-soak-20260925T055126Z-3e8873cb,0,790,2026-09-25T06:04:58.202450+00:00,14031935318200,planner_process,318916.0,323760.0,psutil,
b3-soak-20260925T055126Z-3e8873cb,0,791,2026-09-25T06:04:59.213706+00:00,14032946547500,planner_process,318916.0,323760.0,psutil,
b3-soak-20260925T055126Z-3e8873cb,0,792,2026-09-25T06:05:00.222462+00:00,14033956226900,planner_process,318916.0,323760.0,psutil,
b3-soak-20260925T055126Z-3e8873cb,0,793,2026-09-25T06:05:01.256129+00:00,14034988904600,planner_process,318916.0,323760.0,psutil,
b3-soak-20260925T055126Z-3e8873cb,0,794,2026-09-25T06:05:02.296569+00:00,14036029987800,planner_process,318920.0,323760.0,psutil,
b3-soak-20260925T055126Z-3e8873cb,0,795,2026-09-25T06:05:03.308855+00:00,14037041828000,planner_process,318920.0,323760.0,psutil,
b3-soak-20260925T055126Z-3e8873cb,0,796,2026-09-25T06:05:04.329131+00:00,14038062343000,planner_process,318928.0,323760.0,psutil,
b3-soak-20260925T055126Z-3e8873cb,0,797,2026-09-25T06:05:05.341797+00:00,14039075080400,planner_process,318928.0,323760.0,psutil,
b3-soak-20260925T055126Z-3e8873cb,0,798,2026-09-25T06:05:06.350281+00:00,14040082970000,planner_process,318928.0,323760.0,psutil,
b3-soak-20260925T055126Z-3e8873cb,0,799,2026-09-25T06:05:07.363110+00:00,14041096290800,planner_process,315416.0,323760.0,psutil,
b3-soak-20260925T055126Z-3e8873cb,0,800,2026-09-25T06:05:08.379440+00:00,14042112474600,planner_process,315420.0,323760.0,psutil,
b3-soak-20260925T055126Z-3e8873cb,0,801,2026-09-25T06:05:09.432118+00:00,14043165671500,planner_process,315424.0,323760.0,psutil,
b3-soak-20260925T055126Z-3e8873cb,0,802,2026-09-25T06:05:10.447154+00:00,14044180388000,planner_process,315424.0,323760.0,psutil,
b3-soak-20260925T055126Z-3e8873cb,0,803,2026-09-25T06:05:11.477045+00:00,14045210172400,planner_process,318944.0,323760.0,psutil,
b3-soak-20260925T055126Z-3e8873cb,0,804,2026-09-25T06:05:12.490801+00:00,14046223481600,planner_process,318952.0,323760.0,psutil,
b3-soak-20260925T055126Z-3e8873cb,0,805,2026-09-25T06:05:13.533722+00:00,14047266611000,planner_process,318952.0,323760.0,psutil,
b3-soak-20260925T055126Z-3e8873cb,0,806,2026-09-25T06:05:14.548516+00:00,14048282100700,planner_process,318952.0,323760.0,psutil,
b3-soak-20260925T055126Z-3e8873cb,0,807,2026-09-25T06:05:15.567522+00:00,14049300199200,planner_process,315432.0,323760.0,psutil,
b3-soak-20260925T055126Z-3e8873cb,0,808,2026-09-25T06:05:16.577103+00:00,14050309774100,planner_process,318952.0,323760.0,psutil,
b3-soak-20260925T055126Z-3e8873cb,0,809,2026-09-25T06:05:17.589919+00:00,14051323411500,planner_process,318956.0,323760.0,psutil,
b3-soak-20260925T055126Z-3e8873cb,0,810,2026-09-25T06:05:18.602563+00:00,14052335978600,planner_process,315436.0,323760.0,psutil,
b3-soak-20260925T055126Z-3e8873cb,0,811,2026-09-25T06:05:19.618994+00:00,14053351815000,planner_process,318960.0,323760.0,psutil,
b3-soak-20260925T055126Z-3e8873cb,0,812,2026-09-25T06:05:20.638665+00:00,14054372081200,planner_process,318968.0,323760.0,psutil,
b3-soak-20260925T055126Z-3e8873cb,0,813,2026-09-25T06:05:21.669658+00:00,14055403021800,planner_process,318968.0,323760.0,psutil,
b3-soak-20260925T055126Z-3e8873cb,0,814,2026-09-25T06:05:22.676149+00:00,14056409752200,planner_process,315452.0,323760.0,psutil,
b3-soak-20260925T055126Z-3e8873cb,0,815,2026-09-25T06:05:23.690137+00:00,14057423585200,planner_process,318972.0,323760.0,psutil,
b3-soak-20260925T055126Z-3e8873cb,0,816,2026-09-25T06:05:24.700504+00:00,14058434336100,planner_process,315452.0,323760.0,psutil,
b3-soak-20260925T055126Z-3e8873cb,0,817,2026-09-25T06:05:25.745620+00:00,14059478925300,planner_process,318972.0,323760.0,psutil,
b3-soak-20260925T055126Z-3e8873cb,0,818,2026-09-25T06:05:26.763817+00:00,14060497247600,planner_process,318972.0,323760.0,psutil,
b3-soak-20260925T055126Z-3e8873cb,0,819,2026-09-25T06:05:27.793746+00:00,14061526866200,planner_process,318980.0,323760.0,psutil,
b3-soak-20260925T055126Z-3e8873cb,0,820,2026-09-25T06:05:28.808164+00:00,14062541375600,planner_process,318984.0,323760.0,psutil,
b3-soak-20260925T055126Z-3e8873cb,0,821,2026-09-25T06:05:29.824901+00:00,14063557917700,planner_process,318984.0,323760.0,psutil,
b3-soak-20260925T055126Z-3e8873cb,0,822,2026-09-25T06:05:30.838789+00:00,14064572125200,planner_process,318984.0,323760.0,psutil,
b3-soak-20260925T055126Z-3e8873cb,0,823,2026-09-25T06:05:31.851987+00:00,14065585019300,planner_process,318984.0,323760.0,psutil,
b3-soak-20260925T055126Z-3e8873cb,0,824,2026-09-25T06:05:32.890163+00:00,14066623345000,planner_process,318992.0,323760.0,psutil,
b3-soak-20260925T055126Z-3e8873cb,0,825,2026-09-25T06:05:33.898351+00:00,14067631001800,planner_process,318992.0,323760.0,psutil,
b3-soak-20260925T055126Z-3e8873cb,0,826,2026-09-25T06:05:34.912273+00:00,14068645121800,planner_process,315472.0,323760.0,psutil,
b3-soak-20260925T055126Z-3e8873cb,0,827,2026-09-25T06:05:35.915366+00:00,14069648431700,planner_process,318992.0,323760.0,psutil,
b3-soak-20260925T055126Z-3e8873cb,0,828,2026-09-25T06:05:36.928844+00:00,14070662050000,planner_process,315476.0,323760.0,psutil,
b3-soak-20260925T055126Z-3e8873cb,0,829,2026-09-25T06:05:37.940835+00:00,14071674265600,planner_process,319004.0,323760.0,psutil,
b3-soak-20260925T055126Z-3e8873cb,0,830,2026-09-25T06:05:38.955301+00:00,14072688807700,planner_process,315484.0,323760.0,psutil,
b3-soak-20260925T055126Z-3e8873cb,0,831,2026-09-25T06:05:39.967826+00:00,14073700564100,planner_process,315484.0,323760.0,psutil,
b3-soak-20260925T055126Z-3e8873cb,0,832,2026-09-25T06:05:40.990332+00:00,14074723924000,planner_process,315484.0,323760.0,psutil,
b3-soak-20260925T055126Z-3e8873cb,0,833,2026-09-25T06:05:42.004789+00:00,14075737697900,planner_process,319004.0,323760.0,psutil,
b3-soak-20260925T055126Z-3e8873cb,0,834,2026-09-25T06:05:43.016783+00:00,14076749660800,planner_process,315488.0,323760.0,psutil,
b3-soak-20260925T055126Z-3e8873cb,0,835,2026-09-25T06:05:44.026992+00:00,14077759896200,planner_process,319016.0,323760.0,psutil,
b3-soak-20260925T055126Z-3e8873cb,0,836,2026-09-25T06:05:45.048820+00:00,14078781932400,planner_process,315496.0,323760.0,psutil,
b3-soak-20260925T055126Z-3e8873cb,0,837,2026-09-25T06:05:46.084088+00:00,14079817122400,planner_process,319016.0,323760.0,psutil,
b3-soak-20260925T055126Z-3e8873cb,0,838,2026-09-25T06:05:47.088379+00:00,14080821371800,planner_process,319020.0,323760.0,psutil,
b3-soak-20260925T055126Z-3e8873cb,0,839,2026-09-25T06:05:48.099031+00:00,14081832174100,planner_process,315504.0,323760.0,psutil,
b3-soak-20260925T055126Z-3e8873cb,0,840,2026-09-25T06:05:49.110208+00:00,14082843162100,planner_process,319024.0,323760.0,psutil,
b3-soak-20260925T055126Z-3e8873cb,0,841,2026-09-25T06:05:50.124685+00:00,14083857637600,planner_process,319024.0,323760.0,psutil,
b3-soak-20260925T055126Z-3e8873cb,0,842,2026-09-25T06:05:51.165305+00:00,14084898458400,planner_process,319024.0,323760.0,psutil,
b3-soak-20260925T055126Z-3e8873cb,0,843,2026-09-25T06:05:52.168157+00:00,14085901573400,planner_process,319028.0,323760.0,psutil,
b3-soak-20260925T055126Z-3e8873cb,0,844,2026-09-25T06:05:53.179915+00:00,14086912836600,planner_process,319036.0,323760.0,psutil,
b3-soak-20260925T055126Z-3e8873cb,0,845,2026-09-25T06:05:54.193501+00:00,14087927021300,planner_process,319040.0,323760.0,psutil,
b3-soak-20260925T055126Z-3e8873cb,0,846,2026-09-25T06:05:55.210802+00:00,14088943894900,planner_process,319044.0,323760.0,psutil,
b3-soak-20260925T055126Z-3e8873cb,0,847,2026-09-25T06:05:56.227879+00:00,14089960642100,planner_process,315524.0,323760.0,psutil,
b3-soak-20260925T055126Z-3e8873cb,0,848,2026-09-25T06:05:57.244547+00:00,14090977455300,planner_process,319044.0,323760.0,psutil,
b3-soak-20260925T055126Z-3e8873cb,0,849,2026-09-25T06:05:58.272945+00:00,14092005676300,planner_process,315528.0,323760.0,psutil,
b3-soak-20260925T055126Z-3e8873cb,0,850,2026-09-25T06:05:59.288150+00:00,14093021491600,planner_process,319064.0,323760.0,psutil,
b3-soak-20260925T055126Z-3e8873cb,0,851,2026-09-25T06:06:00.300555+00:00,14094034119100,planner_process,319068.0,323760.0,psutil,
b3-soak-20260925T055126Z-3e8873cb,0,852,2026-09-25T06:06:01.308370+00:00,14095041541600,planner_process,315548.0,323760.0,psutil,
b3-soak-20260925T055126Z-3e8873cb,0,853,2026-09-25T06:06:02.316373+00:00,14096049230300,planner_process,319068.0,323760.0,psutil,
b3-soak-20260925T055126Z-3e8873cb,0,854,2026-09-25T06:06:03.328503+00:00,14097062102900,planner_process,319072.0,323760.0,psutil,
b3-soak-20260925T055126Z-3e8873cb,0,855,2026-09-25T06:06:04.341137+00:00,14098074421800,planner_process,319072.0,323760.0,psutil,
b3-soak-20260925T055126Z-3e8873cb,0,856,2026-09-25T06:06:05.354190+00:00,14099087663700,planner_process,319072.0,323760.0,psutil,
b3-soak-20260925T055126Z-3e8873cb,0,857,2026-09-25T06:06:06.388597+00:00,14100122123800,planner_process,319072.0,323760.0,psutil,
b3-soak-20260925T055126Z-3e8873cb,0,858,2026-09-25T06:06:07.395912+00:00,14101129422900,planner_process,319136.0,323760.0,psutil,
b3-soak-20260925T055126Z-3e8873cb,0,859,2026-09-25T06:06:08.414703+00:00,14102147529300,planner_process,315628.0,323760.0,psutil,
b3-soak-20260925T055126Z-3e8873cb,0,860,2026-09-25T06:06:09.423714+00:00,14103156971900,planner_process,319152.0,323760.0,psutil,
b3-soak-20260925T055126Z-3e8873cb,0,861,2026-09-25T06:06:10.468088+00:00,14104200748000,planner_process,315632.0,323760.0,psutil,
b3-soak-20260925T055126Z-3e8873cb,0,862,2026-09-25T06:06:11.520639+00:00,14105253439200,planner_process,319152.0,323760.0,psutil,
b3-soak-20260925T055126Z-3e8873cb,0,863,2026-09-25T06:06:12.532844+00:00,14106265944800,planner_process,315632.0,323760.0,psutil,
b3-soak-20260925T055126Z-3e8873cb,0,864,2026-09-25T06:06:13.541953+00:00,14107275039200,planner_process,319156.0,323760.0,psutil,
b3-soak-20260925T055126Z-3e8873cb,0,865,2026-09-25T06:06:14.562285+00:00,14108295139900,planner_process,315636.0,323760.0,psutil,
b3-soak-20260925T055126Z-3e8873cb,0,866,2026-09-25T06:06:15.576867+00:00,14109310095800,planner_process,319156.0,323760.0,psutil,
b3-soak-20260925T055126Z-3e8873cb,0,867,2026-09-25T06:06:16.590722+00:00,14110323969300,planner_process,315640.0,323760.0,psutil,
b3-soak-20260925T055126Z-3e8873cb,0,868,2026-09-25T06:06:17.626482+00:00,14111359147000,planner_process,319160.0,323760.0,psutil,
b3-soak-20260925T055126Z-3e8873cb,0,869,2026-09-25T06:06:18.644309+00:00,14112377740700,planner_process,319164.0,323760.0,psutil,
b3-soak-20260925T055126Z-3e8873cb,0,870,2026-09-25T06:06:19.689249+00:00,14113422478200,planner_process,315644.0,323760.0,psutil,
b3-soak-20260925T055126Z-3e8873cb,0,871,2026-09-25T06:06:20.701739+00:00,14114434432000,planner_process,319164.0,323760.0,psutil,
b3-soak-20260925T055126Z-3e8873cb,0,872,2026-09-25T06:06:21.717277+00:00,14115450579900,planner_process,315644.0,323760.0,psutil,
b3-soak-20260925T055126Z-3e8873cb,0,873,2026-09-25T06:06:22.729391+00:00,14116462902400,planner_process,319164.0,323760.0,psutil,
b3-soak-20260925T055126Z-3e8873cb,0,874,2026-09-25T06:06:23.742289+00:00,14117475702900,planner_process,319168.0,323760.0,psutil,
b3-soak-20260925T055126Z-3e8873cb,0,875,2026-09-25T06:06:24.761356+00:00,14118494701400,planner_process,315648.0,323760.0,psutil,
b3-soak-20260925T055126Z-3e8873cb,0,876,2026-09-25T06:06:25.771699+00:00,14119504540800,planner_process,319172.0,323760.0,psutil,
b3-soak-20260925T055126Z-3e8873cb,0,877,2026-09-25T06:06:26.784827+00:00,14120517735800,planner_process,319096.0,323760.0,psutil,
b3-soak-20260925T055126Z-3e8873cb,0,878,2026-09-25T06:06:27.785914+00:00,14121518595500,planner_process,315660.0,323760.0,psutil,
b3-soak-20260925T055126Z-3e8873cb,0,879,2026-09-25T06:06:28.788927+00:00,14122522451100,planner_process,319184.0,323760.0,psutil,
b3-soak-20260925T055126Z-3e8873cb,0,880,2026-09-25T06:06:29.804607+00:00,14123537594900,planner_process,319184.0,323760.0,psutil,
b3-soak-20260925T055126Z-3e8873cb,0,881,2026-09-25T06:06:30.815448+00:00,14124548533000,planner_process,319184.0,323760.0,psutil,
b3-soak-20260925T055126Z-3e8873cb,0,882,2026-09-25T06:06:31.828852+00:00,14125561913600,planner_process,319184.0,323760.0,psutil,
b3-soak-20260925T055126Z-3e8873cb,0,883,2026-09-25T06:06:32.857797+00:00,14126590800100,planner_process,319184.0,323760.0,psutil,
b3-soak-20260925T055126Z-3e8873cb,0,884,2026-09-25T06:06:33.879419+00:00,14127612354900,planner_process,315672.0,323760.0,psutil,
b3-soak-20260925T055126Z-3e8873cb,0,885,2026-09-25T06:06:34.889259+00:00,14128622667700,planner_process,315672.0,323760.0,psutil,
b3-soak-20260925T055126Z-3e8873cb,0,886,2026-09-25T06:06:35.902688+00:00,14129635603400,planner_process,319192.0,323760.0,psutil,
b3-soak-20260925T055126Z-3e8873cb,0,887,2026-09-25T06:06:36.940425+00:00,14130673447200,planner_process,319192.0,323760.0,psutil,
b3-soak-20260925T055126Z-3e8873cb,0,888,2026-09-25T06:06:37.958382+00:00,14131691292800,planner_process,319192.0,323760.0,psutil,
b3-soak-20260925T055126Z-3e8873cb,0,889,2026-09-25T06:06:38.968382+00:00,14132701138600,planner_process,319196.0,323760.0,psutil,
b3-soak-20260925T055126Z-3e8873cb,0,890,2026-09-25T06:06:39.982067+00:00,14133715399000,planner_process,319196.0,323760.0,psutil,
b3-soak-20260925T055126Z-3e8873cb,0,891,2026-09-25T06:06:40.995980+00:00,14134728827400,planner_process,319200.0,323760.0,psutil,
b3-soak-20260925T055126Z-3e8873cb,0,892,2026-09-25T06:06:42.009720+00:00,14135742758900,planner_process,319200.0,323760.0,psutil,
b3-soak-20260925T055126Z-3e8873cb,0,893,2026-09-25T06:06:43.024183+00:00,14136757580500,planner_process,319200.0,323760.0,psutil,
b3-soak-20260925T055126Z-3e8873cb,0,894,2026-09-25T06:06:44.032497+00:00,14137765387800,planner_process,319208.0,323760.0,psutil,
b3-soak-20260925T055126Z-3e8873cb,0,895,2026-09-25T06:06:45.081055+00:00,14138814462300,planner_process,315688.0,323760.0,psutil,
b3-soak-20260925T055126Z-3e8873cb,0,896,2026-09-25T06:06:46.089213+00:00,14139822600700,planner_process,319208.0,323760.0,psutil,
b3-soak-20260925T055126Z-3e8873cb,0,897,2026-09-25T06:06:47.100911+00:00,14140834516200,planner_process,315692.0,323760.0,psutil,
b3-soak-20260925T055126Z-3e8873cb,0,898,2026-09-25T06:06:48.114999+00:00,14141848300900,planner_process,315692.0,323760.0,psutil,
b3-soak-20260925T055126Z-3e8873cb,0,899,2026-09-25T06:06:49.153065+00:00,14142886509900,planner_process,319220.0,323760.0,psutil,
b3-soak-20260925T055126Z-3e8873cb,0,900,2026-09-25T06:06:50.156341+00:00,14143889309100,planner_process,319220.0,323760.0,psutil,
b3-soak-20260925T055126Z-3e8873cb,0,901,2026-09-25T06:06:51.171523+00:00,14144905088500,planner_process,319220.0,323760.0,psutil,
b3-soak-20260925T055126Z-3e8873cb,0,902,2026-09-25T06:06:52.187504+00:00,14145920560600,planner_process,315700.0,323760.0,psutil,
b3-soak-20260925T055126Z-3e8873cb,0,903,2026-09-25T06:06:53.203156+00:00,14146936120300,planner_process,315700.0,323760.0,psutil,
b3-soak-20260925T055126Z-3e8873cb,0,904,2026-09-25T06:06:54.216883+00:00,14147949665300,planner_process,319224.0,323760.0,psutil,
b3-soak-20260925T055126Z-3e8873cb,0,905,2026-09-25T06:06:55.230860+00:00,14148964858900,planner_process,319224.0,323760.0,psutil,
b3-soak-20260925T055126Z-3e8873cb,0,906,2026-09-25T06:06:56.248001+00:00,14149980868000,planner_process,319224.0,323760.0,psutil,
b3-soak-20260925T055126Z-3e8873cb,0,907,2026-09-25T06:06:57.280173+00:00,14151012873400,planner_process,315708.0,323760.0,psutil,
b3-soak-20260925T055126Z-3e8873cb,0,908,2026-09-25T06:06:58.290654+00:00,14152024105400,planner_process,319228.0,323760.0,psutil,
b3-soak-20260925T055126Z-3e8873cb,0,909,2026-09-25T06:06:59.329723+00:00,14153062896300,planner_process,319232.0,323760.0,psutil,
b3-soak-20260925T055126Z-3e8873cb,0,910,2026-09-25T06:07:00.347649+00:00,14154081089200,planner_process,319232.0,323760.0,psutil,
b3-soak-20260925T055126Z-3e8873cb,0,911,2026-09-25T06:07:01.393764+00:00,14155126617300,planner_process,315716.0,323760.0,psutil,
b3-soak-20260925T055126Z-3e8873cb,0,912,2026-09-25T06:07:02.436947+00:00,14156169920200,planner_process,315716.0,323760.0,psutil,
b3-soak-20260925T055126Z-3e8873cb,0,913,2026-09-25T06:07:03.436979+00:00,14157170301800,planner_process,315716.0,323760.0,psutil,
b3-soak-20260925T055126Z-3e8873cb,0,914,2026-09-25T06:07:04.486613+00:00,14158219597600,planner_process,319240.0,323760.0,psutil,
b3-soak-20260925T055126Z-3e8873cb,0,915,2026-09-25T06:07:05.495676+00:00,14159228716600,planner_process,315724.0,323760.0,psutil,
b3-soak-20260925T055126Z-3e8873cb,0,916,2026-09-25T06:07:06.522095+00:00,14160255230700,planner_process,315728.0,323760.0,psutil,
b3-soak-20260925T055126Z-3e8873cb,0,917,2026-09-25T06:07:07.528974+00:00,14161261750800,planner_process,319248.0,323760.0,psutil,
b3-soak-20260925T055126Z-3e8873cb,0,918,2026-09-25T06:07:08.580641+00:00,14162314247800,planner_process,319252.0,323760.0,psutil,
b3-soak-20260925T055126Z-3e8873cb,0,919,2026-09-25T06:07:09.589190+00:00,14163322399300,planner_process,319256.0,323760.0,psutil,
b3-soak-20260925T055126Z-3e8873cb,0,920,2026-09-25T06:07:10.623917+00:00,14164357240100,planner_process,319256.0,323760.0,psutil,
b3-soak-20260925T055126Z-3e8873cb,0,921,2026-09-25T06:07:11.628233+00:00,14165361765300,planner_process,319256.0,323760.0,psutil,
b3-soak-20260925T055126Z-3e8873cb,0,922,2026-09-25T06:07:12.640812+00:00,14166374207800,planner_process,315736.0,323760.0,psutil,
b3-soak-20260925T055126Z-3e8873cb,0,923,2026-09-25T06:07:13.683420+00:00,14167416195600,planner_process,315740.0,323760.0,psutil,
b3-soak-20260925T055126Z-3e8873cb,0,924,2026-09-25T06:07:14.702368+00:00,14168435573700,planner_process,319264.0,323760.0,psutil,
b3-soak-20260925T055126Z-3e8873cb,0,925,2026-09-25T06:07:15.721953+00:00,14169454809000,planner_process,319264.0,323760.0,psutil,
b3-soak-20260925T055126Z-3e8873cb,0,926,2026-09-25T06:07:16.732094+00:00,14170465579600,planner_process,315744.0,323760.0,psutil,
b3-soak-20260925T055126Z-3e8873cb,0,927,2026-09-25T06:07:17.740281+00:00,14171473509500,planner_process,319264.0,323760.0,psutil,
b3-soak-20260925T055126Z-3e8873cb,0,928,2026-09-25T06:07:18.758075+00:00,14172491066800,planner_process,315744.0,323760.0,psutil,
b3-soak-20260925T055126Z-3e8873cb,0,929,2026-09-25T06:07:19.791556+00:00,14173524735300,planner_process,319272.0,323760.0,psutil,
b3-soak-20260925T055126Z-3e8873cb,0,930,2026-09-25T06:07:20.794033+00:00,14174527418900,planner_process,315756.0,323760.0,psutil,
b3-soak-20260925T055126Z-3e8873cb,0,931,2026-09-25T06:07:21.825931+00:00,14175559179500,planner_process,319280.0,323760.0,psutil,
b3-soak-20260925T055126Z-3e8873cb,0,932,2026-09-25T06:07:22.834018+00:00,14176566924300,planner_process,319280.0,323760.0,psutil,
b3-soak-20260925T055126Z-3e8873cb,0,933,2026-09-25T06:07:23.845683+00:00,14177578692600,planner_process,319280.0,323760.0,psutil,
b3-soak-20260925T055126Z-3e8873cb,0,934,2026-09-25T06:07:24.864768+00:00,14178597619800,planner_process,315764.0,323760.0,psutil,
b3-soak-20260925T055126Z-3e8873cb,0,935,2026-09-25T06:07:25.902602+00:00,14179635553800,planner_process,315764.0,323760.0,psutil,
b3-soak-20260925T055126Z-3e8873cb,0,936,2026-09-25T06:07:26.916569+00:00,14180649633500,planner_process,315764.0,323760.0,psutil,
b3-soak-20260925T055126Z-3e8873cb,0,937,2026-09-25T06:07:27.950452+00:00,14181683361000,planner_process,319288.0,323760.0,psutil,
b3-soak-20260925T055126Z-3e8873cb,0,938,2026-09-25T06:07:28.971127+00:00,14182703934800,planner_process,315768.0,323760.0,psutil,
b3-soak-20260925T055126Z-3e8873cb,0,939,2026-09-25T06:07:29.975720+00:00,14183708796000,planner_process,319296.0,323760.0,psutil,
b3-soak-20260925T055126Z-3e8873cb,0,940,2026-09-25T06:07:30.997786+00:00,14184730700400,planner_process,319296.0,323760.0,psutil,
b3-soak-20260925T055126Z-3e8873cb,0,941,2026-09-25T06:07:32.013000+00:00,14185746450500,planner_process,319296.0,323760.0,psutil,
b3-soak-20260925T055126Z-3e8873cb,0,942,2026-09-25T06:07:33.026479+00:00,14186759610300,planner_process,319296.0,323760.0,psutil,
b3-soak-20260925T055126Z-3e8873cb,0,943,2026-09-25T06:07:34.039244+00:00,14187772785600,planner_process,319296.0,323760.0,psutil,
b3-soak-20260925T055126Z-3e8873cb,0,944,2026-09-25T06:07:35.053861+00:00,14188787026100,planner_process,315780.0,323760.0,psutil,
b3-soak-20260925T055126Z-3e8873cb,0,945,2026-09-25T06:07:36.066828+00:00,14189799879700,planner_process,315780.0,323760.0,psutil,
b3-soak-20260925T055126Z-3e8873cb,0,946,2026-09-25T06:07:37.096176+00:00,14190829410600,planner_process,319308.0,323760.0,psutil,
b3-soak-20260925T055126Z-3e8873cb,0,947,2026-09-25T06:07:38.106878+00:00,14191840259300,planner_process,315788.0,323760.0,psutil,
b3-soak-20260925T055126Z-3e8873cb,0,948,2026-09-25T06:07:39.115630+00:00,14192849062900,planner_process,315788.0,323760.0,psutil,
b3-soak-20260925T055126Z-3e8873cb,0,949,2026-09-25T06:07:40.161967+00:00,14193895117000,planner_process,319312.0,323760.0,psutil,
b3-soak-20260925T055126Z-3e8873cb,0,950,2026-09-25T06:07:41.188801+00:00,14194921903000,planner_process,319312.0,323760.0,psutil,
b3-soak-20260925T055126Z-3e8873cb,0,951,2026-09-25T06:07:42.199362+00:00,14195932298300,planner_process,319312.0,323760.0,psutil,
b3-soak-20260925T055126Z-3e8873cb,0,952,2026-09-25T06:07:43.243748+00:00,14196976951800,planner_process,319312.0,323760.0,psutil,
b3-soak-20260925T055126Z-3e8873cb,0,953,2026-09-25T06:07:44.258840+00:00,14197992097500,planner_process,315792.0,323760.0,psutil,
b3-soak-20260925T055126Z-3e8873cb,0,954,2026-09-25T06:07:45.272988+00:00,14199006641800,planner_process,319320.0,323760.0,psutil,
b3-soak-20260925T055126Z-3e8873cb,0,955,2026-09-25T06:07:46.274148+00:00,14200007518900,planner_process,315804.0,323760.0,psutil,
b3-soak-20260925T055126Z-3e8873cb,0,956,2026-09-25T06:07:47.286193+00:00,14201018925200,planner_process,319324.0,323760.0,psutil,
b3-soak-20260925T055126Z-3e8873cb,0,957,2026-09-25T06:07:48.300728+00:00,14202033895700,planner_process,319324.0,323760.0,psutil,
b3-soak-20260925T055126Z-3e8873cb,0,958,2026-09-25T06:07:49.316747+00:00,14203049746200,planner_process,319324.0,323760.0,psutil,
b3-soak-20260925T055126Z-3e8873cb,0,959,2026-09-25T06:07:50.329914+00:00,14204063333700,planner_process,319328.0,323760.0,psutil,
b3-soak-20260925T055126Z-3e8873cb,0,960,2026-09-25T06:07:51.351258+00:00,14205084392400,planner_process,319328.0,323760.0,psutil,
b3-soak-20260925T055126Z-3e8873cb,0,961,2026-09-25T06:07:52.376425+00:00,14206109848400,planner_process,315808.0,323760.0,psutil,
b3-soak-20260925T055126Z-3e8873cb,0,962,2026-09-25T06:07:53.404494+00:00,14207137839700,planner_process,319332.0,323760.0,psutil,
b3-soak-20260925T055126Z-3e8873cb,0,963,2026-09-25T06:07:54.414987+00:00,14208147880000,planner_process,319336.0,323760.0,psutil,
b3-soak-20260925T055126Z-3e8873cb,0,964,2026-09-25T06:07:55.428281+00:00,14209161426500,planner_process,319340.0,323760.0,psutil,
b3-soak-20260925T055126Z-3e8873cb,0,965,2026-09-25T06:07:56.442131+00:00,14210175720500,planner_process,319340.0,323760.0,psutil,
b3-soak-20260925T055126Z-3e8873cb,0,966,2026-09-25T06:07:57.455830+00:00,14211188961400,planner_process,319280.0,323760.0,psutil,
b3-soak-20260925T055126Z-3e8873cb,0,967,2026-09-25T06:07:58.463739+00:00,14212196988900,planner_process,319340.0,323760.0,psutil,
b3-soak-20260925T055126Z-3e8873cb,0,968,2026-09-25T06:07:59.494387+00:00,14213227701300,planner_process,319344.0,323760.0,psutil,
b3-soak-20260925T055126Z-3e8873cb,0,969,2026-09-25T06:08:00.503151+00:00,14214236420600,planner_process,315828.0,323760.0,psutil,
b3-soak-20260925T055126Z-3e8873cb,0,970,2026-09-25T06:08:01.518461+00:00,14215251273200,planner_process,315828.0,323760.0,psutil,
b3-soak-20260925T055126Z-3e8873cb,0,971,2026-09-25T06:08:02.531095+00:00,14216263909900,planner_process,319348.0,323760.0,psutil,
b3-soak-20260925T055126Z-3e8873cb,0,972,2026-09-25T06:08:03.545236+00:00,14217278280800,planner_process,319348.0,323760.0,psutil,
b3-soak-20260925T055126Z-3e8873cb,0,973,2026-09-25T06:08:04.560365+00:00,14218293663600,planner_process,319352.0,323760.0,psutil,
b3-soak-20260925T055126Z-3e8873cb,0,974,2026-09-25T06:08:05.574557+00:00,14219307899500,planner_process,315848.0,323760.0,psutil,
b3-soak-20260925T055126Z-3e8873cb,0,975,2026-09-25T06:08:06.588299+00:00,14220321509700,planner_process,315840.0,323760.0,psutil,
b3-soak-20260925T055126Z-3e8873cb,0,976,2026-09-25T06:08:07.604138+00:00,14221337353000,planner_process,319364.0,323760.0,psutil,
b3-soak-20260925T055126Z-3e8873cb,0,977,2026-09-25T06:08:08.616018+00:00,14222348758900,planner_process,319364.0,323760.0,psutil,
b3-soak-20260925T055126Z-3e8873cb,0,978,2026-09-25T06:08:09.631129+00:00,14223364109200,planner_process,315848.0,323760.0,psutil,
b3-soak-20260925T055126Z-3e8873cb,0,979,2026-09-25T06:08:10.657608+00:00,14224391105200,planner_process,319372.0,323760.0,psutil,
b3-soak-20260925T055126Z-3e8873cb,0,980,2026-09-25T06:08:11.682139+00:00,14225415465900,planner_process,319372.0,323760.0,psutil,
b3-soak-20260925T055126Z-3e8873cb,0,981,2026-09-25T06:08:12.691265+00:00,14226424580300,planner_process,319372.0,323760.0,psutil,
b3-soak-20260925T055126Z-3e8873cb,0,982,2026-09-25T06:08:13.705948+00:00,14227438752300,planner_process,315852.0,323760.0,psutil,
b3-soak-20260925T055126Z-3e8873cb,0,983,2026-09-25T06:08:14.719134+00:00,14228452291200,planner_process,319384.0,323760.0,psutil,
b3-soak-20260925T055126Z-3e8873cb,0,984,2026-09-25T06:08:15.733466+00:00,14229466615000,planner_process,319396.0,323760.0,psutil,
b3-soak-20260925T055126Z-3e8873cb,0,985,2026-09-25T06:08:16.749657+00:00,14230482317800,planner_process,319396.0,323760.0,psutil,
b3-soak-20260925T055126Z-3e8873cb,0,986,2026-09-25T06:08:17.754024+00:00,14231486687400,planner_process,315876.0,323760.0,psutil,
b3-soak-20260925T055126Z-3e8873cb,0,987,2026-09-25T06:08:18.789338+00:00,14232522040900,planner_process,319396.0,323760.0,psutil,
b3-soak-20260925T055126Z-3e8873cb,0,988,2026-09-25T06:08:19.837127+00:00,14233570032800,planner_process,319396.0,323760.0,psutil,
b3-soak-20260925T055126Z-3e8873cb,0,989,2026-09-25T06:08:20.860605+00:00,14234594006700,planner_process,315880.0,323760.0,psutil,
b3-soak-20260925T055126Z-3e8873cb,0,990,2026-09-25T06:08:21.865047+00:00,14235598703900,planner_process,319400.0,323760.0,psutil,
b3-soak-20260925T055126Z-3e8873cb,0,991,2026-09-25T06:08:22.877825+00:00,14236611039500,planner_process,319400.0,323760.0,psutil,
b3-soak-20260925T055126Z-3e8873cb,0,992,2026-09-25T06:08:23.892825+00:00,14237625717500,planner_process,315884.0,323760.0,psutil,
b3-soak-20260925T055126Z-3e8873cb,0,993,2026-09-25T06:08:24.925175+00:00,14238658115200,planner_process,315884.0,323760.0,psutil,
b3-soak-20260925T055126Z-3e8873cb,0,994,2026-09-25T06:08:25.927335+00:00,14239660406900,planner_process,319412.0,323760.0,psutil,
b3-soak-20260925T055126Z-3e8873cb,0,995,2026-09-25T06:08:26.942080+00:00,14240675220400,planner_process,319416.0,323760.0,psutil,
b3-soak-20260925T055126Z-3e8873cb,0,996,2026-09-25T06:08:27.990123+00:00,14241723135900,planner_process,319416.0,323760.0,psutil,
b3-soak-20260925T055126Z-3e8873cb,0,997,2026-09-25T06:08:29.001833+00:00,14242734828400,planner_process,319416.0,323760.0,psutil,
b3-soak-20260925T055126Z-3e8873cb,0,998,2026-09-25T06:08:30.025585+00:00,14243758540800,planner_process,319416.0,323760.0,psutil,
b3-soak-20260925T055126Z-3e8873cb,0,999,2026-09-25T06:08:31.041172+00:00,14244774701900,planner_process,319420.0,323760.0,psutil,
b3-soak-20260925T055126Z-3e8873cb,0,1000,2026-09-25T06:08:32.056858+00:00,14245790028300,planner_process,319424.0,323760.0,psutil,
b3-soak-20260925T055126Z-3e8873cb,0,1001,2026-09-25T06:08:33.071549+00:00,14246804987500,planner_process,319424.0,323760.0,psutil,
b3-soak-20260925T055126Z-3e8873cb,0,1002,2026-09-25T06:08:34.076627+00:00,14247810083100,planner_process,315904.0,323760.0,psutil,
b3-soak-20260925T055126Z-3e8873cb,0,1003,2026-09-25T06:08:35.091505+00:00,14248824602800,planner_process,319424.0,323760.0,psutil,
b3-soak-20260925T055126Z-3e8873cb,0,1004,2026-09-25T06:08:36.101445+00:00,14249834301200,planner_process,319428.0,323760.0,psutil,
b3-soak-20260925T055126Z-3e8873cb,0,1005,2026-09-25T06:08:37.122155+00:00,14250855438800,planner_process,319428.0,323760.0,psutil,
b3-soak-20260925T055126Z-3e8873cb,0,1006,2026-09-25T06:08:38.126232+00:00,14251859385900,planner_process,319428.0,323760.0,psutil,
b3-soak-20260925T055126Z-3e8873cb,0,1007,2026-09-25T06:08:39.139986+00:00,14252873406700,planner_process,315908.0,323760.0,psutil,
b3-soak-20260925T055126Z-3e8873cb,0,1008,2026-09-25T06:08:40.144263+00:00,14253877406100,planner_process,319432.0,323760.0,psutil,
b3-soak-20260925T055126Z-3e8873cb,0,1009,2026-09-25T06:08:41.147237+00:00,14254880288200,planner_process,315916.0,323760.0,psutil,
b3-soak-20260925T055126Z-3e8873cb,0,1010,2026-09-25T06:08:42.159898+00:00,14255892728000,planner_process,319440.0,323760.0,psutil,
b3-soak-20260925T055126Z-3e8873cb,0,1011,2026-09-25T06:08:43.212128+00:00,14256945434400,planner_process,319440.0,323760.0,psutil,
b3-soak-20260925T055126Z-3e8873cb,0,1012,2026-09-25T06:08:44.222099+00:00,14257955092200,planner_process,319440.0,323760.0,psutil,
b3-soak-20260925T055126Z-3e8873cb,0,1013,2026-09-25T06:08:45.229927+00:00,14258962941400,planner_process,319440.0,323760.0,psutil,
b3-soak-20260925T055126Z-3e8873cb,0,1014,2026-09-25T06:08:46.245652+00:00,14259978872200,planner_process,319444.0,323760.0,psutil,
b3-soak-20260925T055126Z-3e8873cb,0,1015,2026-09-25T06:08:47.256471+00:00,14260989329500,planner_process,319448.0,323760.0,psutil,
b3-soak-20260925T055126Z-3e8873cb,0,1016,2026-09-25T06:08:48.256989+00:00,14261990076100,planner_process,315932.0,323760.0,psutil,
b3-soak-20260925T055126Z-3e8873cb,0,1017,2026-09-25T06:08:49.257434+00:00,14262990826200,planner_process,319452.0,323760.0,psutil,
b3-soak-20260925T055126Z-3e8873cb,0,1018,2026-09-25T06:08:50.292390+00:00,14264025514700,planner_process,319452.0,323760.0,psutil,
b3-soak-20260925T055126Z-3e8873cb,0,1019,2026-09-25T06:08:51.297571+00:00,14265030944400,planner_process,319456.0,323760.0,psutil,
b3-soak-20260925T055126Z-3e8873cb,0,1020,2026-09-25T06:08:52.301169+00:00,14266034228900,planner_process,319456.0,323760.0,psutil,
b3-soak-20260925T055126Z-3e8873cb,0,1021,2026-09-25T06:08:53.313904+00:00,14267047334500,planner_process,315936.0,323760.0,psutil,
b3-soak-20260925T055126Z-3e8873cb,0,1022,2026-09-25T06:08:54.347811+00:00,14268081329700,planner_process,315936.0,323760.0,psutil,
b3-soak-20260925T055126Z-3e8873cb,0,1023,2026-09-25T06:08:55.380370+00:00,14269113961200,planner_process,315936.0,323760.0,psutil,
b3-soak-20260925T055126Z-3e8873cb,0,1024,2026-09-25T06:08:56.387048+00:00,14270120453800,planner_process,319464.0,323760.0,psutil,
b3-soak-20260925T055126Z-3e8873cb,0,1025,2026-09-25T06:08:57.396878+00:00,14271129874900,planner_process,319464.0,323760.0,psutil,
b3-soak-20260925T055126Z-3e8873cb,0,1026,2026-09-25T06:08:58.410339+00:00,14272143707900,planner_process,319468.0,323760.0,psutil,
b3-soak-20260925T055126Z-3e8873cb,0,1027,2026-09-25T06:08:59.420101+00:00,14273153657000,planner_process,319468.0,323760.0,psutil,
b3-soak-20260925T055126Z-3e8873cb,0,1028,2026-09-25T06:09:00.431160+00:00,14274164075400,planner_process,319468.0,323760.0,psutil,
b3-soak-20260925T055126Z-3e8873cb,0,1029,2026-09-25T06:09:01.444596+00:00,14275177699500,planner_process,315952.0,323760.0,psutil,
b3-soak-20260925T055126Z-3e8873cb,0,1030,2026-09-25T06:09:02.455786+00:00,14276189058000,planner_process,315952.0,323760.0,psutil,
b3-soak-20260925T055126Z-3e8873cb,0,1031,2026-09-25T06:09:03.471729+00:00,14277204486600,planner_process,319472.0,323760.0,psutil,
b3-soak-20260925T055126Z-3e8873cb,0,1032,2026-09-25T06:09:04.482810+00:00,14278215465600,planner_process,319476.0,323760.0,psutil,
b3-soak-20260925T055126Z-3e8873cb,0,1033,2026-09-25T06:09:05.484226+00:00,14279217374900,planner_process,319484.0,323760.0,psutil,
b3-soak-20260925T055126Z-3e8873cb,0,1034,2026-09-25T06:09:06.498630+00:00,14280231308800,planner_process,319488.0,323760.0,psutil,
b3-soak-20260925T055126Z-3e8873cb,0,1035,2026-09-25T06:09:07.512006+00:00,14281245096700,planner_process,319488.0,323760.0,psutil,
b3-soak-20260925T055126Z-3e8873cb,0,1036,2026-09-25T06:09:08.523041+00:00,14282256406900,planner_process,319488.0,323760.0,psutil,
b3-soak-20260925T055126Z-3e8873cb,0,1037,2026-09-25T06:09:09.534015+00:00,14283267485200,planner_process,315968.0,323760.0,psutil,
b3-soak-20260925T055126Z-3e8873cb,0,1038,2026-09-25T06:09:10.551180+00:00,14284284119400,planner_process,315968.0,323760.0,psutil,
b3-soak-20260925T055126Z-3e8873cb,0,1039,2026-09-25T06:09:11.572369+00:00,14285305429100,planner_process,315976.0,323760.0,psutil,
b3-soak-20260925T055126Z-3e8873cb,0,1040,2026-09-25T06:09:12.601768+00:00,14286335138400,planner_process,319560.0,323760.0,psutil,
b3-soak-20260925T055126Z-3e8873cb,0,1041,2026-09-25T06:09:13.609000+00:00,14287341668500,planner_process,316040.0,323760.0,psutil,
b3-soak-20260925T055126Z-3e8873cb,0,1042,2026-09-25T06:09:14.650590+00:00,14288383343300,planner_process,319560.0,323760.0,psutil,
b3-soak-20260925T055126Z-3e8873cb,0,1043,2026-09-25T06:09:15.656941+00:00,14289389708700,planner_process,316044.0,323760.0,psutil,
b3-soak-20260925T055126Z-3e8873cb,0,1044,2026-09-25T06:09:16.699307+00:00,14290432758300,planner_process,319568.0,323760.0,psutil,
b3-soak-20260925T055126Z-3e8873cb,0,1045,2026-09-25T06:09:17.710355+00:00,14291443606600,planner_process,316048.0,323760.0,psutil,
b3-soak-20260925T055126Z-3e8873cb,0,1046,2026-09-25T06:09:18.719999+00:00,14292453011500,planner_process,316048.0,323760.0,psutil,
b3-soak-20260925T055126Z-3e8873cb,0,1047,2026-09-25T06:09:19.723517+00:00,14293456625400,planner_process,319572.0,323760.0,psutil,
b3-soak-20260925T055126Z-3e8873cb,0,1048,2026-09-25T06:09:20.738881+00:00,14294472058000,planner_process,319572.0,323760.0,psutil,
b3-soak-20260925T055126Z-3e8873cb,0,1049,2026-09-25T06:09:21.752073+00:00,14295485573600,planner_process,319576.0,323760.0,psutil,
b3-soak-20260925T055126Z-3e8873cb,0,1050,2026-09-25T06:09:22.764969+00:00,14296498268100,planner_process,316056.0,323760.0,psutil,
b3-soak-20260925T055126Z-3e8873cb,0,1051,2026-09-25T06:09:23.779267+00:00,14297512602800,planner_process,319576.0,323760.0,psutil,
b3-soak-20260925T055126Z-3e8873cb,0,1052,2026-09-25T06:09:24.816519+00:00,14298549659000,planner_process,319576.0,323760.0,psutil,
b3-soak-20260925T055126Z-3e8873cb,0,1053,2026-09-25T06:09:25.821684+00:00,14299554333600,planner_process,319580.0,323760.0,psutil,
b3-soak-20260925T055126Z-3e8873cb,0,1054,2026-09-25T06:09:26.859997+00:00,14300593437500,planner_process,319584.0,323760.0,psutil,
b3-soak-20260925T055126Z-3e8873cb,0,1055,2026-09-25T06:09:27.863345+00:00,14301596868500,planner_process,316068.0,323760.0,psutil,
b3-soak-20260925T055126Z-3e8873cb,0,1056,2026-09-25T06:09:28.912276+00:00,14302645655300,planner_process,316068.0,323760.0,psutil,
b3-soak-20260925T055126Z-3e8873cb,0,1057,2026-09-25T06:09:29.953660+00:00,14303686424900,planner_process,316068.0,323760.0,psutil,
b3-soak-20260925T055126Z-3e8873cb,0,1058,2026-09-25T06:09:30.962722+00:00,14304695825200,planner_process,316068.0,323760.0,psutil,
b3-soak-20260925T055126Z-3e8873cb,0,1059,2026-09-25T06:09:31.975006+00:00,14305707961200,planner_process,319592.0,323760.0,psutil,
b3-soak-20260925T055126Z-3e8873cb,0,1060,2026-09-25T06:09:33.002359+00:00,14306735431800,planner_process,316072.0,323760.0,psutil,
b3-soak-20260925T055126Z-3e8873cb,0,1061,2026-09-25T06:09:34.042793+00:00,14307775478300,planner_process,316076.0,323760.0,psutil,
b3-soak-20260925T055126Z-3e8873cb,0,1062,2026-09-25T06:09:35.047959+00:00,14308781016300,planner_process,316076.0,323760.0,psutil,
b3-soak-20260925T055126Z-3e8873cb,0,1063,2026-09-25T06:09:36.094181+00:00,14309827650600,planner_process,316080.0,323760.0,psutil,
b3-soak-20260925T055126Z-3e8873cb,0,1064,2026-09-25T06:09:37.118777+00:00,14310851880800,planner_process,316084.0,323760.0,psutil,
b3-soak-20260925T055126Z-3e8873cb,0,1065,2026-09-25T06:09:38.119611+00:00,14311852774800,planner_process,316084.0,323760.0,psutil,
b3-soak-20260925T055126Z-3e8873cb,0,1066,2026-09-25T06:09:39.125679+00:00,14312858644400,planner_process,316084.0,323760.0,psutil,
b3-soak-20260925T055126Z-3e8873cb,0,1067,2026-09-25T06:09:40.152318+00:00,14313885044700,planner_process,316084.0,323760.0,psutil,
b3-soak-20260925T055126Z-3e8873cb,0,1068,2026-09-25T06:09:41.167236+00:00,14314900241700,planner_process,316084.0,323760.0,psutil,
b3-soak-20260925T055126Z-3e8873cb,0,1069,2026-09-25T06:09:42.168697+00:00,14315902237900,planner_process,319608.0,323760.0,psutil,
b3-soak-20260925T055126Z-3e8873cb,0,1070,2026-09-25T06:09:43.199934+00:00,14316933181400,planner_process,319612.0,323760.0,psutil,
b3-soak-20260925T055126Z-3e8873cb,0,1071,2026-09-25T06:09:44.243665+00:00,14317976733100,planner_process,316092.0,323760.0,psutil,
b3-soak-20260925T055126Z-3e8873cb,0,1072,2026-09-25T06:09:45.256721+00:00,14318990262200,planner_process,319616.0,323760.0,psutil,
b3-soak-20260925T055126Z-3e8873cb,0,1073,2026-09-25T06:09:46.275451+00:00,14320008088900,planner_process,319616.0,323760.0,psutil,
b3-soak-20260925T055126Z-3e8873cb,0,1074,2026-09-25T06:09:47.326158+00:00,14321058936500,planner_process,316100.0,323760.0,psutil,
b3-soak-20260925T055126Z-3e8873cb,0,1075,2026-09-25T06:09:48.339356+00:00,14322072213700,planner_process,319620.0,323760.0,psutil,
b3-soak-20260925T055126Z-3e8873cb,0,1076,2026-09-25T06:09:49.356143+00:00,14323089621700,planner_process,319624.0,323760.0,psutil,
b3-soak-20260925T055126Z-3e8873cb,0,1077,2026-09-25T06:09:50.373736+00:00,14324107070000,planner_process,316108.0,323760.0,psutil,
b3-soak-20260925T055126Z-3e8873cb,0,1078,2026-09-25T06:09:51.389091+00:00,14325122216800,planner_process,319628.0,323760.0,psutil,
b3-soak-20260925T055126Z-3e8873cb,0,1079,2026-09-25T06:09:52.411138+00:00,14326144592700,planner_process,319632.0,323760.0,psutil,
b3-soak-20260925T055126Z-3e8873cb,0,1080,2026-09-25T06:09:53.444056+00:00,14327176795800,planner_process,319632.0,323760.0,psutil,
b3-soak-20260925T055126Z-3e8873cb,0,1081,2026-09-25T06:09:54.459240+00:00,14328192266500,planner_process,319632.0,323760.0,psutil,
b3-soak-20260925T055126Z-3e8873cb,0,1082,2026-09-25T06:09:55.507007+00:00,14329239985000,planner_process,319632.0,323760.0,psutil,
b3-soak-20260925T055126Z-3e8873cb,0,1083,2026-09-25T06:09:56.520226+00:00,14330253110600,planner_process,319632.0,323760.0,psutil,
b3-soak-20260925T055126Z-3e8873cb,0,1084,2026-09-25T06:09:57.544576+00:00,14331277470800,planner_process,316116.0,323760.0,psutil,
b3-soak-20260925T055126Z-3e8873cb,0,1085,2026-09-25T06:09:58.566850+00:00,14332299791300,planner_process,319640.0,323760.0,psutil,
b3-soak-20260925T055126Z-3e8873cb,0,1086,2026-09-25T06:09:59.580199+00:00,14333313175800,planner_process,316120.0,323760.0,psutil,
b3-soak-20260925T055126Z-3e8873cb,0,1087,2026-09-25T06:10:00.590890+00:00,14334324293200,planner_process,316120.0,323760.0,psutil,
b3-soak-20260925T055126Z-3e8873cb,0,1088,2026-09-25T06:10:01.608511+00:00,14335341577600,planner_process,319640.0,323760.0,psutil,
b3-soak-20260925T055126Z-3e8873cb,0,1089,2026-09-25T06:10:02.623185+00:00,14336355901200,planner_process,319644.0,323760.0,psutil,
b3-soak-20260925T055126Z-3e8873cb,0,1090,2026-09-25T06:10:03.634199+00:00,14337367522000,planner_process,319648.0,323760.0,psutil,
b3-soak-20260925T055126Z-3e8873cb,0,1091,2026-09-25T06:10:04.649004+00:00,14338382145600,planner_process,316128.0,323760.0,psutil,
b3-soak-20260925T055126Z-3e8873cb,0,1092,2026-09-25T06:10:05.662771+00:00,14339395631300,planner_process,319648.0,323760.0,psutil,
b3-soak-20260925T055126Z-3e8873cb,0,1093,2026-09-25T06:10:06.694193+00:00,14340427353400,planner_process,319656.0,323760.0,psutil,
b3-soak-20260925T055126Z-3e8873cb,0,1094,2026-09-25T06:10:07.735049+00:00,14341468631100,planner_process,319664.0,323760.0,psutil,
b3-soak-20260925T055126Z-3e8873cb,0,1095,2026-09-25T06:10:08.738397+00:00,14342471425100,planner_process,319664.0,323760.0,psutil,
b3-soak-20260925T055126Z-3e8873cb,0,1096,2026-09-25T06:10:09.772482+00:00,14343505958200,planner_process,319664.0,323760.0,psutil,
b3-soak-20260925T055126Z-3e8873cb,0,1097,2026-09-25T06:10:10.795476+00:00,14344528873400,planner_process,319664.0,323760.0,psutil,
b3-soak-20260925T055126Z-3e8873cb,0,1098,2026-09-25T06:10:11.837695+00:00,14345570503500,planner_process,319664.0,323760.0,psutil,
b3-soak-20260925T055126Z-3e8873cb,0,1099,2026-09-25T06:10:12.880261+00:00,14346612935800,planner_process,319668.0,323760.0,psutil,
b3-soak-20260925T055126Z-3e8873cb,0,1100,2026-09-25T06:10:13.884960+00:00,14347617655200,planner_process,319668.0,323760.0,psutil,
b3-soak-20260925T055126Z-3e8873cb,0,1101,2026-09-25T06:10:14.903467+00:00,14348636218700,planner_process,319700.0,323760.0,psutil,
b3-soak-20260925T055126Z-3e8873cb,0,1102,2026-09-25T06:10:15.910182+00:00,14349643128600,planner_process,316180.0,323760.0,psutil,
b3-soak-20260925T055126Z-3e8873cb,0,1103,2026-09-25T06:10:16.919881+00:00,14350652782400,planner_process,316180.0,323760.0,psutil,
b3-soak-20260925T055126Z-3e8873cb,0,1104,2026-09-25T06:10:17.942762+00:00,14351675533600,planner_process,319704.0,323760.0,psutil,
b3-soak-20260925T055126Z-3e8873cb,0,1105,2026-09-25T06:10:18.944493+00:00,14352677418300,planner_process,319704.0,323760.0,psutil,
b3-soak-20260925T055126Z-3e8873cb,0,1106,2026-09-25T06:10:19.974057+00:00,14353706693900,planner_process,319704.0,323760.0,psutil,
b3-soak-20260925T055126Z-3e8873cb,0,1107,2026-09-25T06:10:20.989665+00:00,14354723180300,planner_process,319704.0,323760.0,psutil,
b3-soak-20260925T055126Z-3e8873cb,0,1108,2026-09-25T06:10:22.007827+00:00,14355741279100,planner_process,319708.0,323760.0,psutil,
b3-soak-20260925T055126Z-3e8873cb,0,1109,2026-09-25T06:10:23.008556+00:00,14356741767300,planner_process,316192.0,323760.0,psutil,
b3-soak-20260925T055126Z-3e8873cb,0,1110,2026-09-25T06:10:24.045211+00:00,14357778292300,planner_process,319712.0,323760.0,psutil,
b3-soak-20260925T055126Z-3e8873cb,0,1111,2026-09-25T06:10:25.056049+00:00,14358789577100,planner_process,316200.0,323760.0,psutil,
b3-soak-20260925T055126Z-3e8873cb,0,1112,2026-09-25T06:10:26.065459+00:00,14359798716700,planner_process,319720.0,323760.0,psutil,
b3-soak-20260925T055126Z-3e8873cb,0,1113,2026-09-25T06:10:27.068842+00:00,14360801549000,planner_process,319720.0,323760.0,psutil,
b3-soak-20260925T055126Z-3e8873cb,0,1114,2026-09-25T06:10:28.086994+00:00,14361820387200,planner_process,319724.0,323760.0,psutil,
b3-soak-20260925T055126Z-3e8873cb,0,1115,2026-09-25T06:10:29.097938+00:00,14362830809300,planner_process,316204.0,323760.0,psutil,
b3-soak-20260925T055126Z-3e8873cb,0,1116,2026-09-25T06:10:30.113021+00:00,14363845664100,planner_process,319732.0,323760.0,psutil,
b3-soak-20260925T055126Z-3e8873cb,0,1117,2026-09-25T06:10:31.127868+00:00,14364860935400,planner_process,319732.0,323760.0,psutil,
b3-soak-20260925T055126Z-3e8873cb,0,1118,2026-09-25T06:10:32.167759+00:00,14365901085200,planner_process,319732.0,323760.0,psutil,
b3-soak-20260925T055126Z-3e8873cb,0,1119,2026-09-25T06:10:33.214477+00:00,14366947125000,planner_process,316216.0,323760.0,psutil,
b3-soak-20260925T055126Z-3e8873cb,0,1120,2026-09-25T06:10:34.229850+00:00,14367962698500,planner_process,319736.0,323760.0,psutil,
b3-soak-20260925T055126Z-3e8873cb,0,1121,2026-09-25T06:10:35.272266+00:00,14369005766500,planner_process,316216.0,323760.0,psutil,
b3-soak-20260925T055126Z-3e8873cb,0,1122,2026-09-25T06:10:36.303262+00:00,14370036571900,planner_process,319736.0,323760.0,psutil,
b3-soak-20260925T055126Z-3e8873cb,0,1123,2026-09-25T06:10:37.314696+00:00,14371049396900,planner_process,316216.0,323760.0,psutil,
b3-soak-20260925T055126Z-3e8873cb,0,1124,2026-09-25T06:10:38.347281+00:00,14372080085900,planner_process,316224.0,323760.0,psutil,
b3-soak-20260925T055126Z-3e8873cb,0,1125,2026-09-25T06:10:39.355565+00:00,14373088804600,planner_process,316224.0,323760.0,psutil,
b3-soak-20260925T055126Z-3e8873cb,0,1126,2026-09-25T06:10:40.355936+00:00,14374089162100,planner_process,316224.0,323760.0,psutil,
b3-soak-20260925T055126Z-3e8873cb,0,1127,2026-09-25T06:10:41.370431+00:00,14375103809700,planner_process,319744.0,323760.0,psutil,
b3-soak-20260925T055126Z-3e8873cb,0,1128,2026-09-25T06:10:42.403207+00:00,14376136513400,planner_process,319748.0,323760.0,psutil,
b3-soak-20260925T055126Z-3e8873cb,0,1129,2026-09-25T06:10:43.411248+00:00,14377144622100,planner_process,319752.0,323760.0,psutil,
b3-soak-20260925T055126Z-3e8873cb,0,1130,2026-09-25T06:10:44.429802+00:00,14378162755400,planner_process,319772.0,323760.0,psutil,
b3-soak-20260925T055126Z-3e8873cb,0,1131,2026-09-25T06:10:45.436514+00:00,14379169724600,planner_process,319776.0,323760.0,psutil,
b3-soak-20260925T055126Z-3e8873cb,0,1132,2026-09-25T06:10:46.444980+00:00,14380178441600,planner_process,319776.0,323760.0,psutil,
b3-soak-20260925T055126Z-3e8873cb,0,1133,2026-09-25T06:10:47.455255+00:00,14381188236000,planner_process,319776.0,323760.0,psutil,
b3-soak-20260925T055126Z-3e8873cb,0,1134,2026-09-25T06:10:48.463935+00:00,14382196814800,planner_process,319780.0,323760.0,psutil,
b3-soak-20260925T055126Z-3e8873cb,0,1135,2026-09-25T06:10:49.475213+00:00,14383208301200,planner_process,319780.0,323760.0,psutil,
b3-soak-20260925T055126Z-3e8873cb,0,1136,2026-09-25T06:10:50.490371+00:00,14384223875100,planner_process,319780.0,323760.0,psutil,
b3-soak-20260925T055126Z-3e8873cb,0,1137,2026-09-25T06:10:51.506244+00:00,14385239162600,planner_process,316260.0,323760.0,psutil,
b3-soak-20260925T055126Z-3e8873cb,0,1138,2026-09-25T06:10:52.516549+00:00,14386249543400,planner_process,319784.0,323760.0,psutil,
b3-soak-20260925T055126Z-3e8873cb,0,1139,2026-09-25T06:10:53.554200+00:00,14387286890300,planner_process,319788.0,323760.0,psutil,
b3-soak-20260925T055126Z-3e8873cb,0,1140,2026-09-25T06:10:54.580497+00:00,14388313759200,planner_process,316268.0,323760.0,psutil,
b3-soak-20260925T055126Z-3e8873cb,0,1141,2026-09-25T06:10:55.586937+00:00,14389319787000,planner_process,319788.0,323760.0,psutil,
b3-soak-20260925T055126Z-3e8873cb,0,1142,2026-09-25T06:10:56.601597+00:00,14390334670900,planner_process,316268.0,323760.0,psutil,
b3-soak-20260925T055126Z-3e8873cb,0,1143,2026-09-25T06:10:57.648284+00:00,14391381182100,planner_process,319788.0,323760.0,psutil,
b3-soak-20260925T055126Z-3e8873cb,0,1144,2026-09-25T06:10:58.660629+00:00,14392394234600,planner_process,319792.0,323760.0,psutil,
b3-soak-20260925T055126Z-3e8873cb,0,1145,2026-09-25T06:10:59.675588+00:00,14393408327800,planner_process,316272.0,323760.0,psutil,
b3-soak-20260925T055126Z-3e8873cb,0,1146,2026-09-25T06:11:00.707287+00:00,14394440092300,planner_process,316280.0,323760.0,psutil,
b3-soak-20260925T055126Z-3e8873cb,0,1147,2026-09-25T06:11:01.716634+00:00,14395449780300,planner_process,316280.0,323760.0,psutil,
b3-soak-20260925T055126Z-3e8873cb,0,1148,2026-09-25T06:11:02.716970+00:00,14396450115000,planner_process,319800.0,323760.0,psutil,
b3-soak-20260925T055126Z-3e8873cb,0,1149,2026-09-25T06:11:03.732340+00:00,14397465275500,planner_process,319804.0,323760.0,psutil,
b3-soak-20260925T055126Z-3e8873cb,0,1150,2026-09-25T06:11:04.763009+00:00,14398495891700,planner_process,319808.0,323760.0,psutil,
b3-soak-20260925T055126Z-3e8873cb,0,1151,2026-09-25T06:11:05.773987+00:00,14399507345700,planner_process,319808.0,323760.0,psutil,
b3-soak-20260925T055126Z-3e8873cb,0,1152,2026-09-25T06:11:06.807054+00:00,14400540565300,planner_process,319808.0,323760.0,psutil,
b3-soak-20260925T055126Z-3e8873cb,0,1153,2026-09-25T06:11:07.848653+00:00,14401581393700,planner_process,319808.0,323760.0,psutil,
b3-soak-20260925T055126Z-3e8873cb,0,1154,2026-09-25T06:11:08.858585+00:00,14402591833700,planner_process,319816.0,323760.0,psutil,
b3-soak-20260925T055126Z-3e8873cb,0,1155,2026-09-25T06:11:09.870801+00:00,14403603678300,planner_process,316296.0,323760.0,psutil,
b3-soak-20260925T055126Z-3e8873cb,0,1156,2026-09-25T06:11:10.901344+00:00,14404634674300,planner_process,319816.0,323760.0,psutil,
b3-soak-20260925T055126Z-3e8873cb,0,1157,2026-09-25T06:11:11.902514+00:00,14405635777300,planner_process,319816.0,323760.0,psutil,
b3-soak-20260925T055126Z-3e8873cb,0,1158,2026-09-25T06:11:12.917499+00:00,14406650813900,planner_process,319816.0,323760.0,psutil,
b3-soak-20260925T055126Z-3e8873cb,0,1159,2026-09-25T06:11:13.932341+00:00,14407665073100,planner_process,319820.0,323760.0,psutil,
b3-soak-20260925T055126Z-3e8873cb,0,1160,2026-09-25T06:11:14.967692+00:00,14408700479300,planner_process,316300.0,323760.0,psutil,
b3-soak-20260925T055126Z-3e8873cb,0,1161,2026-09-25T06:11:15.984156+00:00,14409717065000,planner_process,319824.0,323760.0,psutil,
b3-soak-20260925T055126Z-3e8873cb,0,1162,2026-09-25T06:11:16.996593+00:00,14410729504700,planner_process,319828.0,323760.0,psutil,
b3-soak-20260925T055126Z-3e8873cb,0,1163,2026-09-25T06:11:18.008898+00:00,14411742265400,planner_process,316312.0,323760.0,psutil,
b3-soak-20260925T055126Z-3e8873cb,0,1164,2026-09-25T06:11:19.021930+00:00,14412754758200,planner_process,316316.0,323760.0,psutil,
b3-soak-20260925T055126Z-3e8873cb,0,1165,2026-09-25T06:11:20.035872+00:00,14413768795600,planner_process,316316.0,323760.0,psutil,
b3-soak-20260925T055126Z-3e8873cb,0,1166,2026-09-25T06:11:21.047668+00:00,14414780766200,planner_process,319836.0,323760.0,psutil,
b3-soak-20260925T055126Z-3e8873cb,0,1167,2026-09-25T06:11:22.062729+00:00,14415796166700,planner_process,319840.0,323760.0,psutil,
b3-soak-20260925T055126Z-3e8873cb,0,1168,2026-09-25T06:11:23.074265+00:00,14416807283900,planner_process,316320.0,323760.0,psutil,
b3-soak-20260925T055126Z-3e8873cb,0,1169,2026-09-25T06:11:24.091098+00:00,14417824140200,planner_process,319844.0,323760.0,psutil,
b3-soak-20260925T055126Z-3e8873cb,0,1170,2026-09-25T06:11:25.126548+00:00,14418859448100,planner_process,319844.0,323760.0,psutil,
b3-soak-20260925T055126Z-3e8873cb,0,1171,2026-09-25T06:11:26.132546+00:00,14419865721300,planner_process,319848.0,323760.0,psutil,
b3-soak-20260925T055126Z-3e8873cb,0,1172,2026-09-25T06:11:27.159592+00:00,14420892725500,planner_process,316328.0,323760.0,psutil,
b3-soak-20260925T055126Z-3e8873cb,0,1173,2026-09-25T06:11:28.178839+00:00,14421911724300,planner_process,319848.0,323760.0,psutil,
b3-soak-20260925T055126Z-3e8873cb,0,1174,2026-09-25T06:11:29.210816+00:00,14422943591500,planner_process,319852.0,323760.0,psutil,
b3-soak-20260925T055126Z-3e8873cb,0,1175,2026-09-25T06:11:30.215328+00:00,14423948637800,planner_process,319856.0,323760.0,psutil,
b3-soak-20260925T055126Z-3e8873cb,0,1176,2026-09-25T06:11:31.227876+00:00,14424961158400,planner_process,319856.0,323760.0,psutil,
b3-soak-20260925T055126Z-3e8873cb,0,1177,2026-09-25T06:11:32.228942+00:00,14425961931400,planner_process,319856.0,323760.0,psutil,
b3-soak-20260925T055126Z-3e8873cb,0,1178,2026-09-25T06:11:33.237950+00:00,14426970662300,planner_process,319856.0,323760.0,psutil,
b3-soak-20260925T055126Z-3e8873cb,0,1179,2026-09-25T06:11:34.253467+00:00,14427987094300,planner_process,319860.0,323760.0,psutil,
b3-soak-20260925T055126Z-3e8873cb,0,1180,2026-09-25T06:11:35.268374+00:00,14429001338700,planner_process,316344.0,323760.0,psutil,
b3-soak-20260925T055126Z-3e8873cb,0,1181,2026-09-25T06:11:36.283189+00:00,14430016366800,planner_process,316344.0,323760.0,psutil,
b3-soak-20260925T055126Z-3e8873cb,0,1182,2026-09-25T06:11:37.294882+00:00,14431028285000,planner_process,319868.0,323760.0,psutil,
b3-soak-20260925T055126Z-3e8873cb,0,1183,2026-09-25T06:11:38.311358+00:00,14432044113900,planner_process,319868.0,323760.0,psutil,
b3-soak-20260925T055126Z-3e8873cb,0,1184,2026-09-25T06:11:39.319914+00:00,14433053328400,planner_process,319872.0,323760.0,psutil,
b3-soak-20260925T055126Z-3e8873cb,0,1185,2026-09-25T06:11:40.323584+00:00,14434056585300,planner_process,319872.0,323760.0,psutil,
b3-soak-20260925T055126Z-3e8873cb,0,1186,2026-09-25T06:11:41.338779+00:00,14435071692100,planner_process,319872.0,323760.0,psutil,
b3-soak-20260925T055126Z-3e8873cb,0,1187,2026-09-25T06:11:42.352720+00:00,14436085643100,planner_process,319872.0,323760.0,psutil,
b3-soak-20260925T055126Z-3e8873cb,0,1188,2026-09-25T06:11:43.366022+00:00,14437099022900,planner_process,319872.0,323760.0,psutil,
b3-soak-20260925T055126Z-3e8873cb,0,1189,2026-09-25T06:11:44.379595+00:00,14438112444800,planner_process,319880.0,323760.0,psutil,
b3-soak-20260925T055126Z-3e8873cb,0,1190,2026-09-25T06:11:45.414806+00:00,14439148019900,planner_process,319884.0,323760.0,psutil,
b3-soak-20260925T055126Z-3e8873cb,0,1191,2026-09-25T06:11:46.424419+00:00,14440157893800,planner_process,319884.0,323760.0,psutil,
b3-soak-20260925T055126Z-3e8873cb,0,1192,2026-09-25T06:11:47.441726+00:00,14441174621200,planner_process,319884.0,323760.0,psutil,
b3-soak-20260925T055126Z-3e8873cb,0,1193,2026-09-25T06:11:48.442851+00:00,14442176245100,planner_process,319884.0,323760.0,psutil,
b3-soak-20260925T055126Z-3e8873cb,0,1194,2026-09-25T06:11:49.457499+00:00,14443190513400,planner_process,316368.0,323760.0,psutil,
b3-soak-20260925T055126Z-3e8873cb,0,1195,2026-09-25T06:11:50.464052+00:00,14444197046900,planner_process,316368.0,323760.0,psutil,
b3-soak-20260925T055126Z-3e8873cb,0,1196,2026-09-25T06:11:51.465767+00:00,14445198967000,planner_process,319892.0,323760.0,psutil,
b3-soak-20260925T055126Z-3e8873cb,0,1197,2026-09-25T06:11:52.480831+00:00,14446214226400,planner_process,319896.0,323760.0,psutil,
b3-soak-20260925T055126Z-3e8873cb,0,1198,2026-09-25T06:11:53.495149+00:00,14447228190700,planner_process,316376.0,323760.0,psutil,
b3-soak-20260925T055126Z-3e8873cb,0,1199,2026-09-25T06:11:54.516257+00:00,14448249652300,planner_process,319900.0,323760.0,psutil,
b3-soak-20260925T055126Z-3e8873cb,0,1200,2026-09-25T06:11:55.539739+00:00,14449272705800,planner_process,319900.0,323760.0,psutil,
b3-soak-20260925T055126Z-3e8873cb,0,1201,2026-09-25T06:11:56.546018+00:00,14450279542000,planner_process,316380.0,323760.0,psutil,
b3-soak-20260925T055126Z-3e8873cb,0,1202,2026-09-25T06:11:57.548147+00:00,14451281475600,planner_process,319900.0,323760.0,psutil,
b3-soak-20260925T055126Z-3e8873cb,0,1203,2026-09-25T06:11:58.563089+00:00,14452295870700,planner_process,316380.0,323760.0,psutil,
b3-soak-20260925T055126Z-3e8873cb,0,1204,2026-09-25T06:11:59.576458+00:00,14453310000400,planner_process,319908.0,323760.0,psutil,
b3-soak-20260925T055126Z-3e8873cb,0,1205,2026-09-25T06:12:00.598360+00:00,14454331311500,planner_process,316388.0,323760.0,psutil,
b3-soak-20260925T055126Z-3e8873cb,0,1206,2026-09-25T06:12:01.607239+00:00,14455340076000,planner_process,316388.0,323760.0,psutil,
b3-soak-20260925T055126Z-3e8873cb,0,1207,2026-09-25T06:12:02.621024+00:00,14456354127000,planner_process,319908.0,323760.0,psutil,
b3-soak-20260925T055126Z-3e8873cb,0,1208,2026-09-25T06:12:03.660814+00:00,14457394237600,planner_process,316388.0,323760.0,psutil,
b3-soak-20260925T055126Z-3e8873cb,0,1209,2026-09-25T06:12:04.664739+00:00,14458397633600,planner_process,319920.0,323760.0,psutil,
b3-soak-20260925T055126Z-3e8873cb,0,1210,2026-09-25T06:12:05.711519+00:00,14459444773100,planner_process,319920.0,323760.0,psutil,
b3-soak-20260925T055126Z-3e8873cb,0,1211,2026-09-25T06:12:06.733189+00:00,14460465968300,planner_process,319984.0,323760.0,psutil,
b3-soak-20260925T055126Z-3e8873cb,0,1212,2026-09-25T06:12:07.760174+00:00,14461493650600,planner_process,319988.0,323760.0,psutil,
b3-soak-20260925T055126Z-3e8873cb,0,1213,2026-09-25T06:12:08.773111+00:00,14462506112600,planner_process,319988.0,323760.0,psutil,
b3-soak-20260925T055126Z-3e8873cb,0,1214,2026-09-25T06:12:09.818559+00:00,14463551719700,planner_process,319992.0,323760.0,psutil,
b3-soak-20260925T055126Z-3e8873cb,0,1215,2026-09-25T06:12:10.829236+00:00,14464562337300,planner_process,319992.0,323760.0,psutil,
b3-soak-20260925T055126Z-3e8873cb,0,1216,2026-09-25T06:12:11.841808+00:00,14465575247700,planner_process,316472.0,323760.0,psutil,
b3-soak-20260925T055126Z-3e8873cb,0,1217,2026-09-25T06:12:12.869785+00:00,14466602593100,planner_process,316472.0,323760.0,psutil,
b3-soak-20260925T055126Z-3e8873cb,0,1218,2026-09-25T06:12:13.882477+00:00,14467615361300,planner_process,319992.0,323760.0,psutil,
b3-soak-20260925T055126Z-3e8873cb,0,1219,2026-09-25T06:12:14.913384+00:00,14468646156400,planner_process,320004.0,323760.0,psutil,
b3-soak-20260925T055126Z-3e8873cb,0,1220,2026-09-25T06:12:15.941495+00:00,14469674619500,planner_process,320004.0,323760.0,psutil,
b3-soak-20260925T055126Z-3e8873cb,0,1221,2026-09-25T06:12:16.953891+00:00,14470686848400,planner_process,320004.0,323760.0,psutil,
b3-soak-20260925T055126Z-3e8873cb,0,1222,2026-09-25T06:12:17.987249+00:00,14471720140800,planner_process,320004.0,323760.0,psutil,
b3-soak-20260925T055126Z-3e8873cb,0,1223,2026-09-25T06:12:19.000366+00:00,14472733458700,planner_process,316484.0,323760.0,psutil,
b3-soak-20260925T055126Z-3e8873cb,0,1224,2026-09-25T06:12:20.012707+00:00,14473745628000,planner_process,316488.0,323760.0,psutil,
b3-soak-20260925T055126Z-3e8873cb,0,1225,2026-09-25T06:12:21.029754+00:00,14474762851200,planner_process,316488.0,323760.0,psutil,
b3-soak-20260925T055126Z-3e8873cb,0,1226,2026-09-25T06:12:22.039469+00:00,14475772378800,planner_process,316488.0,323760.0,psutil,
b3-soak-20260925T055126Z-3e8873cb,0,1227,2026-09-25T06:12:23.051842+00:00,14476784763200,planner_process,316492.0,323760.0,psutil,
b3-soak-20260925T055126Z-3e8873cb,0,1228,2026-09-25T06:12:24.054417+00:00,14477787528400,planner_process,320016.0,323760.0,psutil,
b3-soak-20260925T055126Z-3e8873cb,0,1229,2026-09-25T06:12:25.069129+00:00,14478801817700,planner_process,320024.0,323760.0,psutil,
b3-soak-20260925T055126Z-3e8873cb,0,1230,2026-09-25T06:12:26.082673+00:00,14479815652500,planner_process,316504.0,323760.0,psutil,
b3-soak-20260925T055126Z-3e8873cb,0,1231,2026-09-25T06:12:27.096955+00:00,14480830122200,planner_process,320024.0,323760.0,psutil,
b3-soak-20260925T055126Z-3e8873cb,0,1232,2026-09-25T06:12:28.100382+00:00,14481833979600,planner_process,320024.0,323760.0,psutil,
b3-soak-20260925T055126Z-3e8873cb,0,1233,2026-09-25T06:12:29.115432+00:00,14482848397400,planner_process,316504.0,323760.0,psutil,
b3-soak-20260925T055126Z-3e8873cb,0,1234,2026-09-25T06:12:30.127365+00:00,14483860362800,planner_process,320028.0,323760.0,psutil,
b3-soak-20260925T055126Z-3e8873cb,0,1235,2026-09-25T06:12:31.156869+00:00,14484890190700,planner_process,320032.0,323760.0,psutil,
b3-soak-20260925T055126Z-3e8873cb,0,1236,2026-09-25T06:12:32.174504+00:00,14485907274600,planner_process,320032.0,323760.0,psutil,
b3-soak-20260925T055126Z-3e8873cb,0,1237,2026-09-25T06:12:33.179803+00:00,14486913434800,planner_process,316516.0,323760.0,psutil,
b3-soak-20260925T055126Z-3e8873cb,0,1238,2026-09-25T06:12:34.191816+00:00,14487925223900,planner_process,316516.0,323760.0,psutil,
b3-soak-20260925T055126Z-3e8873cb,0,1239,2026-09-25T06:12:35.213708+00:00,14488946631300,planner_process,316520.0,323760.0,psutil,
b3-soak-20260925T055126Z-3e8873cb,0,1240,2026-09-25T06:12:36.250088+00:00,14489983027500,planner_process,316520.0,323760.0,psutil,
b3-soak-20260925T055126Z-3e8873cb,0,1241,2026-09-25T06:12:37.289424+00:00,14491022515900,planner_process,316520.0,323760.0,psutil,
b3-soak-20260925T055126Z-3e8873cb,0,1242,2026-09-25T06:12:38.302013+00:00,14492035403400,planner_process,320040.0,323760.0,psutil,
b3-soak-20260925T055126Z-3e8873cb,0,1243,2026-09-25T06:12:39.315933+00:00,14493048801500,planner_process,320044.0,323760.0,psutil,
b3-soak-20260925T055126Z-3e8873cb,0,1244,2026-09-25T06:12:40.331659+00:00,14494064646500,planner_process,316528.0,323760.0,psutil,
b3-soak-20260925T055126Z-3e8873cb,0,1245,2026-09-25T06:12:41.343295+00:00,14495076596900,planner_process,320052.0,323760.0,psutil,
b3-soak-20260925T055126Z-3e8873cb,0,1246,2026-09-25T06:12:42.356212+00:00,14496089634000,planner_process,320052.0,323760.0,psutil,
b3-soak-20260925T055126Z-3e8873cb,0,1247,2026-09-25T06:12:43.366063+00:00,14497099026900,planner_process,316532.0,323760.0,psutil,
b3-soak-20260925T055126Z-3e8873cb,0,1248,2026-09-25T06:12:44.380682+00:00,14498114254200,planner_process,320052.0,323760.0,psutil,
b3-soak-20260925T055126Z-3e8873cb,0,1249,2026-09-25T06:12:45.415081+00:00,14499148086700,planner_process,316540.0,323760.0,psutil,
b3-soak-20260925T055126Z-3e8873cb,0,1250,2026-09-25T06:12:46.419314+00:00,14500152320700,planner_process,320064.0,323760.0,psutil,
b3-soak-20260925T055126Z-3e8873cb,0,1251,2026-09-25T06:12:47.419524+00:00,14501152998300,planner_process,316544.0,323760.0,psutil,
b3-soak-20260925T055126Z-3e8873cb,0,1252,2026-09-25T06:12:48.432994+00:00,14502165985200,planner_process,316544.0,323760.0,psutil,
b3-soak-20260925T055126Z-3e8873cb,0,1253,2026-09-25T06:12:49.465348+00:00,14503198627200,planner_process,320064.0,323760.0,psutil,
b3-soak-20260925T055126Z-3e8873cb,0,1254,2026-09-25T06:12:50.514407+00:00,14504247854200,planner_process,320068.0,323760.0,psutil,
b3-soak-20260925T055126Z-3e8873cb,0,1255,2026-09-25T06:12:51.522010+00:00,14505255563300,planner_process,320068.0,323760.0,psutil,
b3-soak-20260925T055126Z-3e8873cb,0,1256,2026-09-25T06:12:52.542397+00:00,14506275765100,planner_process,316552.0,323760.0,psutil,
b3-soak-20260925T055126Z-3e8873cb,0,1257,2026-09-25T06:12:53.557833+00:00,14507290995800,planner_process,316556.0,323760.0,psutil,
b3-soak-20260925T055126Z-3e8873cb,0,1258,2026-09-25T06:12:54.583890+00:00,14508317031400,planner_process,320076.0,323760.0,psutil,
b3-soak-20260925T055126Z-3e8873cb,0,1259,2026-09-25T06:12:55.597804+00:00,14509330492000,planner_process,316560.0,323760.0,psutil,
b3-soak-20260925T055126Z-3e8873cb,0,1260,2026-09-25T06:12:56.630277+00:00,14510363253000,planner_process,316560.0,323760.0,psutil,
b3-soak-20260925T055126Z-3e8873cb,0,1261,2026-09-25T06:12:57.641405+00:00,14511374576300,planner_process,316560.0,323760.0,psutil,
b3-soak-20260925T055126Z-3e8873cb,0,1262,2026-09-25T06:12:58.663668+00:00,14512396957700,planner_process,320080.0,323760.0,psutil,
b3-soak-20260925T055126Z-3e8873cb,0,1263,2026-09-25T06:12:59.669767+00:00,14513402982300,planner_process,320080.0,323760.0,psutil,
b3-soak-20260925T055126Z-3e8873cb,0,1264,2026-09-25T06:13:00.672004+00:00,14514405042100,planner_process,320088.0,323760.0,psutil,
b3-soak-20260925T055126Z-3e8873cb,0,1265,2026-09-25T06:13:01.683621+00:00,14515417118000,planner_process,316568.0,323760.0,psutil,
b3-soak-20260925T055126Z-3e8873cb,0,1266,2026-09-25T06:13:02.700543+00:00,14516433770200,planner_process,316568.0,323760.0,psutil,
b3-soak-20260925T055126Z-3e8873cb,0,1267,2026-09-25T06:13:03.716067+00:00,14517449143600,planner_process,320092.0,323760.0,psutil,
b3-soak-20260925T055126Z-3e8873cb,0,1268,2026-09-25T06:13:04.735731+00:00,14518468589500,planner_process,320092.0,323760.0,psutil,
b3-soak-20260925T055126Z-3e8873cb,0,1269,2026-09-25T06:13:05.779849+00:00,14519512541900,planner_process,320096.0,323760.0,psutil,
b3-soak-20260925T055126Z-3e8873cb,0,1270,2026-09-25T06:13:06.797599+00:00,14520530927400,planner_process,320096.0,323760.0,psutil,
b3-soak-20260925T055126Z-3e8873cb,0,1271,2026-09-25T06:13:07.804436+00:00,14521538174600,planner_process,320096.0,323760.0,psutil,
b3-soak-20260925T055126Z-3e8873cb,0,1272,2026-09-25T06:13:08.817441+00:00,14522550674300,planner_process,316584.0,323760.0,psutil,
b3-soak-20260925T055126Z-3e8873cb,0,1273,2026-09-25T06:13:09.838732+00:00,14523572910100,planner_process,316584.0,323760.0,psutil,
b3-soak-20260925T055126Z-3e8873cb,0,1274,2026-09-25T06:13:10.843510+00:00,14524576867400,planner_process,320108.0,323760.0,psutil,
b3-soak-20260925T055126Z-3e8873cb,0,1275,2026-09-25T06:13:11.859589+00:00,14525593111100,planner_process,320108.0,323760.0,psutil,
b3-soak-20260925T055126Z-3e8873cb,0,1276,2026-09-25T06:13:12.886730+00:00,14526619976000,planner_process,320108.0,323760.0,psutil,
b3-soak-20260925T055126Z-3e8873cb,0,1277,2026-09-25T06:13:13.931681+00:00,14527665168100,planner_process,320108.0,323760.0,psutil,
b3-soak-20260925T055126Z-3e8873cb,0,1278,2026-09-25T06:13:14.943338+00:00,14528676474000,planner_process,320108.0,323760.0,psutil,
b3-soak-20260925T055126Z-3e8873cb,0,1279,2026-09-25T06:13:15.965339+00:00,14529698017300,planner_process,320112.0,323760.0,psutil,
b3-soak-20260925T055126Z-3e8873cb,0,1280,2026-09-25T06:13:16.975389+00:00,14530708316800,planner_process,320116.0,323760.0,psutil,
b3-soak-20260925T055126Z-3e8873cb,0,1281,2026-09-25T06:13:18.016655+00:00,14531749612000,planner_process,316596.0,323760.0,psutil,
b3-soak-20260925T055126Z-3e8873cb,0,1282,2026-09-25T06:13:19.028812+00:00,14532762074400,planner_process,316596.0,323760.0,psutil,
b3-soak-20260925T055126Z-3e8873cb,0,1283,2026-09-25T06:13:20.030543+00:00,14533763958200,planner_process,320116.0,323760.0,psutil,
b3-soak-20260925T055126Z-3e8873cb,0,1284,2026-09-25T06:13:21.050135+00:00,14534783748500,planner_process,316604.0,323760.0,psutil,
b3-soak-20260925T055126Z-3e8873cb,0,1285,2026-09-25T06:13:22.058852+00:00,14535792075000,planner_process,316604.0,323760.0,psutil,
b3-soak-20260925T055126Z-3e8873cb,0,1286,2026-09-25T06:13:23.073798+00:00,14536806999400,planner_process,320124.0,323760.0,psutil,
b3-soak-20260925T055126Z-3e8873cb,0,1287,2026-09-25T06:13:24.086838+00:00,14537819490000,planner_process,320144.0,323760.0,psutil,
b3-soak-20260925T055126Z-3e8873cb,0,1288,2026-09-25T06:13:25.102488+00:00,14538835399300,planner_process,320144.0,323760.0,psutil,
b3-soak-20260925T055126Z-3e8873cb,0,1289,2026-09-25T06:13:26.136409+00:00,14539869096800,planner_process,320156.0,323760.0,psutil,
b3-soak-20260925T055126Z-3e8873cb,0,1290,2026-09-25T06:13:27.155876+00:00,14540888893800,planner_process,320156.0,323760.0,psutil,
b3-soak-20260925T055126Z-3e8873cb,0,1291,2026-09-25T06:13:28.171351+00:00,14541904089000,planner_process,316636.0,323760.0,psutil,
b3-soak-20260925T055126Z-3e8873cb,0,1292,2026-09-25T06:13:29.184001+00:00,14542916720000,planner_process,320156.0,323760.0,psutil,
b3-soak-20260925T055126Z-3e8873cb,0,1293,2026-09-25T06:13:30.191887+00:00,14543925059000,planner_process,320156.0,323760.0,psutil,
b3-soak-20260925T055126Z-3e8873cb,0,1294,2026-09-25T06:13:31.205646+00:00,14544938512900,planner_process,320160.0,323760.0,psutil,
b3-soak-20260925T055126Z-3e8873cb,0,1295,2026-09-25T06:13:32.205715+00:00,14545938982900,planner_process,316644.0,323760.0,psutil,
b3-soak-20260925T055126Z-3e8873cb,0,1296,2026-09-25T06:13:33.219628+00:00,14546952493600,planner_process,320164.0,323760.0,psutil,
b3-soak-20260925T055126Z-3e8873cb,0,1297,2026-09-25T06:13:34.253628+00:00,14547986572900,planner_process,320164.0,323760.0,psutil,
b3-soak-20260925T055126Z-3e8873cb,0,1298,2026-09-25T06:13:35.259514+00:00,14548992663100,planner_process,316644.0,323760.0,psutil,
b3-soak-20260925T055126Z-3e8873cb,0,1299,2026-09-25T06:13:36.263970+00:00,14549996972300,planner_process,320168.0,323760.0,psutil,
b3-soak-20260925T055126Z-3e8873cb,0,1300,2026-09-25T06:13:37.272037+00:00,14551005435400,planner_process,316648.0,323760.0,psutil,
b3-soak-20260925T055126Z-3e8873cb,0,1301,2026-09-25T06:13:38.301069+00:00,14552034022500,planner_process,320168.0,323760.0,psutil,
b3-soak-20260925T055126Z-3e8873cb,0,1302,2026-09-25T06:13:39.331808+00:00,14553065291600,planner_process,320168.0,323760.0,psutil,
b3-soak-20260925T055126Z-3e8873cb,0,1303,2026-09-25T06:13:40.343851+00:00,14554077493000,planner_process,316652.0,323760.0,psutil,
b3-soak-20260925T055126Z-3e8873cb,0,1304,2026-09-25T06:13:41.354626+00:00,14555087993900,planner_process,320176.0,323760.0,psutil,
b3-soak-20260925T055126Z-3e8873cb,0,1305,2026-09-25T06:13:42.371279+00:00,14556104596800,planner_process,320176.0,323760.0,psutil,
b3-soak-20260925T055126Z-3e8873cb,0,1306,2026-09-25T06:13:43.424069+00:00,14557157128700,planner_process,316664.0,323760.0,psutil,
b3-soak-20260925T055126Z-3e8873cb,0,1307,2026-09-25T06:13:44.427560+00:00,14558160983300,planner_process,316668.0,323760.0,psutil,
b3-soak-20260925T055126Z-3e8873cb,0,1308,2026-09-25T06:13:45.446252+00:00,14559179549300,planner_process,320188.0,323760.0,psutil,
b3-soak-20260925T055126Z-3e8873cb,0,1309,2026-09-25T06:13:46.487096+00:00,14560220670600,planner_process,316672.0,323760.0,psutil,
b3-soak-20260925T055126Z-3e8873cb,0,1310,2026-09-25T06:13:47.522079+00:00,14561254897100,planner_process,320192.0,323760.0,psutil,
b3-soak-20260925T055126Z-3e8873cb,0,1311,2026-09-25T06:13:48.523830+00:00,14562256908200,planner_process,319512.0,323760.0,psutil,
b3-soak-20260925T055126Z-3e8873cb,0,1312,2026-09-25T06:13:49.544845+00:00,14563278154500,planner_process,316676.0,323760.0,psutil,
b3-soak-20260925T055126Z-3e8873cb,0,1313,2026-09-25T06:13:50.558946+00:00,14564291700000,planner_process,316676.0,323760.0,psutil,
b3-soak-20260925T055126Z-3e8873cb,0,1314,2026-09-25T06:13:51.592750+00:00,14565325784700,planner_process,316680.0,323760.0,psutil,
b3-soak-20260925T055126Z-3e8873cb,0,1315,2026-09-25T06:13:52.605676+00:00,14566339116300,planner_process,320200.0,323760.0,psutil,
b3-soak-20260925T055126Z-3e8873cb,0,1316,2026-09-25T06:13:53.619335+00:00,14567352229200,planner_process,320200.0,323760.0,psutil,
b3-soak-20260925T055126Z-3e8873cb,0,1317,2026-09-25T06:13:54.633723+00:00,14568366874600,planner_process,316680.0,323760.0,psutil,
b3-soak-20260925T055126Z-3e8873cb,0,1318,2026-09-25T06:13:55.649008+00:00,14569382307200,planner_process,320204.0,323760.0,psutil,
b3-soak-20260925T055126Z-3e8873cb,0,1319,2026-09-25T06:13:56.665321+00:00,14570398302900,planner_process,320212.0,323760.0,psutil,
b3-soak-20260925T055126Z-3e8873cb,0,1320,2026-09-25T06:13:57.694575+00:00,14571427284600,planner_process,320212.0,323760.0,psutil,
b3-soak-20260925T055126Z-3e8873cb,0,1321,2026-09-25T06:13:58.701681+00:00,14572434724000,planner_process,320212.0,323760.0,psutil,
b3-soak-20260925T055126Z-3e8873cb,0,1322,2026-09-25T06:13:59.732418+00:00,14573465217800,planner_process,320212.0,323760.0,psutil,
b3-soak-20260925T055126Z-3e8873cb,0,1323,2026-09-25T06:14:00.752207+00:00,14574485655800,planner_process,320212.0,323760.0,psutil,
b3-soak-20260925T055126Z-3e8873cb,0,1324,2026-09-25T06:14:01.765768+00:00,14575499078100,planner_process,320216.0,323760.0,psutil,
b3-soak-20260925T055126Z-3e8873cb,0,1325,2026-09-25T06:14:02.776917+00:00,14576509833600,planner_process,316696.0,323760.0,psutil,
b3-soak-20260925T055126Z-3e8873cb,0,1326,2026-09-25T06:14:03.789383+00:00,14577522814300,planner_process,316696.0,323760.0,psutil,
b3-soak-20260925T055126Z-3e8873cb,0,1327,2026-09-25T06:14:04.804555+00:00,14578537682500,planner_process,316704.0,323760.0,psutil,
b3-soak-20260925T055126Z-3e8873cb,0,1328,2026-09-25T06:14:05.818190+00:00,14579551618200,planner_process,320224.0,323760.0,psutil,
b3-soak-20260925T055126Z-3e8873cb,0,1329,2026-09-25T06:14:06.832320+00:00,14580565710800,planner_process,320228.0,323760.0,psutil,
b3-soak-20260925T055126Z-3e8873cb,0,1330,2026-09-25T06:14:07.844845+00:00,14581577641400,planner_process,320228.0,323760.0,psutil,
b3-soak-20260925T055126Z-3e8873cb,0,1331,2026-09-25T06:14:08.858371+00:00,14582591095700,planner_process,320228.0,323760.0,psutil,
b3-soak-20260925T055126Z-3e8873cb,0,1332,2026-09-25T06:14:09.875845+00:00,14583608676200,planner_process,320228.0,323760.0,psutil,
b3-soak-20260925T055126Z-3e8873cb,0,1333,2026-09-25T06:14:10.884726+00:00,14584617850700,planner_process,320228.0,323760.0,psutil,
b3-soak-20260925T055126Z-3e8873cb,0,1334,2026-09-25T06:14:11.885564+00:00,14585618494800,planner_process,316712.0,323760.0,psutil,
b3-soak-20260925T055126Z-3e8873cb,0,1335,2026-09-25T06:14:12.916800+00:00,14586649552200,planner_process,320236.0,323760.0,psutil,
b3-soak-20260925T055126Z-3e8873cb,0,1336,2026-09-25T06:14:13.935879+00:00,14587669340900,planner_process,320236.0,323760.0,psutil,
b3-soak-20260925T055126Z-3e8873cb,0,1337,2026-09-25T06:14:14.947318+00:00,14588680820100,planner_process,320240.0,323760.0,psutil,
b3-soak-20260925T055126Z-3e8873cb,0,1338,2026-09-25T06:14:15.984648+00:00,14589717774300,planner_process,320240.0,323760.0,psutil,
b3-soak-20260925T055126Z-3e8873cb,0,1339,2026-09-25T06:14:16.988068+00:00,14590721419200,planner_process,320244.0,323760.0,psutil,
b3-soak-20260925T055126Z-3e8873cb,0,1340,2026-09-25T06:14:18.003339+00:00,14591736241600,planner_process,316724.0,323760.0,psutil,
b3-soak-20260925T055126Z-3e8873cb,0,1341,2026-09-25T06:14:19.019884+00:00,14592752934500,planner_process,320244.0,323760.0,psutil,
b3-soak-20260925T055126Z-3e8873cb,0,1342,2026-09-25T06:14:20.029091+00:00,14593762309300,planner_process,320244.0,323760.0,psutil,
b3-soak-20260925T055126Z-3e8873cb,0,1343,2026-09-25T06:14:21.032947+00:00,14594765619900,planner_process,320248.0,323760.0,psutil,
b3-soak-20260925T055126Z-3e8873cb,0,1344,2026-09-25T06:14:22.074407+00:00,14595807453700,planner_process,316732.0,323760.0,psutil,
b3-soak-20260925T055126Z-3e8873cb,0,1345,2026-09-25T06:14:23.078189+00:00,14596811271800,planner_process,320256.0,323760.0,psutil,
b3-soak-20260925T055126Z-3e8873cb,0,1346,2026-09-25T06:14:24.121758+00:00,14597855127000,planner_process,320256.0,323760.0,psutil,
b3-soak-20260925T055126Z-3e8873cb,0,1347,2026-09-25T06:14:25.128283+00:00,14598861698800,planner_process,320256.0,323760.0,psutil,
b3-soak-20260925T055126Z-3e8873cb,0,1348,2026-09-25T06:14:26.170827+00:00,14599903624300,planner_process,320256.0,323760.0,psutil,
b3-soak-20260925T055126Z-3e8873cb,0,1349,2026-09-25T06:14:27.189158+00:00,14600922362800,planner_process,320260.0,323760.0,psutil,
b3-soak-20260925T055126Z-3e8873cb,0,1350,2026-09-25T06:14:28.197277+00:00,14601930593800,planner_process,320264.0,323760.0,psutil,
b3-soak-20260925T055126Z-3e8873cb,0,1351,2026-09-25T06:14:29.218409+00:00,14602951123200,planner_process,320268.0,323760.0,psutil,
b3-soak-20260925T055126Z-3e8873cb,0,1352,2026-09-25T06:14:30.226173+00:00,14603959047300,planner_process,320268.0,323760.0,psutil,
b3-soak-20260925T055126Z-3e8873cb,0,1353,2026-09-25T06:14:31.241631+00:00,14604974439300,planner_process,320268.0,323760.0,psutil,
b3-soak-20260925T055126Z-3e8873cb,0,1354,2026-09-25T06:14:32.284281+00:00,14606017404900,planner_process,316752.0,323760.0,psutil,
b3-soak-20260925T055126Z-3e8873cb,0,1355,2026-09-25T06:14:33.324253+00:00,14607057139600,planner_process,316752.0,323760.0,psutil,
b3-soak-20260925T055126Z-3e8873cb,0,1356,2026-09-25T06:14:34.327006+00:00,14608059902200,planner_process,320272.0,323760.0,psutil,
b3-soak-20260925T055126Z-3e8873cb,0,1357,2026-09-25T06:14:35.356173+00:00,14609089344100,planner_process,320272.0,323760.0,psutil,
b3-soak-20260925T055126Z-3e8873cb,0,1358,2026-09-25T06:14:36.360457+00:00,14610094430900,planner_process,320272.0,323760.0,psutil,
b3-soak-20260925T055126Z-3e8873cb,0,1359,2026-09-25T06:14:37.375222+00:00,14611108193900,planner_process,316760.0,323760.0,psutil,
b3-soak-20260925T055126Z-3e8873cb,0,1360,2026-09-25T06:14:38.386419+00:00,14612119588200,planner_process,316760.0,323760.0,psutil,
b3-soak-20260925T055126Z-3e8873cb,0,1361,2026-09-25T06:14:39.398571+00:00,14613131359600,planner_process,316760.0,323760.0,psutil,
b3-soak-20260925T055126Z-3e8873cb,0,1362,2026-09-25T06:14:40.399846+00:00,14614132667400,planner_process,320280.0,323760.0,psutil,
b3-soak-20260925T055126Z-3e8873cb,0,1363,2026-09-25T06:14:41.410425+00:00,14615143318300,planner_process,320280.0,323760.0,psutil,
b3-soak-20260925T055126Z-3e8873cb,0,1364,2026-09-25T06:14:42.426935+00:00,14616160654500,planner_process,320284.0,323760.0,psutil,
b3-soak-20260925T055126Z-3e8873cb,0,1365,2026-09-25T06:14:43.443523+00:00,14617176207800,planner_process,316772.0,323760.0,psutil,
b3-soak-20260925T055126Z-3e8873cb,0,1366,2026-09-25T06:14:44.451758+00:00,14618185921200,planner_process,320292.0,323760.0,psutil,
b3-soak-20260925T055126Z-3e8873cb,0,1367,2026-09-25T06:14:45.460673+00:00,14619193515100,planner_process,316772.0,323760.0,psutil,
b3-soak-20260925T055126Z-3e8873cb,0,1368,2026-09-25T06:14:46.491232+00:00,14620224401000,planner_process,316776.0,323760.0,psutil,
b3-soak-20260925T055126Z-3e8873cb,0,1369,2026-09-25T06:14:47.521291+00:00,14621254851000,planner_process,316780.0,323760.0,psutil,
b3-soak-20260925T055126Z-3e8873cb,0,1370,2026-09-25T06:14:48.549127+00:00,14622281948000,planner_process,320300.0,323760.0,psutil,
b3-soak-20260925T055126Z-3e8873cb,0,1371,2026-09-25T06:14:49.561453+00:00,14623294855200,planner_process,320300.0,323760.0,psutil,
b3-soak-20260925T055126Z-3e8873cb,0,1372,2026-09-25T06:14:50.569243+00:00,14624302316600,planner_process,316780.0,323760.0,psutil,
b3-soak-20260925T055126Z-3e8873cb,0,1373,2026-09-25T06:14:51.595553+00:00,14625328963900,planner_process,320300.0,323760.0,psutil,
b3-soak-20260925T055126Z-3e8873cb,0,1374,2026-09-25T06:14:52.610831+00:00,14626344105900,planner_process,320304.0,323760.0,psutil,
b3-soak-20260925T055126Z-3e8873cb,0,1375,2026-09-25T06:14:53.616861+00:00,14627350354200,planner_process,320304.0,323760.0,psutil,
b3-soak-20260925T055126Z-3e8873cb,0,1376,2026-09-25T06:14:54.652037+00:00,14628384866100,planner_process,316788.0,323760.0,psutil,
b3-soak-20260925T055126Z-3e8873cb,0,1377,2026-09-25T06:14:55.676607+00:00,14629409371600,planner_process,316788.0,323760.0,psutil,
b3-soak-20260925T055126Z-3e8873cb,0,1378,2026-09-25T06:14:56.682431+00:00,14630415241800,planner_process,316788.0,323760.0,psutil,
b3-soak-20260925T055126Z-3e8873cb,0,1379,2026-09-25T06:14:57.715876+00:00,14631448770600,planner_process,316792.0,323760.0,psutil,
b3-soak-20260925T055126Z-3e8873cb,0,1380,2026-09-25T06:14:58.732437+00:00,14632465846400,planner_process,320320.0,323760.0,psutil,
b3-soak-20260925T055126Z-3e8873cb,0,1381,2026-09-25T06:14:59.748375+00:00,14633481508100,planner_process,320320.0,323760.0,psutil,
b3-soak-20260925T055126Z-3e8873cb,0,1382,2026-09-25T06:15:00.757159+00:00,14634490578900,planner_process,320320.0,323760.0,psutil,
b3-soak-20260925T055126Z-3e8873cb,0,1383,2026-09-25T06:15:01.786343+00:00,14635519620900,planner_process,320324.0,323760.0,psutil,
b3-soak-20260925T055126Z-3e8873cb,0,1384,2026-09-25T06:15:02.787567+00:00,14636520607700,planner_process,316812.0,323760.0,psutil,
b3-soak-20260925T055126Z-3e8873cb,0,1385,2026-09-25T06:15:03.799802+00:00,14637532877600,planner_process,320332.0,323760.0,psutil,
b3-soak-20260925T055126Z-3e8873cb,0,1386,2026-09-25T06:15:04.814732+00:00,14638547784600,planner_process,320332.0,323760.0,psutil,
b3-soak-20260925T055126Z-3e8873cb,0,1387,2026-09-25T06:15:05.838851+00:00,14639572390300,planner_process,320332.0,323760.0,psutil,
b3-soak-20260925T055126Z-3e8873cb,0,1388,2026-09-25T06:15:06.849484+00:00,14640582762400,planner_process,320332.0,323760.0,psutil,
b3-soak-20260925T055126Z-3e8873cb,0,1389,2026-09-25T06:15:07.864184+00:00,14641597050000,planner_process,320336.0,323760.0,psutil,
b3-soak-20260925T055126Z-3e8873cb,0,1390,2026-09-25T06:15:08.874677+00:00,14642607748100,planner_process,316820.0,323760.0,psutil,
b3-soak-20260925T055126Z-3e8873cb,0,1391,2026-09-25T06:15:09.888190+00:00,14643620814000,planner_process,320344.0,323760.0,psutil,
b3-soak-20260925T055126Z-3e8873cb,0,1392,2026-09-25T06:15:10.899769+00:00,14644633430000,planner_process,320344.0,323760.0,psutil,
b3-soak-20260925T055126Z-3e8873cb,0,1393,2026-09-25T06:15:11.914884+00:00,14645647696800,planner_process,320344.0,323760.0,psutil,
b3-soak-20260925T055126Z-3e8873cb,0,1394,2026-09-25T06:15:12.941274+00:00,14646674149800,planner_process,320348.0,323760.0,psutil,
b3-soak-20260925T055126Z-3e8873cb,0,1395,2026-09-25T06:15:13.970611+00:00,14647703849700,planner_process,320352.0,323760.0,psutil,
b3-soak-20260925T055126Z-3e8873cb,0,1396,2026-09-25T06:15:14.981229+00:00,14648713926800,planner_process,320352.0,323760.0,psutil,
b3-soak-20260925T055126Z-3e8873cb,0,1397,2026-09-25T06:15:15.993995+00:00,14649727450800,planner_process,316832.0,323760.0,psutil,
b3-soak-20260925T055126Z-3e8873cb,0,1398,2026-09-25T06:15:17.026084+00:00,14650759582800,planner_process,320352.0,323760.0,psutil,
b3-soak-20260925T055126Z-3e8873cb,0,1399,2026-09-25T06:15:18.045538+00:00,14651778457400,planner_process,320360.0,323760.0,psutil,
b3-soak-20260925T055126Z-3e8873cb,0,1400,2026-09-25T06:15:19.059180+00:00,14652792351600,planner_process,320360.0,323760.0,psutil,
b3-soak-20260925T055126Z-3e8873cb,0,1401,2026-09-25T06:15:20.071983+00:00,14653804938000,planner_process,316840.0,323760.0,psutil,
b3-soak-20260925T055126Z-3e8873cb,0,1402,2026-09-25T06:15:21.099067+00:00,14654832290300,planner_process,320364.0,323760.0,psutil,
b3-soak-20260925T055126Z-3e8873cb,0,1403,2026-09-25T06:15:22.100372+00:00,14655833578600,planner_process,316844.0,323760.0,psutil,
b3-soak-20260925T055126Z-3e8873cb,0,1404,2026-09-25T06:15:23.148927+00:00,14656881801100,planner_process,320368.0,323760.0,psutil,
b3-soak-20260925T055126Z-3e8873cb,0,1405,2026-09-25T06:15:24.182675+00:00,14657916105700,planner_process,320372.0,323760.0,psutil,
b3-soak-20260925T055126Z-3e8873cb,0,1406,2026-09-25T06:15:25.207762+00:00,14658940441200,planner_process,320376.0,323760.0,psutil,
b3-soak-20260925T055126Z-3e8873cb,0,1407,2026-09-25T06:15:26.211018+00:00,14659943841300,planner_process,320376.0,323760.0,psutil,
b3-soak-20260925T055126Z-3e8873cb,0,1408,2026-09-25T06:15:27.226601+00:00,14660959482200,planner_process,316856.0,323760.0,psutil,
b3-soak-20260925T055126Z-3e8873cb,0,1409,2026-09-25T06:15:28.257366+00:00,14661990936700,planner_process,316860.0,323760.0,psutil,
b3-soak-20260925T055126Z-3e8873cb,0,1410,2026-09-25T06:15:29.265491+00:00,14662998427900,planner_process,316860.0,323760.0,psutil,
b3-soak-20260925T055126Z-3e8873cb,0,1411,2026-09-25T06:15:30.266069+00:00,14663999315300,planner_process,320384.0,323760.0,psutil,
b3-soak-20260925T055126Z-3e8873cb,0,1412,2026-09-25T06:15:31.278551+00:00,14665011428800,planner_process,316864.0,323760.0,psutil,
b3-soak-20260925T055126Z-3e8873cb,0,1413,2026-09-25T06:15:32.293954+00:00,14666026926300,planner_process,320384.0,323760.0,psutil,
b3-soak-20260925T055126Z-3e8873cb,0,1414,2026-09-25T06:15:33.308631+00:00,14667041864000,planner_process,320392.0,323760.0,psutil,
b3-soak-20260925T055126Z-3e8873cb,0,1415,2026-09-25T06:15:34.323481+00:00,14668056423300,planner_process,316876.0,323760.0,psutil,
b3-soak-20260925T055126Z-3e8873cb,0,1416,2026-09-25T06:15:35.335861+00:00,14669068922300,planner_process,316876.0,323760.0,psutil,
b3-soak-20260925T055126Z-3e8873cb,0,1417,2026-09-25T06:15:36.376980+00:00,14670110069700,planner_process,320396.0,323760.0,psutil,
b3-soak-20260925T055126Z-3e8873cb,0,1418,2026-09-25T06:15:37.383593+00:00,14671116614200,planner_process,320396.0,323760.0,psutil,
b3-soak-20260925T055126Z-3e8873cb,0,1419,2026-09-25T06:15:38.395147+00:00,14672128154600,planner_process,320400.0,323760.0,psutil,
b3-soak-20260925T055126Z-3e8873cb,0,1420,2026-09-25T06:15:39.412824+00:00,14673146149900,planner_process,320400.0,323760.0,psutil,
b3-soak-20260925T055126Z-3e8873cb,0,1421,2026-09-25T06:15:40.427752+00:00,14674161373600,planner_process,320400.0,323760.0,psutil,
b3-soak-20260925T055126Z-3e8873cb,0,1422,2026-09-25T06:15:41.437490+00:00,14675170562200,planner_process,320400.0,323760.0,psutil,
b3-soak-20260925T055126Z-3e8873cb,0,1423,2026-09-25T06:15:42.469038+00:00,14676202014600,planner_process,316888.0,323760.0,psutil,
b3-soak-20260925T055126Z-3e8873cb,0,1424,2026-09-25T06:15:43.480778+00:00,14677214373900,planner_process,316892.0,323760.0,psutil,
b3-soak-20260925T055126Z-3e8873cb,0,1425,2026-09-25T06:15:44.499294+00:00,14678232654400,planner_process,316896.0,323760.0,psutil,
b3-soak-20260925T055126Z-3e8873cb,0,1426,2026-09-25T06:15:45.514056+00:00,14679247103900,planner_process,316900.0,323760.0,psutil,
b3-soak-20260925T055126Z-3e8873cb,0,1427,2026-09-25T06:15:46.560372+00:00,14680293185600,planner_process,316900.0,323760.0,psutil,
b3-soak-20260925T055126Z-3e8873cb,0,1428,2026-09-25T06:15:47.574411+00:00,14681307697400,planner_process,320420.0,323760.0,psutil,
b3-soak-20260925T055126Z-3e8873cb,0,1429,2026-09-25T06:15:48.587606+00:00,14682320960200,planner_process,316904.0,323760.0,psutil,
b3-soak-20260925T055126Z-3e8873cb,0,1430,2026-09-25T06:15:49.605109+00:00,14683338721700,planner_process,320424.0,323760.0,psutil,
b3-soak-20260925T055126Z-3e8873cb,0,1431,2026-09-25T06:15:50.638672+00:00,14684372146000,planner_process,320428.0,323760.0,psutil,
b3-soak-20260925T055126Z-3e8873cb,0,1432,2026-09-25T06:15:51.666645+00:00,14685399951700,planner_process,316908.0,323760.0,psutil,
b3-soak-20260925T055126Z-3e8873cb,0,1433,2026-09-25T06:15:52.671575+00:00,14686404973700,planner_process,316912.0,323760.0,psutil,
b3-soak-20260925T055126Z-3e8873cb,0,1434,2026-09-25T06:15:53.686034+00:00,14687419392100,planner_process,320436.0,323760.0,psutil,
b3-soak-20260925T055126Z-3e8873cb,0,1435,2026-09-25T06:15:54.733585+00:00,14688467029600,planner_process,316916.0,323760.0,psutil,
b3-soak-20260925T055126Z-3e8873cb,0,1436,2026-09-25T06:15:55.743989+00:00,14689478321200,planner_process,320436.0,323760.0,psutil,
b3-soak-20260925T055126Z-3e8873cb,0,1437,2026-09-25T06:15:56.747013+00:00,14690479909300,planner_process,320440.0,323760.0,psutil,
b3-soak-20260925T055126Z-3e8873cb,0,1438,2026-09-25T06:15:57.761506+00:00,14691494977600,planner_process,320440.0,323760.0,psutil,
b3-soak-20260925T055126Z-3e8873cb,0,1439,2026-09-25T06:15:58.771320+00:00,14692504327000,planner_process,316928.0,323760.0,psutil,
b3-soak-20260925T055126Z-3e8873cb,0,1440,2026-09-25T06:15:59.784034+00:00,14693517036000,planner_process,320448.0,323760.0,psutil,
b3-soak-20260925T055126Z-3e8873cb,0,1441,2026-09-25T06:16:00.800034+00:00,14694533386500,planner_process,320448.0,323760.0,psutil,
b3-soak-20260925T055126Z-3e8873cb,0,1442,2026-09-25T06:16:01.845592+00:00,14695578722900,planner_process,320448.0,323760.0,psutil,
b3-soak-20260925T055126Z-3e8873cb,0,1443,2026-09-25T06:16:02.859180+00:00,14696592650800,planner_process,320456.0,323760.0,psutil,
b3-soak-20260925T055126Z-3e8873cb,0,1444,2026-09-25T06:16:03.874616+00:00,14697607511200,planner_process,320460.0,323760.0,psutil,
b3-soak-20260925T055126Z-3e8873cb,0,1445,2026-09-25T06:16:04.877253+00:00,14698610501000,planner_process,320460.0,323760.0,psutil,
b3-soak-20260925T055126Z-3e8873cb,0,1446,2026-09-25T06:16:05.899691+00:00,14699633213200,planner_process,320460.0,323760.0,psutil,
b3-soak-20260925T055126Z-3e8873cb,0,1447,2026-09-25T06:16:06.906586+00:00,14700639737300,planner_process,320464.0,323760.0,psutil,
b3-soak-20260925T055126Z-3e8873cb,0,1448,2026-09-25T06:16:07.919627+00:00,14701652760700,planner_process,320464.0,323760.0,psutil,
b3-soak-20260925T055126Z-3e8873cb,0,1449,2026-09-25T06:16:08.932970+00:00,14702665716200,planner_process,320472.0,323760.0,psutil,
b3-soak-20260925T055126Z-3e8873cb,0,1450,2026-09-25T06:16:09.947897+00:00,14703681279100,planner_process,320472.0,323760.0,psutil,
b3-soak-20260925T055126Z-3e8873cb,0,1451,2026-09-25T06:16:10.968453+00:00,14704701231700,planner_process,320472.0,323760.0,psutil,
b3-soak-20260925T055126Z-3e8873cb,0,1452,2026-09-25T06:16:11.989713+00:00,14705722581900,planner_process,320472.0,323760.0,psutil,
b3-soak-20260925T055126Z-3e8873cb,0,1453,2026-09-25T06:16:12.990289+00:00,14706723524400,planner_process,316952.0,323760.0,psutil,
b3-soak-20260925T055126Z-3e8873cb,0,1454,2026-09-25T06:16:13.993760+00:00,14707726512900,planner_process,320476.0,323760.0,psutil,
b3-soak-20260925T055126Z-3e8873cb,0,1455,2026-09-25T06:16:15.008853+00:00,14708741804100,planner_process,316960.0,323760.0,psutil,
b3-soak-20260925T055126Z-3e8873cb,0,1456,2026-09-25T06:16:16.036877+00:00,14709770436300,planner_process,320480.0,323760.0,psutil,
b3-soak-20260925T055126Z-3e8873cb,0,1457,2026-09-25T06:16:17.045899+00:00,14710779328200,planner_process,320480.0,323760.0,psutil,
b3-soak-20260925T055126Z-3e8873cb,0,1458,2026-09-25T06:16:18.065892+00:00,14711798951600,planner_process,316960.0,323760.0,psutil,
b3-soak-20260925T055126Z-3e8873cb,0,1459,2026-09-25T06:16:19.101467+00:00,14712834655600,planner_process,320484.0,323760.0,psutil,
b3-soak-20260925T055126Z-3e8873cb,0,1460,2026-09-25T06:16:20.111375+00:00,14713844664000,planner_process,316968.0,323760.0,psutil,
b3-soak-20260925T055126Z-3e8873cb,0,1461,2026-09-25T06:16:21.134564+00:00,14714867486800,planner_process,320488.0,323760.0,psutil,
b3-soak-20260925T055126Z-3e8873cb,0,1462,2026-09-25T06:16:22.140521+00:00,14715873756100,planner_process,316972.0,323760.0,psutil,
b3-soak-20260925T055126Z-3e8873cb,0,1463,2026-09-25T06:16:23.152535+00:00,14716885992100,planner_process,316980.0,323760.0,psutil,
b3-soak-20260925T055126Z-3e8873cb,0,1464,2026-09-25T06:16:24.164390+00:00,14717897602600,planner_process,316984.0,323760.0,psutil,
b3-soak-20260925T055126Z-3e8873cb,0,1465,2026-09-25T06:16:25.186826+00:00,14718919932100,planner_process,316984.0,323760.0,psutil,
b3-soak-20260925T055126Z-3e8873cb,0,1466,2026-09-25T06:16:26.215878+00:00,14719949333100,planner_process,316984.0,323760.0,psutil,
b3-soak-20260925T055126Z-3e8873cb,0,1467,2026-09-25T06:16:27.249175+00:00,14720982751800,planner_process,320504.0,323760.0,psutil,
b3-soak-20260925T055126Z-3e8873cb,0,1468,2026-09-25T06:16:28.270656+00:00,14722003734900,planner_process,320504.0,323760.0,psutil,
b3-soak-20260925T055126Z-3e8873cb,0,1469,2026-09-25T06:16:29.284713+00:00,14723018160600,planner_process,320508.0,323760.0,psutil,
b3-soak-20260925T055126Z-3e8873cb,0,1470,2026-09-25T06:16:30.294555+00:00,14724027682000,planner_process,316992.0,323760.0,psutil,
b3-soak-20260925T055126Z-3e8873cb,0,1471,2026-09-25T06:16:31.304960+00:00,14725037829700,planner_process,320516.0,323760.0,psutil,
b3-soak-20260925T055126Z-3e8873cb,0,1472,2026-09-25T06:16:32.321284+00:00,14726054111000,planner_process,320516.0,323760.0,psutil,
b3-soak-20260925T055126Z-3e8873cb,0,1473,2026-09-25T06:16:33.332940+00:00,14727065926100,planner_process,320516.0,323760.0,psutil,
b3-soak-20260925T055126Z-3e8873cb,0,1474,2026-09-25T06:16:34.353223+00:00,14728086411700,planner_process,320520.0,323760.0,psutil,
b3-soak-20260925T055126Z-3e8873cb,0,1475,2026-09-25T06:16:35.367828+00:00,14729101313200,planner_process,320520.0,323760.0,psutil,
b3-soak-20260925T055126Z-3e8873cb,0,1476,2026-09-25T06:16:36.376042+00:00,14730108851700,planner_process,317000.0,323760.0,psutil,
b3-soak-20260925T055126Z-3e8873cb,0,1477,2026-09-25T06:16:37.413797+00:00,14731146588600,planner_process,320524.0,323760.0,psutil,
b3-soak-20260925T055126Z-3e8873cb,0,1478,2026-09-25T06:16:38.419448+00:00,14732152515400,planner_process,320528.0,323760.0,psutil,
b3-soak-20260925T055126Z-3e8873cb,0,1479,2026-09-25T06:16:39.442838+00:00,14733175483500,planner_process,320532.0,323760.0,psutil,
b3-soak-20260925T055126Z-3e8873cb,0,1480,2026-09-25T06:16:40.450233+00:00,14734183099500,planner_process,320344.0,323760.0,psutil,
b3-soak-20260925T055126Z-3e8873cb,0,1481,2026-09-25T06:16:41.469996+00:00,14735202966000,planner_process,320200.0,323760.0,psutil,
b3-soak-20260925T055126Z-3e8873cb,0,1482,2026-09-25T06:16:42.472914+00:00,14736205942700,planner_process,320200.0,323760.0,psutil,
b3-soak-20260925T055126Z-3e8873cb,0,1483,2026-09-25T06:16:43.486427+00:00,14737220021100,planner_process,316684.0,323760.0,psutil,
b3-soak-20260925T055126Z-3e8873cb,0,1484,2026-09-25T06:16:44.521109+00:00,14738254021900,planner_process,320212.0,323760.0,psutil,
b3-soak-20260925T055126Z-3e8873cb,0,1485,2026-09-25T06:16:45.551656+00:00,14739284802300,planner_process,320212.0,323760.0,psutil,
b3-soak-20260925T055126Z-3e8873cb,0,1486,2026-09-25T06:16:46.557940+00:00,14740291477700,planner_process,320212.0,323760.0,psutil,
b3-soak-20260925T055126Z-3e8873cb,0,1487,2026-09-25T06:16:47.559921+00:00,14741292742100,planner_process,320212.0,323760.0,psutil,
b3-soak-20260925T055126Z-3e8873cb,0,1488,2026-09-25T06:16:48.576438+00:00,14742309294900,planner_process,320212.0,323760.0,psutil,
b3-soak-20260925T055126Z-3e8873cb,0,1489,2026-09-25T06:16:49.587606+00:00,14743320992300,planner_process,320216.0,323760.0,psutil,
b3-soak-20260925T055126Z-3e8873cb,0,1490,2026-09-25T06:16:50.612849+00:00,14744346223800,planner_process,320216.0,323760.0,psutil,
b3-soak-20260925T055126Z-3e8873cb,0,1491,2026-09-25T06:16:51.621447+00:00,14745354785600,planner_process,316696.0,323760.0,psutil,
b3-soak-20260925T055126Z-3e8873cb,0,1492,2026-09-25T06:16:52.659190+00:00,14746392578200,planner_process,316700.0,323760.0,psutil,
b3-soak-20260925T055126Z-3e8873cb,0,1493,2026-09-25T06:16:53.672019+00:00,14747405140900,planner_process,316708.0,323760.0,psutil,
b3-soak-20260925T055126Z-3e8873cb,0,1494,2026-09-25T06:16:54.689789+00:00,14748423022500,planner_process,316712.0,323760.0,psutil,
b3-soak-20260925T055126Z-3e8873cb,0,1495,2026-09-25T06:16:55.698466+00:00,14749431441700,planner_process,316712.0,323760.0,psutil,
b3-soak-20260925T055126Z-3e8873cb,0,1496,2026-09-25T06:16:56.711656+00:00,14750444959000,planner_process,316712.0,323760.0,psutil,
b3-soak-20260925T055126Z-3e8873cb,0,1497,2026-09-25T06:16:57.726271+00:00,14751459438000,planner_process,320232.0,323760.0,psutil,
b3-soak-20260925T055126Z-3e8873cb,0,1498,2026-09-25T06:16:58.739004+00:00,14752472452600,planner_process,320232.0,323760.0,psutil,
b3-soak-20260925T055126Z-3e8873cb,0,1499,2026-09-25T06:16:59.748807+00:00,14753481690200,planner_process,320236.0,323760.0,psutil,
b3-soak-20260925T055126Z-3e8873cb,0,1500,2026-09-25T06:17:00.765904+00:00,14754498838800,planner_process,320240.0,323760.0,psutil,
b3-soak-20260925T055126Z-3e8873cb,0,1501,2026-09-25T06:17:01.774073+00:00,14755508172000,planner_process,316724.0,323760.0,psutil,
b3-soak-20260925T055126Z-3e8873cb,0,1502,2026-09-25T06:17:02.788166+00:00,14756521205200,planner_process,320244.0,323760.0,psutil,
b3-soak-20260925T055126Z-3e8873cb,0,1503,2026-09-25T06:17:03.790653+00:00,14757523415600,planner_process,320248.0,323760.0,psutil,
b3-soak-20260925T055126Z-3e8873cb,0,1504,2026-09-25T06:17:04.809074+00:00,14758542628800,planner_process,320252.0,323760.0,psutil,
b3-soak-20260925T055126Z-3e8873cb,0,1505,2026-09-25T06:17:05.843928+00:00,14759576652100,planner_process,320252.0,323760.0,psutil,
b3-soak-20260925T055126Z-3e8873cb,0,1506,2026-09-25T06:17:06.853735+00:00,14760587050200,planner_process,320252.0,323760.0,psutil,
b3-soak-20260925T055126Z-3e8873cb,0,1507,2026-09-25T06:17:07.868536+00:00,14761601216600,planner_process,316732.0,323760.0,psutil,
b3-soak-20260925T055126Z-3e8873cb,0,1508,2026-09-25T06:17:08.909408+00:00,14762642526400,planner_process,316736.0,323760.0,psutil,
b3-soak-20260925T055126Z-3e8873cb,0,1509,2026-09-25T06:17:09.912755+00:00,14763645643000,planner_process,320264.0,323760.0,psutil,
b3-soak-20260925T055126Z-3e8873cb,0,1510,2026-09-25T06:17:10.937570+00:00,14764670785400,planner_process,320264.0,323760.0,psutil,
b3-soak-20260925T055126Z-3e8873cb,0,1511,2026-09-25T06:17:11.952370+00:00,14765685155700,planner_process,316748.0,323760.0,psutil,
b3-soak-20260925T055126Z-3e8873cb,0,1512,2026-09-25T06:17:12.957262+00:00,14766690439700,planner_process,320268.0,323760.0,psutil,
b3-soak-20260925T055126Z-3e8873cb,0,1513,2026-09-25T06:17:13.966550+00:00,14767699404200,planner_process,320268.0,323760.0,psutil,
b3-soak-20260925T055126Z-3e8873cb,0,1514,2026-09-25T06:17:14.976532+00:00,14768709795600,planner_process,320272.0,323760.0,psutil,
b3-soak-20260925T055126Z-3e8873cb,0,1515,2026-09-25T06:17:15.990587+00:00,14769723226800,planner_process,320276.0,323760.0,psutil,
b3-soak-20260925T055126Z-3e8873cb,0,1516,2026-09-25T06:17:17.024322+00:00,14770757173100,planner_process,320280.0,323760.0,psutil,
b3-soak-20260925T055126Z-3e8873cb,0,1517,2026-09-25T06:17:18.032462+00:00,14771765648800,planner_process,320280.0,323760.0,psutil,
b3-soak-20260925T055126Z-3e8873cb,0,1518,2026-09-25T06:17:19.038675+00:00,14772771810600,planner_process,320280.0,323760.0,psutil,
b3-soak-20260925T055126Z-3e8873cb,0,1519,2026-09-25T06:17:20.077627+00:00,14773811043600,planner_process,320284.0,323760.0,psutil,
b3-soak-20260925T055126Z-3e8873cb,0,1520,2026-09-25T06:17:21.092883+00:00,14774825795100,planner_process,320284.0,323760.0,psutil,
b3-soak-20260925T055126Z-3e8873cb,0,1521,2026-09-25T06:17:22.105990+00:00,14775838718500,planner_process,320288.0,323760.0,psutil,
b3-soak-20260925T055126Z-3e8873cb,0,1522,2026-09-25T06:17:23.109536+00:00,14776842173500,planner_process,316768.0,323760.0,psutil,
b3-soak-20260925T055126Z-3e8873cb,0,1523,2026-09-25T06:17:24.118183+00:00,14777851757100,planner_process,320288.0,323760.0,psutil,
b3-soak-20260925T055126Z-3e8873cb,0,1524,2026-09-25T06:17:25.152515+00:00,14778885797600,planner_process,316776.0,323760.0,psutil,
b3-soak-20260925T055126Z-3e8873cb,0,1525,2026-09-25T06:17:26.161455+00:00,14779894437400,planner_process,316776.0,323760.0,psutil,
b3-soak-20260925T055126Z-3e8873cb,0,1526,2026-09-25T06:17:27.174077+00:00,14780907218000,planner_process,316776.0,323760.0,psutil,
b3-soak-20260925T055126Z-3e8873cb,0,1527,2026-09-25T06:17:28.186291+00:00,14781919623400,planner_process,320304.0,323760.0,psutil,
b3-soak-20260925T055126Z-3e8873cb,0,1528,2026-09-25T06:17:29.199751+00:00,14782934307200,planner_process,320304.0,323760.0,psutil,
b3-soak-20260925T055126Z-3e8873cb,0,1529,2026-09-25T06:17:30.215114+00:00,14783948122600,planner_process,316788.0,323760.0,psutil,
b3-soak-20260925T055126Z-3e8873cb,0,1530,2026-09-25T06:17:31.226371+00:00,14784959380200,planner_process,320308.0,323760.0,psutil,
b3-soak-20260925T055126Z-3e8873cb,0,1531,2026-09-25T06:17:32.240081+00:00,14785973054100,planner_process,320308.0,323760.0,psutil,
b3-soak-20260925T055126Z-3e8873cb,0,1532,2026-09-25T06:17:33.277900+00:00,14787010897700,planner_process,320312.0,323760.0,psutil,
b3-soak-20260925T055126Z-3e8873cb,0,1533,2026-09-25T06:17:34.314169+00:00,14788047666700,planner_process,316792.0,323760.0,psutil,
b3-soak-20260925T055126Z-3e8873cb,0,1534,2026-09-25T06:17:35.352435+00:00,14789085750400,planner_process,320316.0,323760.0,psutil,
b3-soak-20260925T055126Z-3e8873cb,0,1535,2026-09-25T06:17:36.367844+00:00,14790101312500,planner_process,316796.0,323760.0,psutil,
b3-soak-20260925T055126Z-3e8873cb,0,1536,2026-09-25T06:17:37.397233+00:00,14791130281300,planner_process,320316.0,323760.0,psutil,
b3-soak-20260925T055126Z-3e8873cb,0,1537,2026-09-25T06:17:38.411861+00:00,14792144798200,planner_process,316796.0,323760.0,psutil,
b3-soak-20260925T055126Z-3e8873cb,0,1538,2026-09-25T06:17:39.428836+00:00,14793161804200,planner_process,316800.0,323760.0,psutil,
b3-soak-20260925T055126Z-3e8873cb,0,1539,2026-09-25T06:17:40.457552+00:00,14794190866100,planner_process,320324.0,323760.0,psutil,
b3-soak-20260925T055126Z-3e8873cb,0,1540,2026-09-25T06:17:41.471025+00:00,14795204218500,planner_process,320332.0,323760.0,psutil,
b3-soak-20260925T055126Z-3e8873cb,0,1541,2026-09-25T06:17:42.484718+00:00,14796217989800,planner_process,320016.0,323760.0,psutil,
b3-soak-20260925T055126Z-3e8873cb,0,1542,2026-09-25T06:17:43.485054+00:00,14797218478000,planner_process,320332.0,323760.0,psutil,
b3-soak-20260925T055126Z-3e8873cb,0,1543,2026-09-25T06:17:44.498215+00:00,14798231360500,planner_process,320336.0,323760.0,psutil,
b3-soak-20260925T055126Z-3e8873cb,0,1544,2026-09-25T06:17:45.499373+00:00,14799232321300,planner_process,316824.0,323760.0,psutil,
b3-soak-20260925T055126Z-3e8873cb,0,1545,2026-09-25T06:17:46.514462+00:00,14800247632900,planner_process,320344.0,323760.0,psutil,
b3-soak-20260925T055126Z-3e8873cb,0,1546,2026-09-25T06:17:47.514569+00:00,14801248103300,planner_process,320344.0,323760.0,psutil,
b3-soak-20260925T055126Z-3e8873cb,0,1547,2026-09-25T06:17:48.525526+00:00,14802258540000,planner_process,320344.0,323760.0,psutil,
b3-soak-20260925T055126Z-3e8873cb,0,1548,2026-09-25T06:17:49.557051+00:00,14803289696900,planner_process,316828.0,323760.0,psutil,
b3-soak-20260925T055126Z-3e8873cb,0,1549,2026-09-25T06:17:50.566519+00:00,14804299459800,planner_process,320352.0,323760.0,psutil,
b3-soak-20260925T055126Z-3e8873cb,0,1550,2026-09-25T06:17:51.577374+00:00,14805310343000,planner_process,316836.0,323760.0,psutil,
b3-soak-20260925T055126Z-3e8873cb,0,1551,2026-09-25T06:17:52.591111+00:00,14806324062600,planner_process,316836.0,323760.0,psutil,
b3-soak-20260925T055126Z-3e8873cb,0,1552,2026-09-25T06:17:53.626191+00:00,14807359109200,planner_process,316836.0,323760.0,psutil,
b3-soak-20260925T055126Z-3e8873cb,0,1553,2026-09-25T06:17:54.633917+00:00,14808366576300,planner_process,322828.0,324112.0,psutil,
b3-soak-20260925T055126Z-3e8873cb,0,1554,2026-09-25T06:17:55.647051+00:00,14809380557200,planner_process,322832.0,324112.0,psutil,
b3-soak-20260925T055126Z-3e8873cb,0,1555,2026-09-25T06:17:56.660576+00:00,14810393450800,planner_process,322832.0,324112.0,psutil,
b3-soak-20260925T055126Z-3e8873cb,0,1556,2026-09-25T06:17:57.695662+00:00,14811429179700,planner_process,319312.0,324112.0,psutil,
b3-soak-20260925T055126Z-3e8873cb,0,1557,2026-09-25T06:17:58.718463+00:00,14812451858600,planner_process,322832.0,324112.0,psutil,
b3-soak-20260925T055126Z-3e8873cb,0,1558,2026-09-25T06:17:59.729398+00:00,14813462270200,planner_process,322832.0,324112.0,psutil,
b3-soak-20260925T055126Z-3e8873cb,0,1559,2026-09-25T06:18:00.742249+00:00,14814475303300,planner_process,322836.0,324112.0,psutil,
b3-soak-20260925T055126Z-3e8873cb,0,1560,2026-09-25T06:18:01.765961+00:00,14815499416700,planner_process,322840.0,324112.0,psutil,
b3-soak-20260925T055126Z-3e8873cb,0,1561,2026-09-25T06:18:02.770180+00:00,14816503075400,planner_process,322844.0,324112.0,psutil,
b3-soak-20260925T055126Z-3e8873cb,0,1562,2026-09-25T06:18:03.777776+00:00,14817510644300,planner_process,322848.0,324112.0,psutil,
b3-soak-20260925T055126Z-3e8873cb,0,1563,2026-09-25T06:18:04.788791+00:00,14818521744900,planner_process,322848.0,324112.0,psutil,
b3-soak-20260925T055126Z-3e8873cb,0,1564,2026-09-25T06:18:05.805193+00:00,14819538801200,planner_process,322852.0,324112.0,psutil,
b3-soak-20260925T055126Z-3e8873cb,0,1565,2026-09-25T06:18:06.818999+00:00,14820551678800,planner_process,322852.0,324112.0,psutil,
b3-soak-20260925T055126Z-3e8873cb,0,1566,2026-09-25T06:18:07.827725+00:00,14821560480700,planner_process,322852.0,324112.0,psutil,
b3-soak-20260925T055126Z-3e8873cb,0,1567,2026-09-25T06:18:08.840341+00:00,14822573308700,planner_process,322852.0,324112.0,psutil,
b3-soak-20260925T055126Z-3e8873cb,0,1568,2026-09-25T06:18:09.853668+00:00,14823586328900,planner_process,319332.0,324112.0,psutil,
b3-soak-20260925T055126Z-3e8873cb,0,1569,2026-09-25T06:18:10.892969+00:00,14824625958100,planner_process,319336.0,324112.0,psutil,
b3-soak-20260925T055126Z-3e8873cb,0,1570,2026-09-25T06:18:11.893981+00:00,14825627069900,planner_process,320808.0,324112.0,psutil,
b3-soak-20260925T055126Z-3e8873cb,0,1571,2026-09-25T06:18:12.922830+00:00,14826655886700,planner_process,322856.0,324112.0,psutil,
b3-soak-20260925T055126Z-3e8873cb,0,1572,2026-09-25T06:18:13.935708+00:00,14827668800900,planner_process,322856.0,324112.0,psutil,
b3-soak-20260925T055126Z-3e8873cb,0,1573,2026-09-25T06:18:14.941198+00:00,14828674024600,planner_process,322856.0,324112.0,psutil,
b3-soak-20260925T055126Z-3e8873cb,0,1574,2026-09-25T06:18:15.973663+00:00,14829706297500,planner_process,319340.0,324112.0,psutil,
b3-soak-20260925T055126Z-3e8873cb,0,1575,2026-09-25T06:18:16.977880+00:00,14830710736600,planner_process,322860.0,324112.0,psutil,
b3-soak-20260925T055126Z-3e8873cb,0,1576,2026-09-25T06:18:17.979597+00:00,14831712847200,planner_process,322860.0,324112.0,psutil,
b3-soak-20260925T055126Z-3e8873cb,0,1577,2026-09-25T06:18:18.990994+00:00,14832724457800,planner_process,319344.0,324112.0,psutil,
b3-soak-20260925T055126Z-3e8873cb,0,1578,2026-09-25T06:18:20.006850+00:00,14833739610200,planner_process,322868.0,324112.0,psutil,
b3-soak-20260925T055126Z-3e8873cb,0,1579,2026-09-25T06:18:21.024903+00:00,14834758469400,planner_process,322876.0,324112.0,psutil,
b3-soak-20260925T055126Z-3e8873cb,0,1580,2026-09-25T06:18:22.043884+00:00,14835777392500,planner_process,322876.0,324112.0,psutil,
b3-soak-20260925T055126Z-3e8873cb,0,1581,2026-09-25T06:18:23.051766+00:00,14836784700100,planner_process,322876.0,324112.0,psutil,
b3-soak-20260925T055126Z-3e8873cb,0,1582,2026-09-25T06:18:24.059783+00:00,14837792589600,planner_process,319356.0,324112.0,psutil,
b3-soak-20260925T055126Z-3e8873cb,0,1583,2026-09-25T06:18:25.102613+00:00,14838836005600,planner_process,319356.0,324112.0,psutil,
b3-soak-20260925T055126Z-3e8873cb,0,1584,2026-09-25T06:18:26.114646+00:00,14839847389700,planner_process,319360.0,324112.0,psutil,
b3-soak-20260925T055126Z-3e8873cb,0,1585,2026-09-25T06:18:27.115719+00:00,14840848555500,planner_process,322908.0,324112.0,psutil,
b3-soak-20260925T055126Z-3e8873cb,0,1586,2026-09-25T06:18:28.128523+00:00,14841861408300,planner_process,319388.0,324112.0,psutil,
b3-soak-20260925T055126Z-3e8873cb,0,1587,2026-09-25T06:18:29.163624+00:00,14842896454400,planner_process,322908.0,324112.0,psutil,
b3-soak-20260925T055126Z-3e8873cb,0,1588,2026-09-25T06:18:30.170599+00:00,14843903659600,planner_process,322908.0,324112.0,psutil,
b3-soak-20260925T055126Z-3e8873cb,0,1589,2026-09-25T06:18:31.183120+00:00,14844916180200,planner_process,322912.0,324112.0,psutil,
b3-soak-20260925T055126Z-3e8873cb,0,1590,2026-09-25T06:18:32.205746+00:00,14845939320700,planner_process,322912.0,324112.0,psutil,
b3-soak-20260925T055126Z-3e8873cb,0,1591,2026-09-25T06:18:33.211804+00:00,14846944588600,planner_process,319392.0,324112.0,psutil,
b3-soak-20260925T055126Z-3e8873cb,0,1592,2026-09-25T06:18:34.226396+00:00,14847959269700,planner_process,322916.0,324112.0,psutil,
b3-soak-20260925T055126Z-3e8873cb,0,1593,2026-09-25T06:18:35.238579+00:00,14848971588000,planner_process,322916.0,324112.0,psutil,
b3-soak-20260925T055126Z-3e8873cb,0,1594,2026-09-25T06:18:36.253157+00:00,14849985960600,planner_process,322920.0,324112.0,psutil,
b3-soak-20260925T055126Z-3e8873cb,0,1595,2026-09-25T06:18:37.265725+00:00,14850998786400,planner_process,319404.0,324112.0,psutil,
b3-soak-20260925T055126Z-3e8873cb,0,1596,2026-09-25T06:18:38.288676+00:00,14852021667100,planner_process,322924.0,324112.0,psutil,
b3-soak-20260925T055126Z-3e8873cb,0,1597,2026-09-25T06:18:39.295021+00:00,14853028439700,planner_process,322928.0,324112.0,psutil,
b3-soak-20260925T055126Z-3e8873cb,0,1598,2026-09-25T06:18:40.308939+00:00,14854041678900,planner_process,322928.0,324112.0,psutil,
b3-soak-20260925T055126Z-3e8873cb,0,1599,2026-09-25T06:18:41.349306+00:00,14855082399400,planner_process,322936.0,324116.0,psutil,
b3-soak-20260925T055126Z-3e8873cb,0,1600,2026-09-25T06:18:42.353344+00:00,14856085967500,planner_process,322936.0,324116.0,psutil,
b3-soak-20260925T055126Z-3e8873cb,0,1601,2026-09-25T06:18:43.367266+00:00,14857100784700,planner_process,319416.0,324116.0,psutil,
b3-soak-20260925T055126Z-3e8873cb,0,1602,2026-09-25T06:18:44.397812+00:00,14858131387900,planner_process,319416.0,324116.0,psutil,
b3-soak-20260925T055126Z-3e8873cb,0,1603,2026-09-25T06:18:45.431735+00:00,14859165118600,planner_process,322936.0,324116.0,psutil,
b3-soak-20260925T055126Z-3e8873cb,0,1604,2026-09-25T06:18:46.445794+00:00,14860179283200,planner_process,322940.0,324120.0,psutil,
b3-soak-20260925T055126Z-3e8873cb,0,1605,2026-09-25T06:18:47.456042+00:00,14861189015400,planner_process,319420.0,324120.0,psutil,
b3-soak-20260925T055126Z-3e8873cb,0,1606,2026-09-25T06:18:48.469099+00:00,14862201990100,planner_process,322940.0,324120.0,psutil,
b3-soak-20260925T055126Z-3e8873cb,0,1607,2026-09-25T06:18:49.482853+00:00,14863216472500,planner_process,322944.0,324124.0,psutil,
b3-soak-20260925T055126Z-3e8873cb,0,1608,2026-09-25T06:18:50.514362+00:00,14864247647200,planner_process,322944.0,324124.0,psutil,
b3-soak-20260925T055126Z-3e8873cb,0,1609,2026-09-25T06:18:51.527578+00:00,14865260419000,planner_process,322948.0,324128.0,psutil,
b3-soak-20260925T055126Z-3e8873cb,0,1610,2026-09-25T06:18:52.542161+00:00,14866275294400,planner_process,322948.0,324128.0,psutil,
b3-soak-20260925T055126Z-3e8873cb,0,1611,2026-09-25T06:18:53.551789+00:00,14867285094000,planner_process,322948.0,324128.0,psutil,
b3-soak-20260925T055126Z-3e8873cb,0,1612,2026-09-25T06:18:54.586486+00:00,14868319810800,planner_process,322948.0,324128.0,psutil,
b3-soak-20260925T055126Z-3e8873cb,0,1613,2026-09-25T06:18:55.597369+00:00,14869330701600,planner_process,322948.0,324128.0,psutil,
b3-soak-20260925T055126Z-3e8873cb,0,1614,2026-09-25T06:18:56.611524+00:00,14870345050300,planner_process,319432.0,324132.0,psutil,
b3-soak-20260925T055126Z-3e8873cb,0,1615,2026-09-25T06:18:57.626268+00:00,14871359046000,planner_process,322952.0,324132.0,psutil,
b3-soak-20260925T055126Z-3e8873cb,0,1616,2026-09-25T06:18:58.648695+00:00,14872382047100,planner_process,322956.0,324136.0,psutil,
b3-soak-20260925T055126Z-3e8873cb,0,1617,2026-09-25T06:18:59.651109+00:00,14873384039800,planner_process,322956.0,324136.0,psutil,
b3-soak-20260925T055126Z-3e8873cb,0,1618,2026-09-25T06:19:00.662116+00:00,14874395429500,planner_process,319440.0,324140.0,psutil,
b3-soak-20260925T055126Z-3e8873cb,0,1619,2026-09-25T06:19:01.674601+00:00,14875407836100,planner_process,319444.0,324144.0,psutil,
b3-soak-20260925T055126Z-3e8873cb,0,1620,2026-09-25T06:19:02.693583+00:00,14876426732100,planner_process,322964.0,324144.0,psutil,
b3-soak-20260925T055126Z-3e8873cb,0,1621,2026-09-25T06:19:03.699981+00:00,14877432809200,planner_process,322964.0,324144.0,psutil,
b3-soak-20260925T055126Z-3e8873cb,0,1622,2026-09-25T06:19:04.728749+00:00,14878461909600,planner_process,319444.0,324144.0,psutil,
b3-soak-20260925T055126Z-3e8873cb,0,1623,2026-09-25T06:19:05.741881+00:00,14879474894700,planner_process,322964.0,324144.0,psutil,
b3-soak-20260925T055126Z-3e8873cb,0,1624,2026-09-25T06:19:06.742392+00:00,14880475377200,planner_process,322968.0,324148.0,psutil,
b3-soak-20260925T055126Z-3e8873cb,0,1625,2026-09-25T06:19:07.756202+00:00,14881489258900,planner_process,322968.0,324148.0,psutil,
b3-soak-20260925T055126Z-3e8873cb,0,1626,2026-09-25T06:19:08.790924+00:00,14882524133900,planner_process,322968.0,324148.0,psutil,
b3-soak-20260925T055126Z-3e8873cb,0,1627,2026-09-25T06:19:09.821734+00:00,14883554647000,planner_process,319448.0,324148.0,psutil,
b3-soak-20260925T055126Z-3e8873cb,0,1628,2026-09-25T06:19:10.854075+00:00,14884587699600,planner_process,322972.0,324152.0,psutil,
b3-soak-20260925T055126Z-3e8873cb,0,1629,2026-09-25T06:19:11.860500+00:00,14885593805600,planner_process,322976.0,324156.0,psutil,
b3-soak-20260925T055126Z-3e8873cb,0,1630,2026-09-25T06:19:12.876404+00:00,14886609846900,planner_process,319456.0,324156.0,psutil,
b3-soak-20260925T055126Z-3e8873cb,0,1631,2026-09-25T06:19:13.899620+00:00,14887632465400,planner_process,319456.0,324156.0,psutil,
b3-soak-20260925T055126Z-3e8873cb,0,1632,2026-09-25T06:19:14.915516+00:00,14888649128600,planner_process,322976.0,324156.0,psutil,
b3-soak-20260925T055126Z-3e8873cb,0,1633,2026-09-25T06:19:15.958711+00:00,14889691494400,planner_process,322980.0,324160.0,psutil,
b3-soak-20260925T055126Z-3e8873cb,0,1634,2026-09-25T06:19:16.964155+00:00,14890696851600,planner_process,319464.0,324164.0,psutil,
b3-soak-20260925T055126Z-3e8873cb,0,1635,2026-09-25T06:19:17.976630+00:00,14891709356400,planner_process,322984.0,324164.0,psutil,
b3-soak-20260925T055126Z-3e8873cb,0,1636,2026-09-25T06:19:18.988901+00:00,14892722230000,planner_process,322984.0,324164.0,psutil,
b3-soak-20260925T055126Z-3e8873cb,0,1637,2026-09-25T06:19:19.997837+00:00,14893730790500,planner_process,322984.0,324164.0,psutil,
b3-soak-20260925T055126Z-3e8873cb,0,1638,2026-09-25T06:19:21.011456+00:00,14894744998800,planner_process,322984.0,324164.0,psutil,
b3-soak-20260925T055126Z-3e8873cb,0,1639,2026-09-25T06:19:22.017931+00:00,14895751526500,planner_process,322992.0,324172.0,psutil,
b3-soak-20260925T055126Z-3e8873cb,0,1640,2026-09-25T06:19:23.051061+00:00,14896784504300,planner_process,319476.0,324176.0,psutil,
b3-soak-20260925T055126Z-3e8873cb,0,1641,2026-09-25T06:19:24.055059+00:00,14897787719400,planner_process,322400.0,324176.0,psutil,
b3-soak-20260925T055126Z-3e8873cb,0,1642,2026-09-25T06:19:25.115491+00:00,14898848520300,planner_process,322996.0,324176.0,psutil,
b3-soak-20260925T055126Z-3e8873cb,0,1643,2026-09-25T06:19:26.131212+00:00,14899864107300,planner_process,319480.0,324180.0,psutil,
b3-soak-20260925T055126Z-3e8873cb,0,1644,2026-09-25T06:19:27.182979+00:00,14900916369700,planner_process,323004.0,324184.0,psutil,
b3-soak-20260925T055126Z-3e8873cb,0,1645,2026-09-25T06:19:28.189810+00:00,14901923481400,planner_process,319484.0,324184.0,psutil,
b3-soak-20260925T055126Z-3e8873cb,0,1646,2026-09-25T06:19:29.239564+00:00,14902972389800,planner_process,319484.0,324184.0,psutil,
b3-soak-20260925T055126Z-3e8873cb,0,1647,2026-09-25T06:19:30.259797+00:00,14903992460600,planner_process,323004.0,324184.0,psutil,
b3-soak-20260925T055126Z-3e8873cb,0,1648,2026-09-25T06:19:31.289708+00:00,14905022713000,planner_process,323004.0,324184.0,psutil,
b3-soak-20260925T055126Z-3e8873cb,0,1649,2026-09-25T06:19:32.290232+00:00,14906023249100,planner_process,323008.0,324188.0,psutil,
b3-soak-20260925T055126Z-3e8873cb,0,1650,2026-09-25T06:19:33.311346+00:00,14907044160500,planner_process,323008.0,324188.0,psutil,
b3-soak-20260925T055126Z-3e8873cb,0,1651,2026-09-25T06:19:34.322769+00:00,14908055952700,planner_process,319492.0,324192.0,psutil,
b3-soak-20260925T055126Z-3e8873cb,0,1652,2026-09-25T06:19:35.345247+00:00,14909077993600,planner_process,323012.0,324192.0,psutil,
b3-soak-20260925T055126Z-3e8873cb,0,1653,2026-09-25T06:19:36.350332+00:00,14910083091800,planner_process,323012.0,324192.0,psutil,
b3-soak-20260925T055126Z-3e8873cb,0,1654,2026-09-25T06:19:37.362058+00:00,14911095493800,planner_process,323016.0,324196.0,psutil,
b3-soak-20260925T055126Z-3e8873cb,0,1655,2026-09-25T06:19:38.376973+00:00,14912109729100,planner_process,323016.0,324196.0,psutil,
b3-soak-20260925T055126Z-3e8873cb,0,1656,2026-09-25T06:19:39.409242+00:00,14913142678600,planner_process,323020.0,324200.0,psutil,
b3-soak-20260925T055126Z-3e8873cb,0,1657,2026-09-25T06:19:40.420078+00:00,14914153132600,planner_process,323024.0,324204.0,psutil,
b3-soak-20260925T055126Z-3e8873cb,0,1658,2026-09-25T06:19:41.442003+00:00,14915174954100,planner_process,323024.0,324204.0,psutil,
b3-soak-20260925T055126Z-3e8873cb,0,1659,2026-09-25T06:19:42.454859+00:00,14916187638000,planner_process,319508.0,324208.0,psutil,
b3-soak-20260925T055126Z-3e8873cb,0,1660,2026-09-25T06:19:43.462566+00:00,14917195396100,planner_process,323028.0,324208.0,psutil,
b3-soak-20260925T055126Z-3e8873cb,0,1661,2026-09-25T06:19:44.486315+00:00,14918219305800,planner_process,323028.0,324208.0,psutil,
b3-soak-20260925T055126Z-3e8873cb,0,1662,2026-09-25T06:19:45.494361+00:00,14919227041700,planner_process,323028.0,324208.0,psutil,
b3-soak-20260925T055126Z-3e8873cb,0,1663,2026-09-25T06:19:46.503039+00:00,14920236218100,planner_process,319508.0,324208.0,psutil,
b3-soak-20260925T055126Z-3e8873cb,0,1664,2026-09-25T06:19:47.519553+00:00,14921253168900,planner_process,319512.0,324212.0,psutil,
b3-soak-20260925T055126Z-3e8873cb,0,1665,2026-09-25T06:19:48.565329+00:00,14922298897900,planner_process,323032.0,324212.0,psutil,
b3-soak-20260925T055126Z-3e8873cb,0,1666,2026-09-25T06:19:49.575977+00:00,14923308974700,planner_process,320984.0,324212.0,psutil,
b3-soak-20260925T055126Z-3e8873cb,0,1667,2026-09-25T06:19:50.587875+00:00,14924321314300,planner_process,323032.0,324212.0,psutil,
b3-soak-20260925T055126Z-3e8873cb,0,1668,2026-09-25T06:19:51.591638+00:00,14925324656600,planner_process,319516.0,324216.0,psutil,
b3-soak-20260925T055126Z-3e8873cb,0,1669,2026-09-25T06:19:52.608510+00:00,14926342086700,planner_process,323040.0,324220.0,psutil,
b3-soak-20260925T055126Z-3e8873cb,0,1670,2026-09-25T06:19:53.634025+00:00,14927367257400,planner_process,323040.0,324220.0,psutil,
b3-soak-20260925T055126Z-3e8873cb,0,1671,2026-09-25T06:19:54.658759+00:00,14928392027100,planner_process,319520.0,324220.0,psutil,
b3-soak-20260925T055126Z-3e8873cb,0,1672,2026-09-25T06:19:55.667210+00:00,14929399946900,planner_process,323040.0,324220.0,psutil,
b3-soak-20260925T055126Z-3e8873cb,0,1673,2026-09-25T06:19:56.680370+00:00,14930413430600,planner_process,323044.0,324224.0,psutil,
b3-soak-20260925T055126Z-3e8873cb,0,1674,2026-09-25T06:19:57.694361+00:00,14931427886200,planner_process,323048.0,324228.0,psutil,
b3-soak-20260925T055126Z-3e8873cb,0,1675,2026-09-25T06:19:58.706934+00:00,14932439635400,planner_process,323048.0,324228.0,psutil,
b3-soak-20260925T055126Z-3e8873cb,0,1676,2026-09-25T06:19:59.722851+00:00,14933456067600,planner_process,323048.0,324228.0,psutil,
b3-soak-20260925T055126Z-3e8873cb,0,1677,2026-09-25T06:20:00.750320+00:00,14934483082500,planner_process,323052.0,324232.0,psutil,
b3-soak-20260925T055126Z-3e8873cb,0,1678,2026-09-25T06:20:01.756404+00:00,14935489567900,planner_process,323052.0,324232.0,psutil,
b3-soak-20260925T055126Z-3e8873cb,0,1679,2026-09-25T06:20:02.765297+00:00,14936498730200,planner_process,323056.0,324236.0,psutil,
b3-soak-20260925T055126Z-3e8873cb,0,1680,2026-09-25T06:20:03.782309+00:00,14937515846000,planner_process,319536.0,324236.0,psutil,
b3-soak-20260925T055126Z-3e8873cb,0,1681,2026-09-25T06:20:04.791956+00:00,14938524734500,planner_process,319536.0,324236.0,psutil,
b3-soak-20260925T055126Z-3e8873cb,0,1682,2026-09-25T06:20:05.818188+00:00,14939551387000,planner_process,323056.0,324236.0,psutil,
b3-soak-20260925T055126Z-3e8873cb,0,1683,2026-09-25T06:20:06.880643+00:00,14940613304800,planner_process,323056.0,324236.0,psutil,
b3-soak-20260925T055126Z-3e8873cb,0,1684,2026-09-25T06:20:07.888609+00:00,14941621662100,planner_process,319540.0,324240.0,psutil,
b3-soak-20260925T055126Z-3e8873cb,0,1685,2026-09-25T06:20:08.906169+00:00,14942639088000,planner_process,319540.0,324240.0,psutil,
b3-soak-20260925T055126Z-3e8873cb,0,1686,2026-09-25T06:20:09.923897+00:00,14943657354200,planner_process,319540.0,324240.0,psutil,
b3-soak-20260925T055126Z-3e8873cb,0,1687,2026-09-25T06:20:10.927584+00:00,14944660503700,planner_process,323068.0,324248.0,psutil,
b3-soak-20260925T055126Z-3e8873cb,0,1688,2026-09-25T06:20:11.942321+00:00,14945675430400,planner_process,323068.0,324248.0,psutil,
b3-soak-20260925T055126Z-3e8873cb,0,1689,2026-09-25T06:20:12.947634+00:00,14946680620200,planner_process,319552.0,324252.0,psutil,
b3-soak-20260925T055126Z-3e8873cb,0,1690,2026-09-25T06:20:13.961543+00:00,14947694621600,planner_process,319556.0,324256.0,psutil,
b3-soak-20260925T055126Z-3e8873cb,0,1691,2026-09-25T06:20:14.963851+00:00,14948696583600,planner_process,323076.0,324256.0,psutil,
b3-soak-20260925T055126Z-3e8873cb,0,1692,2026-09-25T06:20:15.974886+00:00,14949708394700,planner_process,319556.0,324256.0,psutil,
b3-soak-20260925T055126Z-3e8873cb,0,1693,2026-09-25T06:20:16.988098+00:00,14950721122400,planner_process,323076.0,324256.0,psutil,
b3-soak-20260925T055126Z-3e8873cb,0,1694,2026-09-25T06:20:18.033401+00:00,14951767012100,planner_process,323080.0,324260.0,psutil,
b3-soak-20260925T055126Z-3e8873cb,0,1695,2026-09-25T06:20:19.070581+00:00,14952803807000,planner_process,319560.0,324260.0,psutil,
b3-soak-20260925T055126Z-3e8873cb,0,1696,2026-09-25T06:20:20.085241+00:00,14953818314000,planner_process,323084.0,324264.0,psutil,
b3-soak-20260925T055126Z-3e8873cb,0,1697,2026-09-25T06:20:21.097803+00:00,14954830972600,planner_process,323084.0,324264.0,psutil,
b3-soak-20260925T055126Z-3e8873cb,0,1698,2026-09-25T06:20:22.100108+00:00,14955833238300,planner_process,323084.0,324264.0,psutil,
b3-soak-20260925T055126Z-3e8873cb,0,1699,2026-09-25T06:20:23.109241+00:00,14956842590800,planner_process,319568.0,324268.0,psutil,
b3-soak-20260925T055126Z-3e8873cb,0,1700,2026-09-25T06:20:24.126639+00:00,14957860138800,planner_process,323088.0,324268.0,psutil,
b3-soak-20260925T055126Z-3e8873cb,0,1701,2026-09-25T06:20:25.135889+00:00,14958869196000,planner_process,323088.0,324268.0,psutil,
b3-soak-20260925T055126Z-3e8873cb,0,1702,2026-09-25T06:20:26.155758+00:00,14959889052300,planner_process,323088.0,324268.0,psutil,
b3-soak-20260925T055126Z-3e8873cb,0,1703,2026-09-25T06:20:27.166483+00:00,14960899548500,planner_process,323088.0,324268.0,psutil,
b3-soak-20260925T055126Z-3e8873cb,0,1704,2026-09-25T06:20:28.181468+00:00,14961914797500,planner_process,323092.0,324272.0,psutil,
b3-soak-20260925T055126Z-3e8873cb,0,1705,2026-09-25T06:20:29.199434+00:00,14962932637700,planner_process,323096.0,324276.0,psutil,
b3-soak-20260925T055126Z-3e8873cb,0,1706,2026-09-25T06:20:30.216543+00:00,14963949636400,planner_process,319580.0,324280.0,psutil,
b3-soak-20260925T055126Z-3e8873cb,0,1707,2026-09-25T06:20:31.244661+00:00,14964977932200,planner_process,319580.0,324280.0,psutil,
b3-soak-20260925T055126Z-3e8873cb,0,1708,2026-09-25T06:20:32.266933+00:00,14965999743200,planner_process,319580.0,324280.0,psutil,
b3-soak-20260925T055126Z-3e8873cb,0,1709,2026-09-25T06:20:33.278233+00:00,14967011178600,planner_process,319584.0,324284.0,psutil,
b3-soak-20260925T055126Z-3e8873cb,0,1710,2026-09-25T06:20:34.293846+00:00,14968027289200,planner_process,323108.0,324288.0,psutil,
b3-soak-20260925T055126Z-3e8873cb,0,1711,2026-09-25T06:20:35.329738+00:00,14969062491300,planner_process,323108.0,324288.0,psutil,
b3-soak-20260925T055126Z-3e8873cb,0,1712,2026-09-25T06:20:36.334775+00:00,14970068279300,planner_process,323108.0,324288.0,psutil,
b3-soak-20260925T055126Z-3e8873cb,0,1713,2026-09-25T06:20:37.351509+00:00,14971084370500,planner_process,323108.0,324288.0,psutil,
b3-soak-20260925T055126Z-3e8873cb,0,1714,2026-09-25T06:20:38.362373+00:00,14972095864800,planner_process,323112.0,324292.0,psutil,
b3-soak-20260925T055126Z-3e8873cb,0,1715,2026-09-25T06:20:39.388731+00:00,14973121524700,planner_process,323112.0,324292.0,psutil,
b3-soak-20260925T055126Z-3e8873cb,0,1716,2026-09-25T06:20:40.398560+00:00,14974132003400,planner_process,323112.0,324292.0,psutil,
b3-soak-20260925T055126Z-3e8873cb,0,1717,2026-09-25T06:20:41.402120+00:00,14975135293900,planner_process,319596.0,324296.0,psutil,
b3-soak-20260925T055126Z-3e8873cb,0,1718,2026-09-25T06:20:42.415104+00:00,14976148471300,planner_process,323116.0,324296.0,psutil,
b3-soak-20260925T055126Z-3e8873cb,0,1719,2026-09-25T06:20:43.424601+00:00,14977157721700,planner_process,323120.0,324300.0,psutil,
b3-soak-20260925T055126Z-3e8873cb,0,1720,2026-09-25T06:20:44.473208+00:00,14978206219200,planner_process,323120.0,324300.0,psutil,
b3-soak-20260925T055126Z-3e8873cb,0,1721,2026-09-25T06:20:45.485967+00:00,14979219407800,planner_process,323120.0,324300.0,psutil,
b3-soak-20260925T055126Z-3e8873cb,0,1722,2026-09-25T06:20:46.499436+00:00,14980232745500,planner_process,319600.0,324300.0,psutil,
b3-soak-20260925T055126Z-3e8873cb,0,1723,2026-09-25T06:20:47.515365+00:00,14981248273500,planner_process,319608.0,324308.0,psutil,
b3-soak-20260925T055126Z-3e8873cb,0,1724,2026-09-25T06:20:48.533070+00:00,14982266298200,planner_process,319612.0,324312.0,psutil,
b3-soak-20260925T055126Z-3e8873cb,0,1725,2026-09-25T06:20:49.567991+00:00,14983301271100,planner_process,319612.0,324312.0,psutil,
b3-soak-20260925T055126Z-3e8873cb,0,1726,2026-09-25T06:20:50.574975+00:00,14984307742800,planner_process,319612.0,324312.0,psutil,
b3-soak-20260925T055126Z-3e8873cb,0,1727,2026-09-25T06:20:51.611767+00:00,14985344893200,planner_process,319612.0,324312.0,psutil,
b3-soak-20260925T055126Z-3e8873cb,0,1728,2026-09-25T06:20:52.616903+00:00,14986350206200,planner_process,319612.0,324312.0,psutil,
b3-soak-20260925T055126Z-3e8873cb,0,1729,2026-09-25T06:20:53.632713+00:00,14987365772800,planner_process,319616.0,324316.0,psutil,
b3-soak-20260925T055126Z-3e8873cb,0,1730,2026-09-25T06:20:54.650460+00:00,14988383589300,planner_process,319616.0,324316.0,psutil,
b3-soak-20260925T055126Z-3e8873cb,0,1731,2026-09-25T06:20:55.659386+00:00,14989392396800,planner_process,319616.0,324316.0,psutil,
b3-soak-20260925T055126Z-3e8873cb,0,1732,2026-09-25T06:20:56.691438+00:00,14990424398800,planner_process,319616.0,324316.0,psutil,
b3-soak-20260925T055126Z-3e8873cb,0,1733,2026-09-25T06:20:57.699854+00:00,14991432879600,planner_process,319616.0,324316.0,psutil,
b3-soak-20260925T055126Z-3e8873cb,0,1734,2026-09-25T06:20:58.746629+00:00,14992479794900,planner_process,323144.0,324324.0,psutil,
b3-soak-20260925T055126Z-3e8873cb,0,1735,2026-09-25T06:20:59.759111+00:00,14993492119600,planner_process,323148.0,324328.0,psutil,
b3-soak-20260925T055126Z-3e8873cb,0,1736,2026-09-25T06:21:00.772138+00:00,14994505611900,planner_process,319628.0,324328.0,psutil,
b3-soak-20260925T055126Z-3e8873cb,0,1737,2026-09-25T06:21:01.786470+00:00,14995519437800,planner_process,323148.0,324328.0,psutil,
b3-soak-20260925T055126Z-3e8873cb,0,1738,2026-09-25T06:21:02.797532+00:00,14996530542000,planner_process,319628.0,324328.0,psutil,
b3-soak-20260925T055126Z-3e8873cb,0,1739,2026-09-25T06:21:03.809646+00:00,14997543141200,planner_process,323152.0,324332.0,psutil,
b3-soak-20260925T055126Z-3e8873cb,0,1740,2026-09-25T06:21:04.844796+00:00,14998578205600,planner_process,323152.0,324332.0,psutil,
b3-soak-20260925T055126Z-3e8873cb,0,1741,2026-09-25T06:21:05.851010+00:00,14999584033600,planner_process,323156.0,324336.0,psutil,
b3-soak-20260925T055126Z-3e8873cb,0,1742,2026-09-25T06:21:06.863395+00:00,15000596671200,planner_process,319636.0,324336.0,psutil,
b3-soak-20260925T055126Z-3e8873cb,0,1743,2026-09-25T06:21:07.873644+00:00,15001606400100,planner_process,319636.0,324336.0,psutil,
b3-soak-20260925T055126Z-3e8873cb,0,1744,2026-09-25T06:21:08.888467+00:00,15002621628200,planner_process,323160.0,324340.0,psutil,
b3-soak-20260925T055126Z-3e8873cb,0,1745,2026-09-25T06:21:09.923203+00:00,15003656645400,planner_process,319640.0,324340.0,psutil,
b3-soak-20260925T055126Z-3e8873cb,0,1746,2026-09-25T06:21:10.961650+00:00,15004694346200,planner_process,319640.0,324340.0,psutil,
b3-soak-20260925T055126Z-3e8873cb,0,1747,2026-09-25T06:21:11.970068+00:00,15005703116100,planner_process,323160.0,324340.0,psutil,
b3-soak-20260925T055126Z-3e8873cb,0,1748,2026-09-25T06:21:12.985078+00:00,15006718233400,planner_process,323160.0,324340.0,psutil,
b3-soak-20260925T055126Z-3e8873cb,0,1749,2026-09-25T06:21:14.032880+00:00,15007765885200,planner_process,319644.0,324344.0,psutil,
b3-soak-20260925T055126Z-3e8873cb,0,1750,2026-09-25T06:21:15.050470+00:00,15008783212700,planner_process,319644.0,324344.0,psutil,
b3-soak-20260925T055126Z-3e8873cb,0,1751,2026-09-25T06:21:16.065863+00:00,15009798996700,planner_process,319644.0,324344.0,psutil,
b3-soak-20260925T055126Z-3e8873cb,0,1752,2026-09-25T06:21:17.066460+00:00,15010799826500,planner_process,323168.0,324348.0,psutil,
b3-soak-20260925T055126Z-3e8873cb,0,1753,2026-09-25T06:21:18.078134+00:00,15011811005200,planner_process,323168.0,324348.0,psutil,
b3-soak-20260925T055126Z-3e8873cb,0,1754,2026-09-25T06:21:19.102632+00:00,15012835358400,planner_process,323172.0,324352.0,psutil,
b3-soak-20260925T055126Z-3e8873cb,0,1755,2026-09-25T06:21:20.107490+00:00,15013840343000,planner_process,323176.0,324356.0,psutil,
b3-soak-20260925T055126Z-3e8873cb,0,1756,2026-09-25T06:21:21.124762+00:00,15014857599100,planner_process,323176.0,324356.0,psutil,
b3-soak-20260925T055126Z-3e8873cb,0,1757,2026-09-25T06:21:22.126631+00:00,15015859434400,planner_process,323176.0,324356.0,psutil,
b3-soak-20260925T055126Z-3e8873cb,0,1758,2026-09-25T06:21:23.165239+00:00,15016898267100,planner_process,319660.0,324360.0,psutil,
b3-soak-20260925T055126Z-3e8873cb,0,1759,2026-09-25T06:21:24.166993+00:00,15017899918900,planner_process,319664.0,324364.0,psutil,
b3-soak-20260925T055126Z-3e8873cb,0,1760,2026-09-25T06:21:25.180904+00:00,15018913928700,planner_process,323184.0,324364.0,psutil,
b3-soak-20260925T055126Z-3e8873cb,0,1761,2026-09-25T06:21:26.196713+00:00,15019930202300,planner_process,319664.0,324364.0,psutil,
b3-soak-20260925T055126Z-3e8873cb,0,1762,2026-09-25T06:21:27.208906+00:00,15020941574000,planner_process,323184.0,324364.0,psutil,
b3-soak-20260925T055126Z-3e8873cb,0,1763,2026-09-25T06:21:28.226409+00:00,15021959878300,planner_process,319664.0,324364.0,psutil,
b3-soak-20260925T055126Z-3e8873cb,0,1764,2026-09-25T06:21:29.251057+00:00,15022984127100,planner_process,323188.0,324368.0,psutil,
b3-soak-20260925T055126Z-3e8873cb,0,1765,2026-09-25T06:21:30.263916+00:00,15023996790100,planner_process,323188.0,324368.0,psutil,
b3-soak-20260925T055126Z-3e8873cb,0,1766,2026-09-25T06:21:31.277333+00:00,15025010841600,planner_process,319668.0,324368.0,psutil,
b3-soak-20260925T055126Z-3e8873cb,0,1767,2026-09-25T06:21:32.293189+00:00,15026026133700,planner_process,323188.0,324368.0,psutil,
b3-soak-20260925T055126Z-3e8873cb,0,1768,2026-09-25T06:21:33.329677+00:00,15027062628500,planner_process,323192.0,324372.0,psutil,
b3-soak-20260925T055126Z-3e8873cb,0,1769,2026-09-25T06:21:34.333740+00:00,15028067014400,planner_process,323196.0,324376.0,psutil,
b3-soak-20260925T055126Z-3e8873cb,0,1770,2026-09-25T06:21:35.346323+00:00,15029079822500,planner_process,323196.0,324376.0,psutil,
b3-soak-20260925T055126Z-3e8873cb,0,1771,2026-09-25T06:21:35.372331+00:00,15029105372300,planner_process,323172.0,324376.0,psutil,
